provider,role,offering_type,price_low,price_high,currency,unit,hours_included,source_url,capture_date,verification,source_pass,notes
172 Tech,CPO,retainer,,,,,,https://172tech.com/services/fractional-cpo.html,2026-08-21,browser_verified,cpo-expansion,"No published price found at capture. Page mentions ""$5,000-$15,000/month"" but this is explicitly framed as industry standard context, not 172 Tech's own pricing. Opened and read in a browser during the full-coverage pass of 2026-08-21; no first-party price on the page."
2Go Advisory Group (COOs2Go),COO,retainer,,,,,,https://www.2goadvisorygroup.com/coos2go-operations,2026-08-20,browser_verified,coo,"No published price found at capture. Offers fractional, interim, and project-based COO leadership. Opened and read in a browser during the full-coverage pass of 2026-08-21; no first-party price on the page."
2Go Advisory Group (COOs2Go),multi,retainer,,,,,,https://www.2goadvisorygroup.com/,2026-08-20,browser_verified,fractional-cohort,No published price found in stage-one screening of the homepage and its pricing-linked pages. Opened and read in a browser during the full-coverage pass of 2026-08-21; no first-party price on the page.
31 Consulting,COO,retainer,,,,,,https://www.31consulting.net/,2026-08-20,browser_verified,fractional-cohort,No published price found in stage-one screening of the homepage and its pricing-linked pages. Opened and read in a browser during the full-coverage pass of 2026-08-21; no first-party price on the page.
4V Services,CTO,retainer,,,,,,https://www.4vservices.com/,2026-08-20,browser_verified,fractional-cohort,No published price found in stage-one screening of the homepage and its pricing-linked pages. Opened and read in a browser during the full-coverage pass of 2026-08-21; no first-party price on the page.
5FT View Consulting,multi,marketplace_match,397,3697,USD,per_month,1-12 hrs/month,https://5ftview.com/fractional-executive-services/,2026-08-20,browser_verified,fractional-cohort,"On-Demand Expert Subscription. Provider publishes a full rate table by number of experts and total hours per month: $397 (1 expert/1 hr) through $3,697 (3 experts/12 hrs). Band recorded from that table. A separate claim on the same page that ""A fractional CFO engagement typically costs between $5,000 and $15,000 per month"" is a third-party market estimate attributed to a Robert Half salary guide, not this provider price, and is excluded. Browser-verified."
621 Consulting,CMO,retainer,,,,,,https://www.621consulting.com/,2026-08-20,browser_verified,fractional-cohort,No published price found in stage-one screening of the homepage and its pricing-linked pages. Opened and read in a browser during the full-coverage pass of 2026-08-21; no first-party price on the page.
7CTOs,CTO,retainer,,,,,,https://7ctos.com/,2026-08-20,blocked,cto,Server returns HTTP 403 blocking automated fetches. Browser verification needed. Reported to have a proprietary rate calculator.
8 SIGNAL,CMO,retainer,,,,,,https://8signal.com/,2026-08-20,browser_verified,fractional-cohort,No published price found in stage-one screening of the homepage and its pricing-linked pages. Opened and read in a browser during the full-coverage pass of 2026-08-21; no first-party price on the page.
8-Figure CPO,CPO,retainer,5000,10000,USD,per_month,,https://www.8figurecpo.com/pricing,2026-08-20,browser_verified,cpo-expansion,"Three-month embedded engagement priced per month, published verbatim as ""USD 10,000 USD 5,000 USD 5,000"" against Month 1 / Month 2 / Month 3. Recorded as one engagement with a 10,000 first month and 5,000 in months 2 and 3; the figures are not averaged. An optional Strategic Advisory Support tier after the initial three months carries no published figure. Recovered by the upgraded detector: this provider writes the currency AFTER the number, which a symbol-only pass missed."
941 Consulting,CTO,retainer,2499,,GBP,per_month,2 days/month,https://941consulting.com/en/fractional-cto-pricing/,2026-08-20,browser_verified,stage2-2026-08-20,"Foundation tier, published verbatim as ""Foundation £2,499 /month 2 Days/Month"" with a Get Started CTA. Browser-verified."
941 Consulting,CTO,retainer,4799,,GBP,per_month,1 day/week,https://941consulting.com/en/fractional-cto-pricing/,2026-08-20,browser_verified,stage2-2026-08-20,"Momentum tier (MOST POPULAR), published as ""£4,799 /month 1 Day/Week"". Browser-verified."
941 Consulting,CTO,retainer,699,,GBP,per_month,,https://941consulting.com/en/fractional-cto-pricing/,2026-08-20,browser_verified,stage2-2026-08-20,"Async advisory, published as ""async advice from £699/month"". Floor only. The page TL;DR also states UK market day-rate bands, which are market claims and are excluded. Browser-verified."
941 Consulting,CTO,retainer,9599,,GBP,per_month,2 days/week,https://941consulting.com/en/fractional-cto-pricing/,2026-08-20,browser_verified,stage2-2026-08-20,"Breakthrough tier, published as ""£9,599 /month 2 Days/Week"". Browser-verified."
A Fractional CFO,CFO,retainer,,,,,,https://afractionalcfo.com/,2026-08-21,browser_verified,cfo,"No published price found at capture. States ""tailor our approach to each engagement so that you only pay for exactly what you want and need"". Custom pricing. Opened and read in a browser during the full-coverage pass of 2026-08-21; no first-party price on the page."
A.Team,CTO,marketplace_match,,,,,,https://www.a.team/,2026-08-20,browser_verified,cto,"No published CTO rate. Marketplace. Platform markup published as ""about 16 to 20 percent stated up front."" CTO benchmarks ($4K-$40K/mo) on guides page positioned as market data not own pricing. Agent-screened. Opened and read in a browser during the full-coverage pass of 2026-08-21; no first-party price on the page."
A.Team,CMO,marketplace_match,,,,,,https://a.team/,2026-08-20,browser_verified,cmo,No published CMO-specific rate. Team assembly marketplace. Opened and read in a browser during the full-coverage pass of 2026-08-21; no first-party price on the page.
Aaron Wolff Consulting,COO,retainer,,,,,,https://www.aaronwolff.com/,2026-08-20,browser_verified,fractional-cohort,No published price found in stage-one screening of the homepage and its pricing-linked pages. Opened and read in a browser during the full-coverage pass of 2026-08-21; no first-party price on the page.
Aaron Zakowski,CMO,retainer,2500,,USD,per_month,,https://aaronzakowski.com/pricing/,2026-08-20,browser_verified,cmo,"Growth Advisory Package. Published verbatim as ""Starting at $2500/month"". Weekly strategy calls. 3-month minimum commitment. Floor only. Browser-verified."
Aaron Zakowski,CMO,retainer,7000,,USD,per_month,~25 hours/month,https://aaronzakowski.com/pricing/,2026-08-20,browser_verified,cmo,"Fractional Chief Marketing Officer. Published verbatim as ""Starting at $7000/month"" with ""About 25 hours per month inside your business"". Floor only. Browser-verified."
ABC Brand / Design,CMO,retainer,,,,,,https://www.abcbranddesign.com/,2026-08-20,browser_verified,fractional-cohort,No published price found in stage-one screening of the homepage and its pricing-linked pages. Opened and read in a browser during the full-coverage pass of 2026-08-21; no first-party price on the page.
Abletech,CTO,retainer,,,,,,https://abletech.nz/services/fractionalcto/,2026-08-20,browser_verified,cto,No published price found at capture. New Zealand (Wellington). Agent-screened. Opened and read in a browser during the full-coverage pass of 2026-08-21; no first-party price on the page.
ABN Australia,COO,retainer,,,,,,https://abnaustralia.com.au/solutions/fractional-coo-services,2026-08-20,browser_verified,coo,No published price found at capture. Australian fractional COO provider. Opened and read in a browser during the full-coverage pass of 2026-08-21; no first-party price on the page.
Accelerating Product,CPO,retainer,,,,,,https://www.acceleratingproduct.com/services/consultingfractional,2026-08-21,browser_verified,cpo-expansion,"No published price found at capture. Individual practitioner (Renee Davis). Offers monthly retainer, fixed-scope projects, workshops, hourly freelance. States ""Pricing based on complexity of work."" Opened and read in a browser during the full-coverage pass of 2026-08-21; no first-party price on the page."
Account Makers,multi,retainer,,,,,,https://accountmakers.com/,2026-08-20,browser_verified,queue-2026-08-20,No published price found on the homepage or its pricing-linked pages. Opened and read in a browser during the full-coverage pass of 2026-08-21; no first-party price on the page.
Accretive Marketing,CMO,retainer,500,,USD,per_month,,https://accretive.marketing/,2026-08-20,browser_verified,stage2-2026-08-20,"Light Touch Strategic Advisory, published as ""$500 / month Monthly strategy calls and ongoing advisory"". Browser-verified."
Accretive Marketing,CMO,retainer,5000,,USD,per_month,,https://accretive.marketing/,2026-08-20,browser_verified,stage2-2026-08-20,"Fractional CMO, published as ""Fractional CMO $5,000+ / month"". Floor only. Browser-verified."
Accretive Marketing,CMO,project,5000,,USD,fixed_fee_per_project,30-45 days,https://accretive.marketing/,2026-08-20,browser_verified,stage2-2026-08-20,"Revenue Engine in 45 Days, published as ""$5,000 starting"". Browser-verified."
Achieve CMO,CMO,retainer,,,,,,https://achievecmo.com/,2026-08-20,browser_verified,cmo,No published own rate. Premium fractional marketing leadership for sales-driven growth companies. Opened and read in a browser during the full-coverage pass of 2026-08-21; no first-party price on the page.
Achieve CMO,multi,retainer,,,,,,https://achievecmo.com/,2026-08-20,browser_verified,fractional-cohort,No published price found in stage-one screening of the homepage and its pricing-linked pages. Opened and read in a browser during the full-coverage pass of 2026-08-21; no first-party price on the page.
ACP Enlightening,COO,retainer,,,,,,https://acpenlightening.com/,2026-08-20,browser_verified,fractional-cohort,No published price found in stage-one screening of the homepage and its pricing-linked pages. Opened and read in a browser during the full-coverage pass of 2026-08-21; no first-party price on the page.
ActivatedScale,other,retainer,,,,,,https://www.activatedscale.com/pricing,2026-08-20,out_of_scope,queue-2026-08-20,"Publishes real fractional prices, browser-confirmed: ""$4,000 - $5,000 per month + Commission"" for a fractional SDR or BDR and ""$4,500 - $7,500 per month + Commission"" for a fractional Account Executive. These are individual-contributor sales roles, not C-suite functions, so they fall outside the inclusion criteria in methodology section 2. Recorded as out of scope rather than as an executive rate."
Actuation Consulting,CPO,retainer,,,,,,https://actuationconsulting.com/,2026-08-21,browser_verified,cpo-expansion,"No published price found at capture. Boutique firm (founded 2007, led by Greg Geracie). Offers ""Interim Head of Product Management Support"" for transitions, vacancies, and restructuring. Opened and read in a browser during the full-coverage pass of 2026-08-21; no first-party price on the page."
AdalithLabs,CTO,project,1197,,USD,fixed_fee_per_project,2-3 hours over one week,https://www.adalithlabs.com/,2026-08-20,browser_verified,fractional-cohort,"Productised package for Consultants, Agencies & Service Providers, published verbatim as ""$1,197"", described as ""2-3 hours over one week"" of client time. Scope note: a productised engagement fee, not a fractional executive retainer."
AdalithLabs,CTO,project,2997,,USD,fixed_fee_per_project,2-3 hours over one week,https://www.adalithlabs.com/,2026-08-20,browser_verified,fractional-cohort,"Productised package for Seed to Series A Startups and Scaleups, published verbatim as ""$2,997"", described as ""2-3 hours over one week"" of client time. A ""Referral Partner Ecosystem ($397)"" add-on is priced separately. Scope note: a productised engagement fee, not a fractional executive retainer."
Add Jam,CTO,retainer,,,,,,https://addjam.com/services/fractional-cto/,2026-08-20,browser_verified,cto,No published price found at capture. UK (Glasgow Scotland). Boutique agency. Agent-screened. Opened and read in a browser during the full-coverage pass of 2026-08-21; no first-party price on the page.
Adea Company Inc.,CFO,retainer,,,,,,https://adeacompany.com/,2026-08-20,browser_verified,fractional-cohort,No published price found in stage-one screening of the homepage and its pricing-linked pages. Opened and read in a browser during the full-coverage pass of 2026-08-21; no first-party price on the page.
Adriano Junior,CTO,retainer,,,USD,per_month,~20 hours/week,https://www.adriano-junior.com/fractional-cto-cost-2026,2026-08-20,browser_verified,cto,"Embedded tier. Published as ""about twenty hours a week priced on scope."" No fixed rate stated. WebFetch-verified. Opened and read in a browser during the full-coverage pass of 2026-08-21; no first-party price on the page."
Adriano Junior,CTO,retainer,5499,,USD,per_month,4-6 hrs/week,https://www.adriano-junior.com/fractional-cto-cost-2026,2026-08-20,browser_verified,stage2-2026-08-20,"CTO Advisory, from the ""My own fractional pricing"" section: ""about four to six hours a week, $5,499/mo"". The article market band of $2,000-$25,000 is a market claim and is excluded. Browser-verified."
Adriano Junior,CTO,retainer,9499,,USD,per_month,10-15 hrs/week,https://www.adriano-junior.com/fractional-cto-cost-2026,2026-08-20,browser_verified,stage2-2026-08-20,"Fractional CTO tier, published as ""about ten to fifteen hours a week, $9,499/mo"". Embedded tier is priced on scope with no figure. Browser-verified."
Agasoft Israel,CTO,retainer,,,,,,https://www.agasoft.co.il/en/,2026-08-20,browser_verified,cto,No published price found at capture. Israel. 25+ years experience 100+ projects. Agent-screened. Opened and read in a browser during the full-coverage pass of 2026-08-21; no first-party price on the page.
Agave Financial Services,CFO,retainer,,,,,,https://www.agavefinancialservices.com/,2026-08-20,browser_verified,fractional-cohort,No published price found in stage-one screening of the homepage and its pricing-linked pages. Opened and read in a browser during the full-coverage pass of 2026-08-21; no first-party price on the page.
Agicent,CTO,retainer,,,,,,https://www.agicent.com/,2026-08-20,browser_verified,stage2-2026-08-20,"An automated screening pass flagged a price. Browser verification found only app-development pricing (""Dev Team @ $2900"", ""$20/hour for App Development""), which is software development, not a fractional executive rate. No executive price published. A headline statistic rendered as ""$0M"", a JavaScript counter that did not resolve. Opened and read in a browser during the full-coverage pass of 2026-08-21; no first-party price on the page."
Agile Reasoning,CTO,retainer,,,,,,https://www.agilereasoning.com/,2026-08-20,browser_verified,fractional-cohort,No published price found in stage-one screening of the homepage and its pricing-linked pages. Opened and read in a browser during the full-coverage pass of 2026-08-21; no first-party price on the page.
AGR Networks,CTO,retainer,,,,,,https://agrnetworks.com/solutions/cto-as-a-service,2026-08-20,browser_verified,cto,No published price found at capture. Singapore. Three tiers by hours (8/16/32 hrs/month) but no dollar amounts. Agent-screened. Opened and read in a browser during the full-coverage pass of 2026-08-21; no first-party price on the page.
Aijutsu,CTO,project,1000,,SGD,per_project,1-4 weeks,https://aijutsu.dev/,2026-08-20,browser_verified,stage2-2026-08-20,"Quest published as ""PRICE >= $1,000 SGD"", 1-4 weeks. Floor only. Browser-verified."
Aijutsu,CTO,project,12000,,SGD,per_project,2-12 weeks,https://aijutsu.dev/,2026-08-20,browser_verified,stage2-2026-08-20,"Adoption sprint published as ""PRICE >= $12,000 SGD negotiable"". Browser-verified."
Aijutsu,CTO,project,8000,,SGD,per_project,2-3 weeks,https://aijutsu.dev/,2026-08-20,browser_verified,stage2-2026-08-20,"Readiness sprint published as ""PRICE >= $8,000 SGD negotiable"". Browser-verified."
AIWise,CTO,retainer,,,,,,https://aiwise.com.au/services/fractional-cto/,2026-08-20,browser_verified,stage2-2026-08-20,An automated screening pass flagged a price. No currency figure occurs anywhere in the browser-rendered page. No figure is attributed to this provider. Opened and read in a browser during the full-coverage pass of 2026-08-21; no first-party price on the page.
Alex Lockey,COO,retainer,,,,,,https://www.alexlockey.com/,2026-08-20,browser_verified,coo,No published own price. UK independent fractional operating partner. Opened and read in a browser during the full-coverage pass of 2026-08-21; no first-party price on the page.
ALFEE Consulting,CMO,retainer,,,,,,https://www.alfeeconsulting.com/,2026-08-20,browser_verified,fractional-cohort,No published price found in stage-one screening of the homepage and its pricing-linked pages. Opened and read in a browser during the full-coverage pass of 2026-08-21; no first-party price on the page.
Algocentric,CMO,retainer,,,,,,https://algocentricdigital.com/,2026-08-20,browser_verified,cmo,No published price found at capture. B2B growth and fractional CMO boutique. Opened and read in a browser during the full-coverage pass of 2026-08-21; no first-party price on the page.
Aliveness Ventures,CTO,retainer,,,,,,https://www.aliveness.ventures/,2026-08-20,browser_verified,fractional-cohort,"No published price found at capture. Page directs to a quote, call or custom pricing. Pricing exists but is not published. Opened and read in a browser during the full-coverage pass of 2026-08-21; no first-party price on the page."
Allura Partners,COO,marketplace_match,,,,,,https://www.allurapartners.com.au/fractional-management,2026-08-20,browser_verified,coo,"No published price found at capture. Australian fractional management firm. States ""saving up to 40-60% of the cost of a full-time salary"" without publishing a figure. Opened and read in a browser during the full-coverage pass of 2026-08-21; no first-party price on the page."
Altarra Partners,CFO,retainer,,,,,,https://www.enteraltarra.com/,2026-08-20,browser_verified,fractional-cohort,"No published price found at capture. Page directs to a quote, call or custom pricing. Pricing exists but is not published. Opened and read in a browser during the full-coverage pass of 2026-08-21; no first-party price on the page."
Altus CXO,COO,retainer,,,,,,https://altuscxo.com/,2026-08-20,browser_verified,coo,No published price found at capture. Fractional executive services firm. Opened and read in a browser during the full-coverage pass of 2026-08-21; no first-party price on the page.
Altus CXO,multi,retainer,,,,,,https://altuscxo.com/,2026-08-20,browser_verified,fractional-cohort,No published price found in stage-one screening of the homepage and its pricing-linked pages. Opened and read in a browser during the full-coverage pass of 2026-08-21; no first-party price on the page.
AMANDINE AMAN Consulting,CMO,retainer,,,,,,https://www.amandineaman.com/,2026-08-20,browser_verified,fractional-cohort,No published price found in stage-one screening of the homepage and its pricing-linked pages. Opened and read in a browser during the full-coverage pass of 2026-08-21; no first-party price on the page.
AmazingCTO,CTO,retainer,,,,,,https://www.amazingcto.com/fractional-cto/,2026-08-20,browser_verified,stage2-2026-08-20,An automated screening pass flagged a price. No currency figure occurs anywhere in the browser-rendered page. No figure is attributed to this provider. Opened and read in a browser during the full-coverage pass of 2026-08-21; no first-party price on the page.
AMG Advisors Group,CFO,retainer,,,,,,https://www.amgadvisorsgroup.com/,2026-08-20,browser_verified,fractional-cohort,No published price found in stage-one screening of the homepage and its pricing-linked pages. Opened and read in a browser during the full-coverage pass of 2026-08-21; no first-party price on the page.
Amplēo,multi,retainer,,,,,,https://ampleo.com/,2026-08-20,browser_verified,fractional-cohort,No published price found in stage-one screening of the homepage and its pricing-linked pages. Opened and read in a browser during the full-coverage pass of 2026-08-21; no first-party price on the page.
Anchor Digital,CMO,retainer,,,,,,https://anchordigital.com.au/,2026-08-20,browser_verified,cmo,No published fractional CMO rate. Australian digital agency with fractional CMO services. Opened and read in a browser during the full-coverage pass of 2026-08-21; no first-party price on the page.
Angel Advisors,COO,retainer,,,,,,https://angel-advisors.com/,2026-08-20,browser_verified,coo,No published price found at capture. UK executive advisory firm. Opened and read in a browser during the full-coverage pass of 2026-08-21; no first-party price on the page.
Anomalous Technologies,CTO,retainer,,,,,,https://www.anomaloustech.co.za/services/cto-as-a-service,2026-08-20,browser_verified,cto,No published price found at capture. South Africa (Cape Town). Offers fractional CTO CISO and AI security services. Agent-screened. Opened and read in a browser during the full-coverage pass of 2026-08-21; no first-party price on the page.
APMJ Corporation,COO,retainer,,,,,,https://apmjcorp.lovable.app/,2026-08-20,browser_verified,fractional-cohort,No published price found in stage-one screening of the homepage and its pricing-linked pages. Opened and read in a browser during the full-coverage pass of 2026-08-21; no first-party price on the page.
Apparition Systems,CTO,retainer,,,,,,https://www.apparition.systems/,2026-08-20,browser_verified,fractional-cohort,No published price found in stage-one screening of the homepage and its pricing-linked pages. Opened and read in a browser during the full-coverage pass of 2026-08-21; no first-party price on the page.
Appeus,CPO,retainer,,,,,,https://appeus.co.uk/,2026-08-19,unreachable,cpo-expansion,Not reachable. SSL certificate mismatch and domain redirects to WordPress.com error page. Site appears defunct. Recorded as unreachable.
Arc.dev,CTO,marketplace_match,15,110,USD,per_hour,,https://arc.dev/pricing,2026-08-20,browser_verified,cto,"Marketplace platform terms published verbatim: ""Freelance hires $15 - $110+ Pay per hour"", alongside ""Hire talent $0 until you hire"" on the homepage. The high end is published as ""110+"", i.e. open-ended. Scope note: a talent-marketplace rate range, not a single provider's executive rate."
Arpit Kaushik,COO,retainer,,,,,,https://www.arpitkaushik.com/,2026-08-20,browser_verified,coo,"No published price found at capture. Independent fractional COO and programme manager. Services available ""by introduction"" only. Opened and read in a browser during the full-coverage pass of 2026-08-21; no first-party price on the page."
Aru Bhardwaj,CTO,retainer,,,,,,https://www.arubhardwaj.eu/services/fractional-cto,2026-08-20,browser_verified,cto,No published fractional CTO rate. France (Paris). Consultation rates EUR 45-90/hr published but engagement rate not disclosed. Agent-screened. Opened and read in a browser during the full-coverage pass of 2026-08-21; no first-party price on the page.
"Ascend Technology Partners, Inc",CTO,retainer,,,,,,https://ascendcto.com/,2026-08-20,browser_verified,fractional-cohort,No published price found in stage-one screening of the homepage and its pricing-linked pages. Opened and read in a browser during the full-coverage pass of 2026-08-21; no first-party price on the page.
Ascent CFO Solutions,CFO,retainer,60000,,USD,per_year,,https://ascentcfo.com/pricing/,2026-08-20,browser_verified,stage2-2026-08-20,"Published verbatim as ""starting at $60,000/year with flexible month-to-month engagements"". Floor only. The ""Traditional CFO Hire $300K/Year"" comparison on the same page is a market claim and is excluded. Browser-verified."
Ascent Consulting,COO,retainer,,,,,,https://ascentconsulting.com/,2026-08-20,browser_verified,coo,No published price found at capture. Fractional operations and COO consulting. Opened and read in a browser during the full-coverage pass of 2026-08-21; no first-party price on the page.
Ask Marketing,CMO,retainer,,,,,,https://www.askmarketing.com.au/,2026-08-20,browser_verified,cmo,No published fractional CMO rate. Australian marketing consultancy. Opened and read in a browser during the full-coverage pass of 2026-08-21; no first-party price on the page.
"Aspire CFO, LLC",CFO,retainer,,,,,,https://aspirecfo.com/,2026-08-21,unreachable,fractional-cohort,No published price found in stage-one screening of the homepage and its pricing-linked pages. Opened in a browser during the full-coverage pass of 2026-08-21; the page could not be read (status: no_content). Recorded as unreachable rather than as a published absence of price: this provider is counted in the denominator and carries no observation in either direction.
"Aspire CFO, LLC",multi,retainer,,,,,,https://aspirecfo.net/,2026-08-21,unreachable,fractional-cohort,"No published price found at capture. Page directs to a quote, call or custom pricing. Pricing exists but is not published. Opened in a browser during the full-coverage pass of 2026-08-21; the page could not be read (status: no_body). Recorded as unreachable rather than as a published absence of price: this provider is counted in the denominator and carries no observation in either direction."
ATLATL Business Solutions,COO,retainer,,,,,,https://atlatlbusinesssolutions.com/,2026-08-20,browser_verified,coo,No published price found at capture. Fractional COO for scaling operations. Opened and read in a browser during the full-coverage pass of 2026-08-21; no first-party price on the page.
ATLATL Media Solutions,CMO,retainer,,,,,,https://www.atlatlmedia.co/,2026-08-20,browser_verified,fractional-cohort,No published price found in stage-one screening of the homepage and its pricing-linked pages. Opened and read in a browser during the full-coverage pass of 2026-08-21; no first-party price on the page.
Atrix Media,CMO,retainer,15000,,USD,per_month,,https://atrixmedia.co/,2026-08-20,browser_verified,fractional-cohort,"Fractional CMO service, published verbatim as ""From $15,000 / month"". Floor only. The same page publishes Organic Growth at $5,000/mo, Demand Gen at $7,500/mo and an SEO Retainer at $5,000/mo; those are marketing-service prices, not fractional-executive rates, and are not recorded as a CMO rate. Two headline statistics rendered as ""$M"" and ""$K"" animated counters, consistent with the v1.0 finding that JavaScript counters do not survive capture. Browser-verified."
ATXponential,COO,retainer,,,,,,https://atxponential.com/,2026-08-20,browser_verified,fractional-cohort,"No published price found at capture. Page directs to a quote, call or custom pricing. Pricing exists but is not published. Opened and read in a browser during the full-coverage pass of 2026-08-21; no first-party price on the page."
Authentic Brand,CMO,retainer,,,,,,https://authenticbrand.com/,2026-08-20,browser_verified,cmo,"No published own rate. Publishes market average ($200-$375/hr) only, not Authentic's fees. Uses proprietary Authentic Growth Methodology. Opened and read in a browser during the full-coverage pass of 2026-08-21; no first-party price on the page."
Authentic Bridge,CPO,retainer,,,,,,https://www.authenticbridge.com/insights/fractional-cpo-benefits/,2026-08-21,browser_verified,cpo-expansion,No published price found at capture. LLC offering fractional product management leadership for early-stage companies. Opened and read in a browser during the full-coverage pass of 2026-08-21; no first-party price on the page.
AutoCFO,CFO,retainer,1350,,USD,per_month,,https://autocfo.com/,2026-08-20,browser_verified,queue-2026-08-20,"Base package, published as ""$1,350/mo ... One-time $1,500 setup fee."" Browser-verified."
AutoCFO,CFO,retainer,3250,,USD,per_month,,https://autocfo.com/,2026-08-20,browser_verified,queue-2026-08-20,"Growth support package, published as ""$3,250/mo"". Browser-verified."
AutoCFO,CFO,retainer,5000,,USD,per_month,,https://autocfo.com/,2026-08-20,browser_verified,queue-2026-08-20,"Extra support package, published as ""$5,000/mo"". Browser-verified."
Aveline Elfar & Co,COO,retainer,,,,,,https://avelineelfar.com,2026-08-20,browser_verified,coo,"No published retainer rate for fractional COO engagement. References ""typical investment ranges from $2,500 to $10,000 per month"" as market data, not own rate. Opened and read in a browser during the full-coverage pass of 2026-08-21; no first-party price on the page."
Aveline Elfar & Co,COO,project,2500,,USD,fixed_fee_per_project,,https://avelineelfar.com,2026-08-20,browser_verified,coo,"Full systems build. Published verbatim as ""a full systems build from $2,500"". Floor only. Browser-verified."
Aveline Elfar & Co,COO,project,97,,USD,fixed_fee_per_project,,https://avelineelfar.com,2026-08-20,browser_verified,coo,"Systems Audit. Published verbatim as ""AE&Co's $97 Systems Audit"". Browser-verified."
"Axis Advisory Services, LLC",CFO,retainer,,,,,,https://www.axisadvice.com/,2026-08-20,browser_verified,fractional-cohort,"No published price found at capture. Page directs to a quote, call or custom pricing. Pricing exists but is not published. Opened and read in a browser during the full-coverage pass of 2026-08-21; no first-party price on the page."
Axveer LLC,CTO,retainer,,,,,,https://axveer.com/small-business-growth,2026-08-20,browser_verified,stage2-2026-08-20,"An automated screening pass flagged a price. Browser verification found website, booking and AI subscription tiers (""TIER 1 - STARTER $300 USD/mo"", ""TIER 2 - GROWTH $700 USD/mo""). Those are web-service subscriptions, not fractional executive rates. The page mentions ""fractional"" once. No executive price asserted. Opened and read in a browser during the full-coverage pass of 2026-08-21; no first-party price on the page."
Azora Ops Consulting,multi,retainer,,,,,,https://www.azoraops.com/,2026-08-20,browser_verified,fractional-cohort,No published price found in stage-one screening of the homepage and its pricing-linked pages. Opened and read in a browser during the full-coverage pass of 2026-08-21; no first-party price on the page.
B2B CFO,CFO,retainer,,,,,,https://www.b2bcfo.com/,2026-08-21,browser_verified,cfo,No published price found at capture. Independent CFO-partner network; directs to consultation. Opened and read in a browser during the full-coverage pass of 2026-08-21; no first-party price on the page.
Backbone CFO,CFO,retainer,,,,,,https://backbonecfo.com/,2026-08-20,browser_verified,fractional-cohort,No published price found in stage-one screening of the homepage and its pricing-linked pages. Opened and read in a browser during the full-coverage pass of 2026-08-21; no first-party price on the page.
"Balanced Office Solutions, Inc.",CFO,retainer,,,,,,https://www.balancedofficesolutions.com/,2026-08-20,browser_verified,fractional-cohort,"No published price found at capture. Page directs to a quote, call or custom pricing. Pricing exists but is not published. Opened and read in a browser during the full-coverage pass of 2026-08-21; no first-party price on the page."
Ballast Ops,COO,retainer,,,,,,https://www.ballastops.com/,2026-08-20,browser_verified,fractional-cohort,"No published price found at capture. Page directs to a quote, call or custom pricing. Pricing exists but is not published. Opened and read in a browser during the full-coverage pass of 2026-08-21; no first-party price on the page."
BAM Marketing Services,CMO,retainer,,,,,,https://www.bammarketingservices.com/,2026-08-20,browser_verified,fractional-cohort,No published price found in stage-one screening of the homepage and its pricing-linked pages. Opened and read in a browser during the full-coverage pass of 2026-08-21; no first-party price on the page.
Barba CFO,CFO,retainer,,,,,,https://www.barbacfo.com/,2026-08-20,browser_verified,fractional-cohort,No published price found in stage-one screening of the homepage and its pricing-linked pages. Opened and read in a browser during the full-coverage pass of 2026-08-21; no first-party price on the page.
Barrett Ventures,CTO,retainer,,,,,,https://barrettventures.co/,2026-08-20,browser_verified,fractional-cohort,No published price found in stage-one screening of the homepage and its pricing-linked pages. Opened and read in a browser during the full-coverage pass of 2026-08-21; no first-party price on the page.
BEC System,CTO,retainer,,,,,,https://becsystem.tech/,2026-08-20,browser_verified,stage2-2026-08-20,"An automated screening pass flagged a price. Browser verification found ""EUR 5k-EUR 50k proyecto cerrado"", a fixed-price custom software project with a strategic CTO included. That is a software project price, not a fractional executive rate, so no executive price is asserted. Opened and read in a browser during the full-coverage pass of 2026-08-21; no first-party price on the page."
Ben Groenevelt LLC,CTO,retainer,,,,,,https://www.b11t.com/,2026-08-20,browser_verified,fractional-cohort,No published price found in stage-one screening of the homepage and its pricing-linked pages. Opened and read in a browser during the full-coverage pass of 2026-08-21; no first-party price on the page.
Bette Hochberger,multi,retainer,659,,USD,per_month,,https://bettehochberger.com/,2026-08-20,browser_verified,queue-2026-08-20,"Tier 1 of four, published verbatim: ""Starter - Compliance $659/mo"". Scope note: compliance, below the fractional-executive tiers on the same card."
Bette Hochberger,multi,retainer,1040,,USD,per_month,,https://bettehochberger.com/,2026-08-20,browser_verified,queue-2026-08-20,"Tier 2 of four, published verbatim: ""Advanced Insight (Bronze) $1,040/mo""."
Bette Hochberger,multi,retainer,2415,,USD,per_month,,https://bettehochberger.com/,2026-08-20,browser_verified,queue-2026-08-20,"Tier 3 of four, published verbatim: ""Fractional Controller (Silver) $2,415/mo"". Explicitly a fractional Controller tier."
Bette Hochberger,multi,retainer,6045,,USD,per_month,,https://bettehochberger.com/,2026-08-20,browser_verified,queue-2026-08-20,"Tier 4 of four, published verbatim: ""Fractional CFO (Gold) $6,045/mo"". Explicitly the fractional CFO tier. Recovered by following a linked pricing page; the homepage carries no figure."
Beyond Accounting,CFO,retainer,1000,,USD,per_month,,https://www.beyondaccounting.info/pricing/,2026-08-20,browser_verified,stage2-2026-08-20,"Ongoing financial leadership support, published as ""Starting at $1000/mth"". Floor only. Browser-verified."
Beyond Accounting,CFO,retainer,200,,USD,per_hour,,https://www.beyondaccounting.info/pricing/,2026-08-20,browser_verified,stage2-2026-08-20,"Hourly advisory, published as ""Rate: $200 / hour"". Browser-verified."
Big Picture Results,COO,retainer,,,,,,https://bigpictureresults.com/,2026-08-21,unreachable,coo,No published price found at capture. Fractional COO and operations consultancy. Opened in a browser during the full-coverage pass of 2026-08-21; the page could not be read (status: no_content). Recorded as unreachable rather than as a published absence of price: this provider is counted in the denominator and carries no observation in either direction.
Bloom Engine Group,CMO,retainer,,,,,,https://www.bloomenginegroup.com/en-us/,2026-08-20,browser_verified,fractional-cohort,No published price found in stage-one screening of the homepage and its pricing-linked pages. Opened and read in a browser during the full-coverage pass of 2026-08-21; no first-party price on the page.
Blue Signal Search,COO,marketplace_match,,,,,,https://www.bluesignal.com/,2026-08-20,browser_verified,coo,No published price found at capture. Executive search firm offering fractional COO placement. Opened and read in a browser during the full-coverage pass of 2026-08-21; no first-party price on the page.
BlueByrd Strategic Sales & Marketing,CMO,retainer,,,,,,https://www.thebluebyrd.com/,2026-08-20,browser_verified,fractional-cohort,No published price found in stage-one screening of the homepage and its pricing-linked pages. Opened and read in a browser during the full-coverage pass of 2026-08-21; no first-party price on the page.
Boardman,CTO,retainer,6000,,GBP,per_month,~4 days/month,https://www.boardman.com/fractional-cto-cost,2026-08-20,browser_verified,stage2-2026-08-20,"Published verbatim as ""A typical Boardman engagement is £6,000 a month for around four days."" The same page states a UK market band of £1,000-£2,500 per day and £4,500-£12,000 per month, which is a market claim and is excluded. Browser-verified."
Boardroom Advisors,COO,retainer,,,,,,https://boardroomadvisors.co/our-services/operations/part-time-operations-directors/,2026-08-20,browser_verified,coo,"No published price found at capture. UK part-time operations director service. States flexibility ""from as little as a few days per quarter to multiple days in a week"" but does not disclose rates. Opened and read in a browser during the full-coverage pass of 2026-08-21; no first-party price on the page."
Bolster,multi,marketplace_match,,,,,,https://www.bolster.com/,2026-08-21,browser_verified,cpo,"Homepage claims ""transparent, flat-fee pricing"" without figures; the figures are on /pricing and are recorded in the rows above. Opened and read in a browser during the full-coverage pass of 2026-08-21; no first-party price on the page."
Bolster,multi,marketplace_match,10000,40000,USD,per_search,,https://www.bolster.com/pricing,2026-08-20,browser_verified,stage2-2026-08-20,"Board of Directors search, published as ""$10,000 - $40,000 50% upfront + 50% on close"". Browser-verified."
Bolster,multi,marketplace_match,2500,,USD,upfront_plus_markup,,https://www.bolster.com/pricing,2026-08-17,browser_verified,cpo,"Fractional & Interim placement published verbatim as ""$2,500 upfront + 20% markup"". This is the platform's fee, not the executive's rate. Browser-verified."
Bolster,multi,marketplace_match,2500,,USD,per_project,,https://www.bolster.com/pricing,2026-08-17,browser_verified,cpo,"On-Demand Talent published as ""$2,500+"" for executive projects. Floor only. Browser-verified."
Bolster,COO,marketplace_match,2500,,USD,upfront_plus_markup,,https://www.bolster.com/pricing,2026-08-20,browser_verified,coo,"Fractional & Interim placement. Published verbatim as ""$2,500 upfront + 20% markup"". Platform fee, not executive rate. Browser-verified."
Bolster,multi,marketplace_match,30000,,USD,per_search,3 months,https://www.bolster.com/pricing,2026-08-20,browser_verified,stage2-2026-08-20,"Full-Time Sourcing, published as ""$30,000 50% upfront + 50% on close. Three month engagement"". Browser-verified."
Bolster,multi,marketplace_match,75000,,USD,per_search,,https://www.bolster.com/pricing,2026-08-20,browser_verified,stage2-2026-08-20,"Additional Searches, published as ""$75,000 50% upfront + 50% upon close"", on 12-month discounted rates. Browser-verified."
Bolster,multi,marketplace_match,90000,,USD,per_search,,https://www.bolster.com/pricing,2026-08-20,browser_verified,stage2-2026-08-20,"First Search, published as ""$90,000 50% upfront + 50% on close"". Browser-verified."
Bonfire AI,CTO,retainer,,,,,,https://www.bonfirestudios.ai/,2026-08-20,browser_verified,fractional-cohort,"No published price found at capture. Page directs to a quote, call or custom pricing. Pricing exists but is not published. Opened and read in a browser during the full-coverage pass of 2026-08-21; no first-party price on the page."
Book+Street,multi,retainer,4000,,USD,per_month,,https://www.bookandstreet.com/pricing,2026-08-20,browser_verified,fractional-cohort,"Named tier published verbatim: ""momentum $4,000 - Designed for startups with increasing financial complexity"", with CFO advisory and investor-ready reporting in scope."
Book+Street,multi,retainer,8000,,USD,per_month,,https://www.bookandstreet.com/pricing,2026-08-20,browser_verified,fractional-cohort,"Named tier published verbatim: ""scale $8,000 - Your embedded finance team for high-growth startups"". Recovered by following a linked pricing page; the homepage carries no figure."
BR Messer | Fractional CFO Services,CFO,retainer,,,,,,https://brmesser.com/,2026-08-20,browser_verified,fractional-cohort,No published price found in stage-one screening of the homepage and its pricing-linked pages. Opened and read in a browser during the full-coverage pass of 2026-08-21; no first-party price on the page.
Braintrust,CTO,marketplace_match,,,,,,https://usebraintrust.com/,2026-08-20,browser_verified,cto,"No published CTO rate. Marketplace. ""Zero platform fees for talent."" Client-side fee not disclosed. Agent-screened. Opened and read in a browser during the full-coverage pass of 2026-08-21; no first-party price on the page."
Braintrust,CMO,marketplace_match,,,,,,https://usebraintrust.com/,2026-08-20,browser_verified,cmo,No published CMO-specific rate. Talent-set rates plus 10-15% client network fee. Opened and read in a browser during the full-coverage pass of 2026-08-21; no first-party price on the page.
Brand 555,CMO,retainer,,,,,,https://brand555.com/,2026-08-20,browser_verified,fractional-cohort,No published price found in stage-one screening of the homepage and its pricing-linked pages. Opened and read in a browser during the full-coverage pass of 2026-08-21; no first-party price on the page.
Brand Alchemie,COO,retainer,,,,,,https://www.brandalchemie.com/,2026-08-20,browser_verified,fractional-cohort,No published price found in stage-one screening of the homepage and its pricing-linked pages. Opened and read in a browser during the full-coverage pass of 2026-08-21; no first-party price on the page.
Brand Botany,CMO,retainer,,,,,,https://www.brandbotany.com/pricing,2026-08-20,browser_verified,cmo,"No published price for Fractional/Interim CMO tier. Published as ""FEE: Custom / month"". The $1,500 one-time intensive is recorded separately. Browser-verified."
Brand Botany,CMO,project,1500,1500,USD,fixed_fee_per_project,,https://www.brandbotany.com/pricing,2026-08-20,browser_verified,cmo,"Strategic Growth Intensive. Published verbatim as ""FEE: $1,500 one time"". Three working sessions. Fractional/Interim CMO tier published as ""Custom / month"" with no figure. Browser-verified."
Bravo CPG,COO,retainer,1650,,USD,per_month,,https://www.bravocpg.com/pricing,2026-08-20,browser_verified,stage2-2026-08-20,"Published verbatim: ""We offer simple monthly pricing starting at $1,650/mo"". CORRECTS AN EARLIER RECORD: this provider was previously recorded as publishing no price on the basis of the homepage alone, which carries no figure. The price is on a linked pricing page."
Breakwater Digital,CPO,retainer,8000,20000,USD,per_month,1-3 days/week,https://breakwaterdigital.co/services/fractional-cpo,2026-08-20,browser_verified,stage2-2026-08-20,"Published verbatim as ""Typical retainer: $8K-$20K/month, 3-12 months, remote nationwide"". The ""$400K seat"" reference is a full-time salary comparison and is excluded. Browser-verified."
Brewster Consulting Group,COO,retainer,,,,,,https://brewsterconsultinggroup.com/,2026-08-21,unreachable,coo,"No published price found at capture. States ""fees are usually structured as a fixed monthly cost"" but no figure disclosed. Opened in a browser during the full-coverage pass of 2026-08-21; the page could not be read (status: no_content). Recorded as unreachable rather than as a published absence of price: this provider is counted in the denominator and carries no observation in either direction."
Bridge Integrative Solutions,COO,retainer,,,,,,https://www.bridgecoo.com/,2026-08-20,browser_verified,fractional-cohort,No published price found in stage-one screening of the homepage and its pricing-linked pages. Opened and read in a browser during the full-coverage pass of 2026-08-21; no first-party price on the page.
BridgePoint Advisory Group,COO,retainer,,,,,,https://www.bridgepointag.com/,2026-08-20,browser_verified,fractional-cohort,No published price found in stage-one screening of the homepage and its pricing-linked pages. Opened and read in a browser during the full-coverage pass of 2026-08-21; no first-party price on the page.
BrighterClick,CMO,retainer,,,,,,https://www.brighterclick.com/,2026-08-20,browser_verified,cmo,No published own rate. Blog discusses market averages. Directs to strategy call. Opened and read in a browser during the full-coverage pass of 2026-08-21; no first-party price on the page.
Brixhouse Consulting,COO,retainer,,,,,,https://brixhouse.co/,2026-08-20,browser_verified,fractional-cohort,"No published price found at capture. Page directs to a quote, call or custom pricing. Pricing exists but is not published. Opened and read in a browser during the full-coverage pass of 2026-08-21; no first-party price on the page."
Bubblegum Marketing,CMO,retainer,,,,,,https://bubblegummarketing.com/,2026-08-20,browser_verified,cmo,No published price found at capture. Australian agency with fractional CMO service. Opened and read in a browser during the full-coverage pass of 2026-08-21; no first-party price on the page.
Buckhorn Advisory Services,CFO,retainer,,,,,,https://buckthetrend.co/,2026-08-20,browser_verified,fractional-cohort,No published price found in stage-one screening of the homepage and its pricing-linked pages. Opened and read in a browser during the full-coverage pass of 2026-08-21; no first-party price on the page.
Burkland,CFO,retainer,,,,,,https://burklandassociates.com/,2026-08-20,browser_verified,fractional-cohort,No published price found in stage-one screening of the homepage and its pricing-linked pages. Opened and read in a browser during the full-coverage pass of 2026-08-21; no first-party price on the page.
Business CFO For Hire,CFO,retainer,,,,,,https://businesscfoforhire.com/,2026-08-20,browser_verified,queue-2026-08-20,"An automated screening pass flagged ""$8,000,000"". Every currency figure in the browser-rendered page is a credential (""$1B+ Revenue managed"") or a client revenue band (""$2M to $50M""). No published price found at capture. Opened and read in a browser during the full-coverage pass of 2026-08-21; no first-party price on the page."
Business Operating System (BOS) Consulting,COO,retainer,,,,,,https://www.gailworonick.com/,2026-08-20,browser_verified,fractional-cohort,No published price found in stage-one screening of the homepage and its pricing-linked pages. Opened and read in a browser during the full-coverage pass of 2026-08-21; no first-party price on the page.
Business Talent Group,multi,marketplace_match,,,,,,https://businesstalentgroup.com/,2026-08-21,browser_verified,cpo,No published price found at capture. Opened and read in a browser during the full-coverage pass of 2026-08-21; no first-party price on the page.
C-Suite Support,CFO,retainer,,,,,,https://www.c-suitesupport.com/,2026-08-20,browser_verified,stage2-2026-08-20,"An automated screening pass flagged a figure. Every currency figure in the browser-rendered page describes the client revenue band served (""$2M TO $50M OPERATORS""). No published price found at capture. Opened and read in a browser during the full-coverage pass of 2026-08-21; no first-party price on the page."
C2B Suite,CPO,project,,,,,,https://www.c2bsuite.com/,2026-08-21,browser_verified,cpo-expansion,"No published price found at capture. Austin TX firm. Self-described ""Fractional Product Experts."" Fixed-price engagements covering Product Owner, launch readiness, pricing, competitive intel, M&A prep. Opened and read in a browser during the full-coverage pass of 2026-08-21; no first-party price on the page."
Capone & Associates,CFO,retainer,,,,,,https://caponeandassociates.biz/,2026-08-20,browser_verified,fractional-cohort,No published price found in stage-one screening of the homepage and its pricing-linked pages. Opened and read in a browser during the full-coverage pass of 2026-08-21; no first-party price on the page.
Capricorn Management Consulting LLC,COO,retainer,,,,,,https://capricornllc.com/,2026-08-20,browser_verified,fractional-cohort,No published price found in stage-one screening of the homepage and its pricing-linked pages. Opened and read in a browser during the full-coverage pass of 2026-08-21; no first-party price on the page.
CAPSTONE CFO,CFO,retainer,,,,,,https://capstonecfo.com/,2026-08-20,browser_verified,fractional-cohort,No published price found in stage-one screening of the homepage and its pricing-linked pages. Opened and read in a browser during the full-coverage pass of 2026-08-21; no first-party price on the page.
Capture Digital Marketing,CMO,retainer,,,,,,https://capturedigitalmarketing.com/,2026-08-20,blocked,cmo,HTTP 403 on server fetch. Publishes fractional CMO cost guide blog. Own rate status unknown. Not browser-verified.
Carey & Co,CFO,retainer,,,,,,https://teamcarey.com/,2026-08-21,unreachable,fractional-cohort,No published price found in stage-one screening of the homepage and its pricing-linked pages. Opened in a browser during the full-coverage pass of 2026-08-21; the page could not be read (status: unreachable). Recorded as unreachable rather than as a published absence of price: this provider is counted in the denominator and carries no observation in either direction.
CascadEffects,COO,retainer,,,,,,https://www.cascadeffects.com/,2026-08-20,browser_verified,fractional-cohort,No published price found in stage-one screening of the homepage and its pricing-linked pages. Opened and read in a browser during the full-coverage pass of 2026-08-21; no first-party price on the page.
Cast UK,COO,marketplace_match,,,,,,https://www.castuk.com/,2026-08-20,browser_verified,coo,No published price found at capture. UK recruitment firm offering fractional COO placement. Opened and read in a browser during the full-coverage pass of 2026-08-21; no first-party price on the page.
Castle Mountain Advisory,CTO,retainer,,,,,,https://castlemountainadvisory.com/,2026-08-20,browser_verified,fractional-cohort,No published price found in stage-one screening of the homepage and its pricing-linked pages. Opened and read in a browser during the full-coverage pass of 2026-08-21; no first-party price on the page.
"Castro Concepts, LLC",CFO,retainer,,,,,,https://www.castroconceptsllc.com/,2026-08-20,browser_verified,fractional-cohort,No published price found in stage-one screening of the homepage and its pricing-linked pages. Opened and read in a browser during the full-coverage pass of 2026-08-21; no first-party price on the page.
Catalant,multi,marketplace_match,,,,,,https://www.catalant.com/,2026-08-21,browser_verified,cpo,No published price found at capture. Opened and read in a browser during the full-coverage pass of 2026-08-21; no first-party price on the page.
Catalyst Finance Group,CFO,retainer,,,,,,https://www.catalystfinancegroup.com/,2026-08-20,browser_verified,fractional-cohort,No published price found in stage-one screening of the homepage and its pricing-linked pages. Opened and read in a browser during the full-coverage pass of 2026-08-21; no first-party price on the page.
Cemoh,CMO,marketplace_match,,,,,,https://cemoh.com/,2026-08-20,browser_verified,cmo,"No published CMO rate on browser-rendered page. WebFetch reported $1,275/day average but figure not found in browser. Australian fractional talent marketplace. Opened and read in a browser during the full-coverage pass of 2026-08-21; no first-party price on the page."
Centripetal Advisors,CFO,retainer,,,,,,https://centripetaladvisors.com/,2026-08-20,browser_verified,fractional-cohort,No published price found in stage-one screening of the homepage and its pricing-linked pages. Opened and read in a browser during the full-coverage pass of 2026-08-21; no first-party price on the page.
CEO Finance Academy,CFO,retainer,,,,,,https://www.ceofinanceacademy.com,2026-08-20,browser_verified,fractional-cohort,No published price found in stage-one screening of the homepage and its pricing-linked pages. Opened and read in a browser during the full-coverage pass of 2026-08-21; no first-party price on the page.
Cerius Executives,CMO,marketplace_match,,,,,,https://ceriusexecutives.com/,2026-08-20,browser_verified,cmo,No published price found at capture. Interim and fractional executive firm. Opened and read in a browser during the full-coverage pass of 2026-08-21; no first-party price on the page.
Cerius Executives,COO,marketplace_match,,,,,,https://ceriusexecutives.com/,2026-08-20,browser_verified,coo,"No published price found at capture. Interim and fractional executive firm. States ""No Up-Front Investments"" but does not disclose fees. Opened and read in a browser during the full-coverage pass of 2026-08-21; no first-party price on the page."
CFO Advisors,CFO,retainer,,,,,,https://cfoadvisors.com/,2026-08-21,browser_verified,cfo,"No published price found at capture. Blog discusses market rates ($150-$500/hr) as industry data, not own pricing. Directs to ""Connect with CFO Advisors"" for custom quote. Opened and read in a browser during the full-coverage pass of 2026-08-21; no first-party price on the page."
CFO Deck LLC,CFO,retainer,,,,,,https://cfodeck.com/,2026-08-20,browser_verified,fractional-cohort,"No published price found at capture. Page directs to a quote, call or custom pricing. Pricing exists but is not published. Opened and read in a browser during the full-coverage pass of 2026-08-21; no first-party price on the page."
CFO Expertise,CFO,retainer,2500,,USD,per_month,,https://cfoexpertise.com/pricing/,2026-08-20,browser_verified,queue-2026-08-20,"Plan 1 of three, published verbatim: ""Essential Plan ... $ 2500 / Month"". CORRECTS AN EARLIER RECORD: previously recorded as no published price because only the homepage was read; the homepage renders 836 chars and carries no figure."
CFO Expertise,CFO,retainer,5000,,USD,per_month,,https://cfoexpertise.com/pricing/,2026-08-20,browser_verified,queue-2026-08-20,"Plan 2 of three, published verbatim: ""Growth Plan ... $ 5000 / Month""."
CFO Expertise,CFO,retainer,10000,,USD,per_month,,https://cfoexpertise.com/pricing/,2026-08-20,browser_verified,queue-2026-08-20,"Plan 3 of three, published verbatim: ""Enterprise Plan ... $ 10000 / Month""."
CFO For My Business,CFO,retainer,,,,,,https://cfoformybusiness.com/,2026-08-20,browser_verified,fractional-cohort,No published price found in stage-one screening of the homepage and its pricing-linked pages. Opened and read in a browser during the full-coverage pass of 2026-08-21; no first-party price on the page.
CFO On Call,CFO,retainer,,,,,,https://cfooncall.com.au/,2026-08-21,browser_verified,cfo,"No published price found at capture. References ""Fixed Price Offer"" without disclosing the amount. Australia and New Zealand; directs to consultation. Opened and read in a browser during the full-coverage pass of 2026-08-21; no first-party price on the page."
CFO On Demand,CFO,retainer,,,,,,https://cfodemand.com/,2026-08-20,browser_verified,fractional-cohort,No published price found in stage-one screening of the homepage and its pricing-linked pages. Opened and read in a browser during the full-coverage pass of 2026-08-21; no first-party price on the page.
CFO Recruit,CFO,retainer,,,,,,https://cfo-recruit.com/fractional-cfo-rates/,2026-08-20,browser_verified,queue-2026-08-20,"An automated screening pass flagged ""$60,000"". Browser verification found a rates guide stating market ranges (""Rates typically range from $150 to $350 per hour"", part-time CFO salaries ""$60,000 to over $150,000 per year""). Stated as general market figures rather than as this provider's own rate, so not recorded as a price. Opened and read in a browser during the full-coverage pass of 2026-08-21; no first-party price on the page."
CFO Selections,CFO,retainer,,,,,,https://www.cfoselections.com/,2026-08-21,browser_verified,cfo,No published price found at capture. Fractional and interim finance leadership; directs to contact. Opened and read in a browser during the full-coverage pass of 2026-08-21; no first-party price on the page.
CFOshare,CFO,retainer,,,,,,https://cfoshare.org/,2026-08-20,browser_verified,fractional-cohort,No published price found in stage-one screening of the homepage and its pricing-linked pages. Opened and read in a browser during the full-coverage pass of 2026-08-21; no first-party price on the page.
Chameleon Collective,CPO,retainer,25000,50000,USD,per_month,2-3 days/week,https://chameleoncollective.com/skill/fractional-cpo-chief-product-officer/,2026-08-20,browser_verified,stage2-2026-08-20,"From a ""How We Compare"" table; only this provider's own column is recorded. Cost structure row, verbatim: ""$25K-$50K/mo at 2-3 days/week"". The sibling columns ""Project T&M"" and ""$300K-$500K TC + ramp"" describe a specialty agency and a full-time CPO hire and are excluded as comparisons. CORRECTS AN EARLIER RECORD: previously recorded as publishing no figure because an earlier read caught the page before it finished rendering."
"Charles River CFO, Inc.",multi,retainer,,,,,,https://www.crcfo.com/,2026-08-20,browser_verified,fractional-cohort,No published price found in stage-one screening of the homepage and its pricing-linked pages. Opened and read in a browser during the full-coverage pass of 2026-08-21; no first-party price on the page.
Chief Outsiders,CMO,retainer,,,,,,https://www.chiefoutsiders.com/,2026-08-21,browser_verified,cpo,No published price found at capture. Offers fractional CMO and CSO/CRO; directs to consultation. Opened and read in a browser during the full-coverage pass of 2026-08-21; no first-party price on the page.
Chore,COO,retainer,1400,,USD,per_month,,https://www.hirechore.com/,2026-08-20,browser_verified,stage2-2026-08-20,"Published verbatim as ""$1,400 (starting)"" in the provider own comparison table. The same table quotes an internal hire at ""$9,000+"" and fractional CFO/COO at ""$6,000-$10,000""; both are competitor columns, not this provider price, and are excluded. Browser-verified."
Chris Rennie Marketing LLC,multi,retainer,,,,,,https://chrisrenniemarketing.com/,2026-08-20,browser_verified,fractional-cohort,No published price found in stage-one screening of the homepage and its pricing-linked pages. Opened and read in a browser during the full-coverage pass of 2026-08-21; no first-party price on the page.
"Christine Wade & Company, LLC",COO,retainer,,,,,,https://crm.christinewade.co/contactme,2026-08-20,browser_verified,fractional-cohort,"No published price found at capture. Page directs to a quote, call or custom pricing. Pricing exists but is not published. Opened and read in a browser during the full-coverage pass of 2026-08-21; no first-party price on the page."
Cinder Studio,CTO,retainer,,,,,,https://cinder.studio/,2026-08-20,browser_verified,fractional-cohort,No published price found in stage-one screening of the homepage and its pricing-linked pages. Opened and read in a browser during the full-coverage pass of 2026-08-21; no first-party price on the page.
Civil CFO,CFO,retainer,,,,,,https://www.civilcfo.com/,2026-08-20,browser_verified,fractional-cohort,No published price found in stage-one screening of the homepage and its pricing-linked pages. Opened and read in a browser during the full-coverage pass of 2026-08-21; no first-party price on the page.
"CJoy Consulting, LLC",COO,retainer,,,,,,https://cjoyconsulting.com/,2026-08-20,browser_verified,fractional-cohort,No published price found in stage-one screening of the homepage and its pricing-linked pages. Opened and read in a browser during the full-coverage pass of 2026-08-21; no first-party price on the page.
CL James Consulting,COO,project,297,,USD,fixed_fee_per_project,,https://cljamesconsulting.com/,2026-08-20,browser_verified,stage2-2026-08-20,"AI Brief, published as ""Book Your AI Brief - $297"" with a 30/60/90-day roadmap. An automated screening pass also flagged a $7,500 figure; browser capture on 2026-08-20 found none on the rendered homepage, so that flag is recorded as a screening artifact and no such figure is attributed to this provider. Browser-verified."
ClearGlass Capital Partners,COO,retainer,,,,,,https://clearglasscap.com/due-diligence-consulting-strategy,2026-08-20,browser_verified,coo,No published price found at capture. Outsourced hedge fund COO and middle office operations. Opened and read in a browser during the full-coverage pass of 2026-08-21; no first-party price on the page.
CloudSwitched,CTO,retainer,,,,,,https://www.cloudswitched.com/services/virtual-cio/fractional-cto-uk/,2026-08-21,unreachable,cto,No published price found at capture. UK (London). Agent-screened. Opened in a browser during the full-coverage pass of 2026-08-21; the page could not be read (status: not_found). Recorded as unreachable rather than as a published absence of price: this provider is counted in the denominator and carries no observation in either direction.
CMO Zen,CMO,retainer,,,,,,https://cmozen.com/how-much-fractional-cmo-cost/,2026-08-20,browser_verified,cmo,"No published price found at capture. Site discusses market rates for fractional CMOs ($5,000-$10,000/mo) but does not state CMO Zen's own rate. No pricing page exists. Browser-verified."
CMO-OnLoan,multi,retainer,,,,,,https://cmo-onloan.com/,2026-08-20,browser_verified,fractional-cohort,No published price found in stage-one screening of the homepage and its pricing-linked pages. Opened and read in a browser during the full-coverage pass of 2026-08-21; no first-party price on the page.
CMOR Consulting LLC,CTO,retainer,,,,,,https://cmor.io/,2026-08-20,browser_verified,fractional-cohort,No published price found in stage-one screening of the homepage and its pricing-linked pages. Opened and read in a browser during the full-coverage pass of 2026-08-21; no first-party price on the page.
CMOScout,multi,retainer,,,,,,https://www.cmoscout.com/,2026-08-20,browser_verified,fractional-cohort,No published price found in stage-one screening of the homepage and its pricing-linked pages. Opened and read in a browser during the full-coverage pass of 2026-08-21; no first-party price on the page.
CMOvate,CMO,retainer,,,,,,https://www.cmovate.com/,2026-08-20,browser_verified,cmo,No published price found at capture. Fractional CMO and growth consultancy with healthcare and medtech orientation. Opened and read in a browser during the full-coverage pass of 2026-08-21; no first-party price on the page.
CMOx (CMO Exponential),CMO,retainer,,,,,,https://cmox.co/,2026-08-21,browser_verified,cpo,"No published price found at capture. A summarizing fetch reported ""Rates range between $3,000 and $15,000 per month""; the strings ""3,000"" and ""15,000"" do not occur anywhere in the browser-rendered page. No figure is attributed to this provider. The only published figure is a full-time CMO salary benchmark, which is a market claim, not this provider's price. See dataset card, Verification failures. Opened and read in a browser during the full-coverage pass of 2026-08-21; no first-party price on the page."
CNV Creative,CMO,retainer,,,,,,https://cnvcmo.com/how-much-does-a-fractional-cmo-cost/,2026-08-20,browser_verified,stage2-2026-08-20,"An automated screening pass flagged hourly and retainer figures. Browser verification found them inside a table headed ""Pricing Model / Description / Typical Cost Range"" in an article about what fractional CMOs cost generally. These are stated as general market figures rather than as this provider's own rate, so they are not recorded as a price. Opened and read in a browser during the full-coverage pass of 2026-08-21; no first-party price on the page."
Coalesce,CPO,retainer,,,,,,https://www.coalesce.nyc/services/fractional-cpo/,2026-08-21,browser_verified,cpo-expansion,"Screened only. WebFetch reports ""Fractional CPO engagements typically run $12K to $25K per month, depending on involvement."" Not browser-verified in this run. NYC agency backed by Product Studio + Engineering Studio. No price row asserted. Pending verification for v1.1. Opened and read in a browser during the full-coverage pass of 2026-08-21; no first-party price on the page."
cobe marketing,CMO,retainer,,,,,,https://cobemarketing.com/,2026-08-20,browser_verified,fractional-cohort,No published price found in stage-one screening of the homepage and its pricing-linked pages. Opened and read in a browser during the full-coverage pass of 2026-08-21; no first-party price on the page.
CodPal,CTO,retainer,,,,,,https://codpal.com/,2026-08-20,browser_verified,cto,No published price found at capture. UK. Three service tiers all direct to contact form. Agent-screened. Opened and read in a browser during the full-coverage pass of 2026-08-21; no first-party price on the page.
Cognition Agency,CMO,retainer,,,,,,https://www.cognitionagency.co.uk/,2026-08-21,blocked,cmo,No published fractional CMO rate. UK digital strategy agency with fractional CMO offering. Opened in a browser during the full-coverage pass of 2026-08-21; the page could not be read (status: blocked_extraction). Recorded as blocked rather than as a published absence of price: this provider is counted in the denominator and carries no observation in either direction.
Cohesion Growth Partners,CMO,retainer,,,,,,https://cohesiongrowthpartners.com/,2026-08-20,browser_verified,fractional-cohort,No published price found in stage-one screening of the homepage and its pricing-linked pages. Opened and read in a browser during the full-coverage pass of 2026-08-21; no first-party price on the page.
Cohire,CPO,marketplace_match,,,,,,https://cohire.co.in/d-web/fractional-cpo-chief-product-officer,2026-08-21,browser_verified,cpo-expansion,No published price found at capture. India-based marketplace (Cohiire). Handpicks fractional CPOs based on client requirements. Contact: +91 98802 16421. Opened and read in a browser during the full-coverage pass of 2026-08-21; no first-party price on the page.
Collective.work,CPO,marketplace_match,,,,,,https://www.collective.work/,2026-08-19,blocked,cpo-expansion,Not screened. HTTP 403 on server fetch. France/Pan-EU platform listed on Elite Fractional CxO comparison (fractional-csuite.com/cpo/) as CPO provider. Day-rate/collective model. Requires browser verification to confirm CPO category availability.
Colt Consulting,CTO,retainer,,,,,,https://coltconsulting.nz/fractional-cto,2026-08-20,browser_verified,cto,No published price found at capture. New Zealand. Agent-screened. Opened and read in a browser during the full-coverage pass of 2026-08-21; no first-party price on the page.
Company Vitals,CFO,retainer,,,,,,https://companyvitals.com/,2026-08-20,browser_verified,stage2-2026-08-20,"An automated screening pass flagged a figure. Browser verification found client size bands (""from $200K through $50M"") and a mocked-up dashboard showing sample cash figures. Neither is a price. Opened and read in a browser during the full-coverage pass of 2026-08-21; no first-party price on the page."
Connectd,COO,marketplace_match,,,,,,https://www.connectd.com/,2026-08-20,browser_verified,coo,No published price or platform fee. Startup fractional-talent platform; directs to contact. Opened and read in a browser during the full-coverage pass of 2026-08-21; no first-party price on the page.
Consulting Vision,CMO,project,4500,,EUR,fixed_fee_per_project,,https://consultingvision.com/pricing,2026-08-20,browser_verified,cmo,"Published verbatim: ""PAID DEEP DIVE from EUR 4,500 - 50% creditable"" toward the first retainer month, stated elsewhere on the page as ""EUR 2,250 credited to the first month"". The named retainer models, CMO Sparring & Steering and Embedded CMO, carry no published monthly figure. A ""STRATEGY GAMEPLAN (10 PAGES)"" is offered free against a stated value of EUR 950, which is a stated value not a price and is not recorded."
Consultport,CPO,marketplace_match,,,,,,https://consultport.com/consultants/interim-cpos/,2026-08-21,browser_verified,cpo-expansion,"No published platform fee. Marketplace for interim CPO matching. States ""request, search, and proposal stages completely free of charge"" and ""Every consultant has a different rate."" No-risk guarantee. Opened and read in a browser during the full-coverage pass of 2026-08-21; no first-party price on the page."
Contineofy,CMO,retainer,12000,,USD,per_month,,https://contineofy.com/pricing,2026-08-20,browser_verified,cmo,"Fractional Chief Marketing Officer. Published verbatim as ""Starting At $12,000/mo"". Runs entire lifecycle marketing strategy. Floor only. Browser-verified."
Continuum (uxcontinuum.com),CTO,retainer,3000,15000,USD,per_month,,https://uxcontinuum.com/fractional-cto-pricing,2026-08-17,browser_verified,cpo,"Partner tier, the provider's own rate, published verbatim as ""$3,000 to $15,000 a month"". Distinct from the market estimates on the same page, which are excluded. Browser-verified."
Continuum (uxcontinuum.com),CTO,retainer,500,1500,USD,per_month,,https://uxcontinuum.com/fractional-cto-pricing,2026-08-17,browser_verified,cpo,"Care tier, published as ""$500 to $1,500/mo"". Provider states this is monitoring and fixes only, explicitly NOT CTO-level leadership. Retained for completeness and flagged as out-of-band for role comparison. Re-confirmed in a browser on 2026-08-20: the page publishes ""Care ($500 to $1,500/mo)"" alongside the Partner tier. The market band stated at the top of that page (""$200 to $500 per hour, or $5,000 to $25,000 per month"") is a market claim and is excluded."
Conversion Lab,CMO,retainer,,,,,,https://www.conversionlab.online/,2026-08-20,browser_verified,fractional-cohort,No published price found in stage-one screening of the homepage and its pricing-linked pages. Opened and read in a browser during the full-coverage pass of 2026-08-21; no first-party price on the page.
Convoy Finance,multi,retainer,,,,,,https://www.convoyfinance.com/,2026-08-20,browser_verified,queue-2026-08-20,No published price found on the homepage or its pricing-linked pages. Opened and read in a browser during the full-coverage pass of 2026-08-21; no first-party price on the page.
COO Fractional (Niklas Lindahl),COO,retainer,10500,10500,EUR,per_month,2 days/week,https://coofractional.com/cost,2026-08-20,browser_verified,coo,"Published verbatim as ""€10,500 / mo"" for 2 days/week. ""Standard. Build process, run ops cadence, own KPIs."" Browser-verified."
COO Fractional (Niklas Lindahl),COO,retainer,15000,15000,EUR,per_month,3 days/week,https://coofractional.com/cost,2026-08-20,browser_verified,coo,"Published verbatim as ""€15,000 / mo"" for 3 days/week. ""Heavy lift. Full operating model build. Most clients start here for 90 days."" Browser-verified."
COO Fractional (Niklas Lindahl),COO,day_rate,1800,1800,EUR,per_day,min 4 days/month,https://coofractional.com/cost,2026-08-20,browser_verified,coo,"Published verbatim as ""Day-rate option: €1,800 / day, minimum 4 days / month. For project work that does not need ongoing cadence."" Browser-verified."
COO Fractional (Niklas Lindahl),COO,retainer,6000,6000,EUR,per_month,1 day/week,https://coofractional.com/cost,2026-08-20,browser_verified,coo,"Published verbatim as ""€6,000 / mo"" for 1 day/week. ""Lightest engagement. Cadence + reporting + decision support."" 3-month minimum. Browser-verified."
COO Services,COO,retainer,,,,,,https://coo-services.com/,2026-08-20,browser_verified,fractional-cohort,No published price found in stage-one screening of the homepage and its pricing-linked pages. Opened and read in a browser during the full-coverage pass of 2026-08-21; no first-party price on the page.
Crabapple Communications,CMO,project,1950,,USD,fixed_fee_per_project,2 weeks,https://www.crabapplecomms.com/,2026-08-20,browser_verified,fractional-cohort,"Brand-strategy package, published verbatim as ""Investment: $1,950"" over 2 weeks. Scope note: brand and marketing strategy packages rather than an executive retainer."
Crabapple Communications,CMO,project,3450,,USD,fixed_fee_per_project,3-4 weeks,https://www.crabapplecomms.com/,2026-08-20,browser_verified,fractional-cohort,"Brand-strategy package, published verbatim as ""Investment: $3,450"" over 3-4 weeks."
Crabapple Communications,CMO,project,5500,,USD,fixed_fee_per_project,3-4 weeks,https://www.crabapplecomms.com/,2026-08-20,browser_verified,fractional-cohort,"Brand-strategy package, published verbatim as ""Investment: $5,500"" over 3-4 weeks. Recovered by following a linked packages page; the homepage carries no figure."
Crafted,CPO,retainer,,,,,,https://www.crafted.solutions/fractional-leadership,2026-08-21,browser_verified,cpo-expansion,"No published price found at capture. Firm with team of technical product leaders (Laura Poatsy, Kyle Brill, Aaron Knoll). Offers fractional product leadership, design, and engineering. Opened and read in a browser during the full-coverage pass of 2026-08-21; no first-party price on the page."
Craig Unsworth,CPO,retainer,,,,,,https://www.craigunsworth.com/fractional-chief-product-officer,2026-08-21,browser_verified,cpo-expansion,"No published price found at capture. Independent fractional CPO. Typically 1-3 days/week, minimum 6-month engagement. Focus on building new Product functions and high-performing teams. Opened and read in a browser during the full-coverage pass of 2026-08-21; no first-party price on the page."
CRI CFO Hub,CFO,retainer,,,,,,https://www.cricfohub.com/,2026-08-21,browser_verified,cpo,No published price found at capture. cfohub.com 301-redirects to cricfohub.com. Opened and read in a browser during the full-coverage pass of 2026-08-21; no first-party price on the page.
CRO2go,CRO,retainer,,,,,,https://cro2go.ch/,2026-08-20,browser_verified,queue-2026-08-20,No published price found on the homepage or its pricing-linked pages. Opened and read in a browser during the full-coverage pass of 2026-08-21; no first-party price on the page.
Crosby Ottenhoff Group,CFO,retainer,,,,,,https://www.crosbyott.com/,2026-08-20,browser_verified,fractional-cohort,No published price found in stage-one screening of the homepage and its pricing-linked pages. Opened and read in a browser during the full-coverage pass of 2026-08-21; no first-party price on the page.
Crosslake Technologies,CPO,retainer,,,,,,https://crosslaketech.com/practices/,2026-08-21,browser_verified,cpo-expansion,"No published price found at capture. US PE-focused tech consultancy. CPO listed under Interim Leadership practice alongside CIO, CISO, CTO. Opened and read in a browser during the full-coverage pass of 2026-08-21; no first-party price on the page."
Crown CFO,CFO,retainer,,,,,,https://crowncfo.com/,2026-08-21,browser_verified,cfo,No published price found at capture. Custom strategic pricing; contact required. Opened and read in a browser during the full-coverage pass of 2026-08-21; no first-party price on the page.
Crucial Recruiting,CPO,retainer,4500,,USD,per_month,,https://www.crucialrecruiting.com/fractional-recruiting-pricing/,2026-08-20,browser_verified,cpo-expansion,"Published verbatim: ""fractional recruiting pricing starts at $4,500 USD per month with zero placement fees and zero per-hire charges"", and ""The Advising Plan fractional recruiting rate starts at $4,500 per month"". Scope note: fractional recruiting, not a C-suite executive rate."
Crucial Recruiting,CPO,retainer,9500,10500,USD,per_month,,https://www.crucialrecruiting.com/fractional-recruiting-pricing/,2026-08-20,browser_verified,cpo-expansion,"Published verbatim: a simultaneous niche search ""moves the retainer toward $9,500 to $10,500"". Scope note: fractional recruiting, not a C-suite executive rate."
Crux Consulting LLC,CFO,retainer,,,,,,https://cruxconsulting.com/,2026-08-20,browser_verified,fractional-cohort,"No published price found at capture. Page directs to a quote, call or custom pricing. Pricing exists but is not published. Opened and read in a browser during the full-coverage pass of 2026-08-21; no first-party price on the page."
Cruzumi CFO & Advisory,CFO,retainer,,,,,,https://cruzumi.com/,2026-08-20,browser_verified,fractional-cohort,No published price found in stage-one screening of the homepage and its pricing-linked pages. Opened and read in a browser during the full-coverage pass of 2026-08-21; no first-party price on the page.
CTBK,CFO,retainer,,,,,,https://ctbk.com/,2026-08-20,browser_verified,fractional-cohort,No published price found in stage-one screening of the homepage and its pricing-linked pages. Opened and read in a browser during the full-coverage pass of 2026-08-21; no first-party price on the page.
CTO Directory,CTO,retainer,,,,,,https://ctodirectory.com/,2026-08-20,browser_verified,queue-2026-08-20,"An automated screening pass flagged ""from $250 per month"". No currency figure occurs anywhere in the browser-rendered page. No figure is attributed to this provider. Opened and read in a browser during the full-coverage pass of 2026-08-21; no first-party price on the page."
CTO Fraction,CTO,retainer,,,,,,https://ctofraction.com/,2026-08-20,browser_verified,cto,No published price found at capture. US. Fractional part-time interim virtual CTO for SaaS startups and SMBs. Agent-screened. Opened and read in a browser during the full-coverage pass of 2026-08-21; no first-party price on the page.
CTO on Demand,CTO,project,750,,USD,fixed_fee_per_project,,https://ctoondemand.com/,2026-08-20,browser_verified,stage2-2026-08-20,"The Reality Check, published as ""The Reality Check, $750"". An Engineering Health Score is published as free. The ""$300k+ salary"" reference is a full-time comparison and is excluded. Browser-verified."
CTO on Demand (UK),CTO,retainer,,,,,,https://www.ctoondemand.co.uk/tools/fractional-cto-cost-calculator,2026-08-20,browser_verified,stage2-2026-08-20,"An automated screening pass flagged a monthly figure. Browser verification found an interactive cost calculator: the figures are UK market day-rate bands the visitor selects, and the monthly total is a calculated output. The output is generated from the visitor's own inputs, so it is not recorded as a published price. Opened and read in a browser during the full-coverage pass of 2026-08-21; no first-party price on the page."
CustomOne CFO & Controllers,CFO,retainer,,,,,,https://customonecfo.com/,2026-08-20,browser_verified,fractional-cohort,No published price found in stage-one screening of the homepage and its pricing-linked pages. Opened and read in a browser during the full-coverage pass of 2026-08-21; no first-party price on the page.
CXO Partners,CPO,retainer,,,,,,https://cxo.partners/interim-cpo/,2026-08-21,browser_verified,cpo-expansion,No published price found at capture. Firm offering interim CPO deployment in 48-72 hours. Engagements range from bridging to permanent hire to ongoing fractional leadership. Opened and read in a browser during the full-coverage pass of 2026-08-21; no first-party price on the page.
CxoFI.com Fractional Executives,CTO,retainer,,,,,,https://www.cxofi.com/,2026-08-20,browser_verified,fractional-cohort,No published price found in stage-one screening of the homepage and its pricing-linked pages. Opened and read in a browser during the full-coverage pass of 2026-08-21; no first-party price on the page.
DAAXIT,multi,retainer,,,,,,https://daaxit.com/,2026-08-20,browser_verified,fractional-cohort,"No published price found at capture. Page directs to a quote, call or custom pricing. Pricing exists but is not published. Opened and read in a browser during the full-coverage pass of 2026-08-21; no first-party price on the page."
DawnFosah.com,CTO,retainer,,,,,,https://www.dawnfosah.com/,2026-08-20,browser_verified,fractional-cohort,No published price found in stage-one screening of the homepage and its pricing-linked pages. Opened and read in a browser during the full-coverage pass of 2026-08-21; no first-party price on the page.
DaxHive,CFO,retainer,299,,USD,per_month,,https://daxhive.com/,2026-08-20,browser_verified,queue-2026-08-20,"Single service, published as ""Single services from $299/mo"". Floor only. Browser-verified."
DaxHive,CFO,retainer,3000,,USD,per_month,,https://daxhive.com/,2026-08-20,browser_verified,queue-2026-08-20,"Full bundle, published as ""everything from $3,000/mo · No setup fees · Month-to-month"". Browser-verified."
Deep Quiver,CMO,retainer,,,,,,https://www.deepquiver.com/,2026-08-20,browser_verified,fractional-cohort,No published price found in stage-one screening of the homepage and its pricing-linked pages. Opened and read in a browser during the full-coverage pass of 2026-08-21; no first-party price on the page.
Delta Element,multi,project,5000,,USD,fixed_fee_per_project,,https://delta-element.com/,2026-08-20,browser_verified,fractional-cohort,"Published verbatim: ""Strategy Sessions start at $5,000"". The retainer is explicitly not published - ""Pricing discussed on a strategy call"" - so no retainer row exists for this provider."
DeLuca Financial Services,CFO,retainer,,,,,,https://www.delucafinancialservices.com/,2026-08-20,browser_verified,fractional-cohort,No published price found in stage-one screening of the homepage and its pricing-linked pages. Opened and read in a browser during the full-coverage pass of 2026-08-21; no first-party price on the page.
DemandRevenue,CMO,retainer,,,,,,https://www.demandrevenue.com/,2026-08-20,browser_verified,cmo,"No published own rate. B2B SaaS fractional CMO focused on PE/VC-backed companies, ARR growth. 30-min call to scope engagement. Opened and read in a browser during the full-coverage pass of 2026-08-21; no first-party price on the page."
DEO: The Dentist Entrepreneur Organization,multi,retainer,,,,,,https://www.deodentalgroup.com/,2026-08-20,browser_verified,fractional-cohort,No published price found in stage-one screening of the homepage and its pricing-linked pages. Opened and read in a browser during the full-coverage pass of 2026-08-21; no first-party price on the page.
Digital Applied,CMO,retainer,,,,,,https://www.digitalapplied.com/,2026-08-20,browser_verified,cmo,No published own rate. Digital marketing agency citing MarketerHire market ranges. Opened and read in a browser during the full-coverage pass of 2026-08-21; no first-party price on the page.
Digital Authority Partners,CPO,retainer,300,500,USD,per_hour,,https://www.digitalauthority.me/fractional-executive-services/,2026-08-20,browser_verified,cpo-expansion,"Published verbatim: ""Our fractional executive rates range from $300 to $500 per hour."" A first-party hourly rate for fractional executives generally, not split by role. The ""$2.1B in operational improvements"" figure on the same page is a client-outcome claim and is excluded."
Digital Marketing All,multi,retainer,,,,,,https://digitalmarketingall.org/,2026-08-20,browser_verified,fractional-cohort,No published price found in stage-one screening of the homepage and its pricing-linked pages. Opened and read in a browser during the full-coverage pass of 2026-08-21; no first-party price on the page.
Dirty Mktg,CMO,retainer,2000,2000,USD,per_month,,https://www.dirtymktg.com/pricing,2026-08-20,browser_verified,cmo,"Starter Package. Published verbatim as ""$2,000 Every month"". Browser-verified."
Dirty Mktg,CMO,retainer,3500,3500,USD,per_month,,https://www.dirtymktg.com/pricing,2026-08-20,browser_verified,cmo,"Standard Package. Published verbatim as ""$3,500 Every month"". Browser-verified."
Dirty Mktg,CMO,retainer,6500,6500,USD,per_month,,https://www.dirtymktg.com/pricing,2026-08-20,browser_verified,cmo,"Elite Package. Published verbatim as ""$6,500 Every month"". Browser-verified."
DNA Leads,CMO,retainer,3500,,USD,per_month,,https://dnaleads.com/pricing-plans/,2026-08-20,browser_verified,cmo,"Core tier. Published verbatim as ""Starting At* $3,500* per month"". Min 3 month commitment. Includes fractional CMO leadership. Floor only. Browser-verified."
DNA Leads,CMO,retainer,5500,,USD,per_month,,https://dnaleads.com/pricing-plans/,2026-08-20,browser_verified,cmo,"Plus tier. Published verbatim as ""Starting At* $5,500* per month"". Min 6 month commitment. Everything in Core plus execution. Floor only. Browser-verified."
DNA Leads,CMO,retainer,8500,,USD,per_month,,https://dnaleads.com/pricing-plans/,2026-08-20,browser_verified,cmo,"Complete tier. Published verbatim as ""Starting At* $8,500* per month"". Min 6 month commitment. Full marketing team leadership. Floor only. Browser-verified."
Dodson Consulting Co.,CMO,retainer,,,,,,https://www.dodsonconsulting.co/,2026-08-20,browser_verified,fractional-cohort,No published price found in stage-one screening of the homepage and its pricing-linked pages. Opened and read in a browser during the full-coverage pass of 2026-08-21; no first-party price on the page.
Dolfinn,CFO,retainer,,,,,,https://dolfinn.in/,2026-08-21,browser_verified,cfo,No published price found at capture. Finance outsourcing / fractional CFO; directs to free consultation. Opened and read in a browser during the full-coverage pass of 2026-08-21; no first-party price on the page.
Double L Brands,CMO,retainer,,,,,,https://doublelbrands.com/,2026-08-20,browser_verified,fractional-cohort,No published price found in stage-one screening of the homepage and its pricing-linked pages. Opened and read in a browser during the full-coverage pass of 2026-08-21; no first-party price on the page.
Dovetail Advisory,CPO,retainer,,,,,,https://www.dovetailadvisory.com/cpo-as-a-service/,2026-08-21,browser_verified,cpo-expansion,"No published price found at capture. Offers explicit ""CPO as a Service"" page. Requires verification that CPO refers to Chief Product Officer (not People or Procurement). Pending browser verification. Opened and read in a browser during the full-coverage pass of 2026-08-21; no first-party price on the page."
ducAlto,COO,retainer,,,,,,https://ducalto.com.au/,2026-08-20,browser_verified,coo,"No published price for fractional COO retainer. States ""Engagements are scoped and priced to suit your stage and commitment level."" Offers 1-3 days/week. Opened and read in a browser during the full-coverage pass of 2026-08-21; no first-party price on the page."
ducAlto,COO,project,4500,,AUD,fixed_fee_per_project,,https://ducalto.com.au/,2026-08-20,browser_verified,coo,"Ops Health Check. Published verbatim as ""$4500 AUD + GST - fixed price, no ongoing commitment"". Floor only. Browser-verified."
Duke BCG | Fractional COOs,multi,retainer,,,,,,https://www.dukebcg.com/,2026-08-20,browser_verified,fractional-cohort,"No published price found at capture. Page directs to a quote, call or custom pricing. Pricing exists but is not published. Opened and read in a browser during the full-coverage pass of 2026-08-21; no first-party price on the page."
dustinrea.com,CTO,retainer,,,,,,https://www.dustinrea.com/,2026-08-20,browser_verified,fractional-cohort,"No published price found at capture. Page directs to a quote, call or custom pricing. Pricing exists but is not published. Opened and read in a browser during the full-coverage pass of 2026-08-21; no first-party price on the page."
EatWorkSleep,CTO,retainer,,,,,,https://www.eatworksleep.com/,2026-08-20,browser_verified,fractional-cohort,No published price found in stage-one screening of the homepage and its pricing-linked pages. Opened and read in a browser during the full-coverage pass of 2026-08-21; no first-party price on the page.
EAV LLC Marketing,CMO,retainer,150,150,USD,per_hour,,https://www.eavllcmarketing.com/post/fractional-cmo-cost,2026-08-20,browser_verified,cmo,"Hourly Advisory and Project-Based Consulting. Published verbatim as ""$150 per hour"". Browser-verified."
EAV LLC Marketing,CMO,retainer,3000,3000,USD,per_month,,https://www.eavllcmarketing.com/post/fractional-cmo-cost,2026-08-20,browser_verified,cmo,"Strategic Advisory tier. Published verbatim as ""$3,000 per month"". Guidance and leadership for companies with existing resources. Browser-verified."
EAV LLC Marketing,CMO,retainer,6000,6000,USD,per_month,,https://www.eavllcmarketing.com/post/fractional-cmo-cost,2026-08-20,browser_verified,cmo,"Embedded Fractional CMO tier. Published verbatim as ""$6,000 per month"". Hands-on leadership and consistent involvement. Browser-verified."
EAV LLC Marketing,CMO,retainer,9000,9000,USD,per_month,,https://www.eavllcmarketing.com/post/fractional-cmo-cost,2026-08-20,browser_verified,cmo,"Comprehensive Fractional CMO Leadership tier. Published verbatim as ""$9,000 per month"". Currently unavailable due to bandwidth. Browser-verified."
ECA Partners,COO,marketplace_match,,,,,,https://www.eca-partners.com/,2026-08-20,browser_verified,coo,No published price found at capture. Executive search and interim executive firm. No rates or platform fees disclosed. Opened and read in a browser during the full-coverage pass of 2026-08-21; no first-party price on the page.
Echo and Reach,CMO,retainer,,,,,,https://echoandreach.com/,2026-08-20,browser_verified,cmo,No published price found at capture. Mentions custom long-term collaboration. Opened and read in a browser during the full-coverage pass of 2026-08-21; no first-party price on the page.
Eduardo Cruz,CTO,retainer,60,,USD,per_hour,,https://eduardocruz.com/writing/fractional-cto-rates-2026/,2026-08-20,browser_verified,stage2-2026-08-20,"Published verbatim as ""I charge $60 an hour. No retainer, no agency markup, no twelve-month contract."" The surrounding article discusses market anchors, which are excluded. Browser-verified."
Egon Expert,CTO,retainer,,,,,,https://egon-expert.com/,2026-08-20,browser_verified,cto,No published price found at capture. UK (London and Reading). Pricing page provides market benchmarks only. Agent-screened. Opened and read in a browser during the full-coverage pass of 2026-08-21; no first-party price on the page.
Egon Zehnder,CPO,marketplace_match,,,,,,https://www.egonzehnder.com/functions/technology-officers/chief-product-officers,2026-08-21,browser_verified,cpo-expansion,No published price found at capture. Global executive search firm with dedicated Chief Product Officers practice. Advisory and placement for CPO roles. Opened and read in a browser during the full-coverage pass of 2026-08-21; no first-party price on the page.
Egort & Partners,multi,retainer,2499,,USD,per_month,,https://www.epfsllc.com/pricing,2026-08-20,browser_verified,queue-2026-08-20,"Essential tier of three, published verbatim: ""$2,499 USD /month"", with ""3-month minimum relationship commitment required."" Scope includes bookkeeping, payroll management, sales tax, financial reporting and bill pay."
Egort & Partners,multi,retainer,7499,,USD,per_month,,https://www.epfsllc.com/pricing,2026-08-20,browser_verified,queue-2026-08-20,"Strategic tier of three, published verbatim: ""$7,499 USD /month"", with ""3-month minimum relationship commitment required."" Adds cash flow modeling, KPI tracking, M&A prep, strategic planning, risk management and budgeting."
Egort & Partners,multi,retainer,14999,,USD,per_month,,https://www.epfsllc.com/pricing,2026-08-20,browser_verified,queue-2026-08-20,"Enterprise tier of three, published verbatim: ""$14,999 USD /month"", with ""3-month minimum relationship commitment required."" Recovered on a /pricing page never previously opened."
Eight Bit Studios,CTO,retainer,,,,,,https://eightbitstudios.com/,2026-08-20,browser_verified,stage2-2026-08-20,An automated screening pass flagged a price. No currency figure occurs anywhere in the browser-rendered page. No figure is attributed to this provider. Opened and read in a browser during the full-coverage pass of 2026-08-21; no first-party price on the page.
Elevate CFO,COO,retainer,,,,,,https://elevatecfo.ai/,2026-08-20,browser_verified,fractional-cohort,"No published price found at capture. Page directs to a quote, call or custom pricing. Pricing exists but is not published. Opened and read in a browser during the full-coverage pass of 2026-08-21; no first-party price on the page."
Elite Focus Accounting & Consulting,CFO,retainer,,,,,,https://www.elitefocusaccounting.com/,2026-08-20,browser_verified,fractional-cohort,No published price found in stage-one screening of the homepage and its pricing-linked pages. Opened and read in a browser during the full-coverage pass of 2026-08-21; no first-party price on the page.
Elite Fractional CxO,CPO,marketplace_match,,,,,,https://fractional-csuite.com/cpo/,2026-08-21,browser_verified,cpo-expansion,"No published platform fee. European comparator with matching function (""Find a CxO""). Publishes European market day rates (UK GBP 1,000-2,500; Germany EUR 1,400-1,900; France EUR 900-1,800) but these are provider market rates, not the platform's own fee. Self-described as ""independent comparator."" Opened and read in a browser during the full-coverage pass of 2026-08-21; no first-party price on the page."
Elite Fractional CxO,CTO,retainer,,,,,,https://fractional-csuite.com/cto/,2026-08-20,browser_verified,cto,No published price found at capture. Publishes third-party market benchmarks aggregated from Robert Walters and INIMA reports. Information resource not a transaction platform. WebFetch-verified. Opened and read in a browser during the full-coverage pass of 2026-08-21; no first-party price on the page.
Elite Fractional CxO,COO,marketplace_match,,,,,,https://fractional-csuite.com/coo/,2026-08-20,browser_verified,coo,"No published own price. Aggregates market benchmarks from third-party sources (Atreus, DDIM, Renoir Interim, Robert Walters). Not the platform's own fee. Opened and read in a browser during the full-coverage pass of 2026-08-21; no first-party price on the page."
Emerging Humanity,CPO,retainer,,,,,,https://emerginghumanity.com/explore-fractional-chief-product-officer-cpo,2026-08-21,browser_verified,cpo-expansion,"No published price found at capture. Run by Christos Kritikos (20 years experience, 150+ ventures). Starts with pilot project, then monthly retainer ""negotiated based on scope and time commitment."" Typical duration 3-12 months. Opened and read in a browser during the full-coverage pass of 2026-08-21; no first-party price on the page."
Enlightened Order,CFO,retainer,1500,6000,USD,per_month,,https://www.enlightenedorder.com/,2026-08-20,browser_verified,stage2-2026-08-20,"Controller-level tiers, published as ""INVESTMENT $1,500 - $6,000 / month. Three tiers - Essential, Elevated, Enterprise"". Browser-verified."
Enlightened Order,CFO,retainer,375,2500,USD,per_month,,https://www.enlightenedorder.com/,2026-08-20,browser_verified,stage2-2026-08-20,"Fundamentals bookkeeping, published as ""INVESTMENT $375 - $2,500+ / month. Three tiers - Collaborate, Core, Concierge"". Outside the executive-services scope of this index; recorded for completeness. Browser-verified."
Enlightened Order,CFO,retainer,4500,,USD,per_month,,https://www.enlightenedorder.com/,2026-08-20,browser_verified,stage2-2026-08-20,"Advisory & CFO Support, published as ""INVESTMENT From $4,500 / month (Fractional CFO)"". Floor only. Browser-verified."
Enlightened Order,CFO,project,500,,USD,fixed_fee_per_project,,https://www.enlightenedorder.com/,2026-08-20,browser_verified,stage2-2026-08-20,"Tax planning, published as ""INVESTMENT Starting at $500 - fixed-fee, scoped per engagement"". Browser-verified."
Epicwayz LLC,CFO,retainer,,,,,,https://epicwayz.com,2026-08-20,unreachable,fractional-cohort,Not reachable at capture (timeout). Unreachable is distinct from having no published price.
Erica Roman,COO,retainer,,,,,,https://www.ericaromanservices.com/,2026-08-20,browser_verified,fractional-cohort,No published price found in stage-one screening of the homepage and its pricing-linked pages. Opened and read in a browser during the full-coverage pass of 2026-08-21; no first-party price on the page.
Erika L Purcell,CMO,retainer,10000,,USD,per_month,10 hrs/week,https://www.erikalpurcell.com/pricing,2026-08-20,browser_verified,stage2-2026-08-20,"Engaged Fractional CMO, published as ""Investment: Starting at $10,000/month ... I dedicate 10 hours per week"". Browser-verified."
Erika L Purcell,CMO,retainer,3000,,USD,per_month,,https://www.erikalpurcell.com/pricing,2026-08-20,browser_verified,stage2-2026-08-20,"Fractional CMO Advisor, published as ""Investment: Starting at $3,000/month"", available after an initial 90-day sprint, minimum 6 months. Browser-verified."
Erika L Purcell,CMO,project,3000,,USD,fixed_fee_per_project,,https://www.erikalpurcell.com/pricing,2026-08-20,browser_verified,stage2-2026-08-20,"Visibility Audit standalone offering, published as ""Investment: Starting at $3,000"". Browser-verified."
Erika L Purcell,CMO,project,7500,,USD,fixed_fee_per_project,4 hours,https://www.erikalpurcell.com/pricing,2026-08-20,browser_verified,stage2-2026-08-20,"Half-Day Strategy Session, published as ""Investment: Starting at $7,500 + travel ... a focused, 4-hour strategy session"". Browser-verified."
Escalon,CFO,retainer,,,,,,https://escalon.services/pricing/,2026-08-21,browser_verified,cpo,"No published CFO price. The pricing page publishes Financial Operations Starter at a monthly figure, but the Pro tier that carries controller and CFO services is published as ""Custom pricing"". Bookkeeping and HR tiers are out of scope. Not browser-verified; screened only. Opened and read in a browser during the full-coverage pass of 2026-08-21; no first-party price on the page."
"EssJay, Inc",CFO,retainer,,,,,,https://www.essjay.io/,2026-08-20,browser_verified,fractional-cohort,No published price found in stage-one screening of the homepage and its pricing-linked pages. Opened and read in a browser during the full-coverage pass of 2026-08-21; no first-party price on the page.
Excel Complete,CFO,project,300,,USD,fixed_fee_per_project,1 hour,https://www.excelcomplete.com/,2026-08-20,browser_verified,stage2-2026-08-20,"Strategic Consultation, published as ""Business consultation call to focus on strategy and systems $300 ... One hour advisory"". Browser-verified."
Excel Complete,CFO,retainer,7500,,USD,per_month,,https://www.excelcomplete.com/,2026-08-20,browser_verified,stage2-2026-08-20,"Fractional Leadership, published as ""Executive leadership to drive strategy $7,500/mo ... CPA lead CFO and CTO leadership"". Browser-verified."
Exec Capital,COO,marketplace_match,,,,,,https://www.execcapital.co.uk/fractional-coo,2026-08-20,browser_verified,coo,"No published own price. Provides market benchmarks (£800-£2,000/day by segment) but these are industry estimates, not Exec Capital's own fees. Opened and read in a browser during the full-coverage pass of 2026-08-21; no first-party price on the page."
ExecFractional,CTO,retainer,,,,,,https://execfractional.com/,2026-08-20,browser_verified,stage2-2026-08-20,"An automated screening pass flagged hourly rates. Browser verification found individual executive profiles each labelled ""REAL EXECUTIVE, NOT CURRENTLY AVAILABLE"" with rates of $225-$300/hr. These are illustrative individual profiles, not the platform published rate, and are marked unavailable. No price asserted. Opened and read in a browser during the full-coverage pass of 2026-08-21; no first-party price on the page."
Executive Allies,CFO,retainer,,,,,,https://www.theexecutiveallies.com/,2026-08-20,browser_verified,fractional-cohort,No published price found in stage-one screening of the homepage and its pricing-linked pages. Opened and read in a browser during the full-coverage pass of 2026-08-21; no first-party price on the page.
ExpandUp Consulting,CPO,retainer,,,,,,https://www.expandupconsulting.com/fractional-leadership,2026-08-20,blocked,cpo-expansion,Not screened. HTTP 403 on server fetch. Search results confirm Fractional CPO and COO Leadership offering. Requires browser verification.
Expert Fractional CFO,CFO,retainer,,,,,,https://expertfractionalcfo.com/,2026-08-20,browser_verified,fractional-cohort,No published price found in stage-one screening of the homepage and its pricing-linked pages. Opened and read in a browser during the full-coverage pass of 2026-08-21; no first-party price on the page.
Expert360,CPO,marketplace_match,,,,,,https://expert360.com/,2026-08-21,browser_verified,cpo-expansion,No published price found at capture. Australia/NZ/APAC marketplace for fractional executives. Covers fractional CPO among C-suite roles. Delivers shortlist within 48 hours. Opened and read in a browser during the full-coverage pass of 2026-08-21; no first-party price on the page.
Exxan,CTO,project,3500,,EUR,fixed_fee_per_project,2 days,https://exxan.nl/en/fractional-cto,2026-08-20,browser_verified,stage2-2026-08-20,"Technical Diagnostic, published as ""Start with a Technical Diagnostic at EUR 3,500 - two days on-site or remote"". Browser-verified."
Exxan,CTO,retainer,8000,,EUR,per_month,1.5-2 days/week,https://exxan.nl/en/fractional-cto,2026-08-20,browser_verified,stage2-2026-08-20,"Published verbatim as ""Fractional CTO engagements start at EUR 8,000/month - typically 1.5 to 2 days per week on a monthly retainer, minimum 6 months"". Browser-verified."
FAI,CTO,retainer,,,,,,https://fai.agency/,2026-08-20,browser_verified,fractional-cohort,"No published price found at capture. Page directs to a quote, call or custom pricing. Pricing exists but is not published. Opened and read in a browser during the full-coverage pass of 2026-08-21; no first-party price on the page."
Fast Enough Consulting,COO,retainer,,,,,,https://fastenoughconsulting.com/,2026-08-20,browser_verified,fractional-cohort,No published price found in stage-one screening of the homepage and its pricing-linked pages. Opened and read in a browser during the full-coverage pass of 2026-08-21; no first-party price on the page.
FBS Consulting,COO,retainer,,,,,,https://fbsconsulting.com.au/fractional-coo-australia/,2026-08-20,browser_verified,coo,No published price for 90-day fractional COO engagement. Directs to consultation. Opened and read in a browser during the full-coverage pass of 2026-08-21; no first-party price on the page.
FBS Consulting,COO,project,2000,,AUD,fixed_fee_per_project,,https://fbsconsulting.com.au/fractional-coo-australia/,2026-08-20,browser_verified,coo,"1-Day Operational Diagnostic. Published verbatim as ""1-Day Operational Diagnostic (from $2,000)"". Floor only. Browser-verified."
FCTO UK (Mike Tempest),CTO,day_rate,1000,,GBP,per_day,2-3 days per week over 6-12 months,https://fcto.uk/,2026-08-20,browser_verified,cto,"Published verbatim, twice: ""I typically work with startups at GBP 1,000 per day, structured as 2-3 days per week over 6-12 months"" and ""typically 2-3 days per week at GBP 1,000 per day"". NOT recorded from the same site: the separate /fractional-cto-pricing page carries a ""UK Fractional CTO Rates"" table of ""Typical Rate"" market bands, which are not this provider's own rate."
FD Capital,CFO,day_rate,600,1200,GBP,per_day,,https://www.fdcapital.co.uk/fractional-cfo-pricing-uk/,2026-08-20,browser_verified,queue-2026-08-20,"Published verbatim as ""FD Capital provides transparent fractional CFO pricing for UK businesses. Day rates from £600 to £1,200 depending on seniority, sector specialism, and engagement model."" First-party statement, not a market band. Browser-verified."
"Fechter Business Services, LLC",CFO,project,497,,USD,fixed_fee_per_project,one working session,https://fbstrategy.net,2026-08-20,browser_verified,fractional-cohort,"Published verbatim: ""Strategic Business Snapshot $497 - One working session with your real data, One Clarity Map, One clear next step."" Two further entry points, Business Clarity Session and ClarityCore Process, are named on the same page with no figure attached."
Fidelis Strategic Consulting LLC,COO,retainer,,,,,,https://fidelisstrategicconsulting.com/,2026-08-20,browser_verified,fractional-cohort,No published price found in stage-one screening of the homepage and its pricing-linked pages. Opened and read in a browser during the full-coverage pass of 2026-08-21; no first-party price on the page.
Fika CTO,CTO,retainer,,,,,,https://www.fikacto.com/,2026-08-20,browser_verified,cto,No published price found at capture. Describes Hourly and Fortnightly Retainer models but no specific amounts. Directs to consultation call. WebFetch-verified. Opened and read in a browser during the full-coverage pass of 2026-08-21; no first-party price on the page.
FindaFractional,COO,marketplace_match,0,0,GBP,placement_fee,,https://www.findafractional.co.uk/businesses,2026-08-20,browser_verified,coo,"Free for businesses. Published verbatim as ""no recruitment fees or platform costs"". Executives pay subscription + 10% platform fee on engagements. Browser-verified."
FindAFractional,CTO,retainer,,,,,,https://www.findafractional.com/,2026-08-20,unreachable,stage2-2026-08-20,Not reachable at browser verification: the site returned an error page and could not be rendered. Unreachable is distinct from having no published price.
FindOperators,COO,marketplace_match,0,0,USD,placement_fee,,https://findoperators.com/,2026-08-20,browser_verified,coo,"Free operations leader directory. Published verbatim as ""Free to browse, no recruiter fees"" for companies and ""Free to list — forever"" for operators. Browser-verified."
Finsightic,CFO,retainer,,,,,,https://finsightic.com/pricing,2026-08-20,browser_verified,queue-2026-08-20,"An automated screening pass flagged ""$9,000 /mo"". Browser verification found an interactive estimator: the visitor selects annual revenue and company structure and the page returns ""YOUR ESTIMATE"". The output is generated from the visitor's own inputs, so it is not recorded as a published price. Opened and read in a browser during the full-coverage pass of 2026-08-21; no first-party price on the page."
FinTeam Business Consulting,CFO,retainer,,,,,,https://thefinteam.com/,2026-08-20,browser_verified,fractional-cohort,No published price found in stage-one screening of the homepage and its pricing-linked pages. Opened and read in a browser during the full-coverage pass of 2026-08-21; no first-party price on the page.
Firmly Profits,CFO,retainer,,,,,,https://firmlyprofits.com/,2026-08-20,browser_verified,fractional-cohort,No published price found in stage-one screening of the homepage and its pricing-linked pages. Opened and read in a browser during the full-coverage pass of 2026-08-21; no first-party price on the page.
Fiscallion,CFO,retainer,,,,,,https://www.fiscallion.io/,2026-08-20,browser_verified,queue-2026-08-20,"An automated screening pass flagged ""$20,000"" from a blog worked example about CAC payback. The homepage publishes only credentials and case-study totals. No published price found at capture. Opened and read in a browser during the full-coverage pass of 2026-08-21; no first-party price on the page."
FiSolve,COO,retainer,,,,,,https://fisolve.com/outsourced-chief-operations-officer/,2026-08-20,browser_verified,coo,No published price found at capture. Outsourced COO services. Opened and read in a browser during the full-coverage pass of 2026-08-21; no first-party price on the page.
FLEXEC,CTO,retainer,,,,,,https://flexec.com/,2026-08-20,browser_verified,cto,No published price found at capture. US (Jacksonville Florida). Offers fractional CIO CTO CISO COO. Agent-screened. Opened and read in a browser during the full-coverage pass of 2026-08-21; no first-party price on the page.
FlexExec,CMO,retainer,275,500,USD,per_hour,,https://flexexec.io/fractional-cmo/,2026-08-20,browser_verified,cmo,"Hourly Rate. Published verbatim as ""$275 - $500/hr"" described as ""For project-based work"". Browser-verified."
FlexExec,CMO,retainer,8000,22000,USD,per_month,10-20 hours/week,https://flexexec.io/fractional-cmo/,2026-08-20,browser_verified,cmo,"Monthly Retainer. Published verbatim as ""$8,000 - $22,000/month"" with ""10-20 hours/week typical"". Page caveat: ""Actual pricing depends on scope, hours, and experience level."" Browser-verified."
FLO Growth Partners,CFO,retainer,,,,,,https://flo-gp.com/,2026-08-20,browser_verified,fractional-cohort,No published price found in stage-one screening of the homepage and its pricing-linked pages. Opened and read in a browser during the full-coverage pass of 2026-08-21; no first-party price on the page.
Flossels,CTO,retainer,2900,,CHF,per_month,,https://flossels.ch/en/services/consulting,2026-08-20,browser_verified,stage2-2026-08-20,"Ongoing fractional CTO / AI officer retainer, published as ""from CHF 2,900/month"". Floor only. Browser-verified."
Flow Partners,CFO,retainer,12000,,GBP,per_month,,https://www.flowpartners.io/fractional-cfo/united-arab-emirates,2026-08-20,browser_verified,queue-2026-08-20,"Pro tier, published as ""Pro £12,000 Per month"". AED figures elsewhere on the page describe UAE grant funding and tax thresholds, not this provider prices, and are excluded. Browser-verified."
Flow Partners,CFO,retainer,4000,,GBP,per_month,,https://www.flowpartners.io/fractional-cfo/united-arab-emirates,2026-08-20,browser_verified,queue-2026-08-20,"Core tier, published as ""Core £4,000 Per month"" with monthly financial statements and reporting. Browser-verified."
Flow Partners,CFO,retainer,8000,,GBP,per_month,,https://www.flowpartners.io/fractional-cfo/united-arab-emirates,2026-08-20,browser_verified,queue-2026-08-20,"Grow tier, published as ""Grow £8,000 Per month"". Browser-verified."
FMP Consulting LLC,CFO,retainer,,,,,,https://fmpconsultingllc.com/,2026-08-20,browser_verified,fractional-cohort,No published price found in stage-one screening of the homepage and its pricing-linked pages. Opened and read in a browser during the full-coverage pass of 2026-08-21; no first-party price on the page.
FocusCFO,CFO,retainer,,,,,,https://focuscfo.com/,2026-08-21,browser_verified,cfo,"No published price found at capture. Site emphasizes ""expert financial guidance without the full-time cost"" and directs to discovery call and complimentary half-day assessment. Opened and read in a browser during the full-coverage pass of 2026-08-21; no first-party price on the page."
Focused Energy,CFO,project,2500,6000,USD,fixed_fee_per_project,,https://www.focusedenergy.work/pricing-plans,2026-08-20,browser_verified,stage2-2026-08-20,"Update Existing Financial Model, published as ""$2,500 - $3,000"" (Startup), ""$4,000 - $5,000"" (Grow) and ""$6,000+"" (Scale). Browser-verified."
Focused Energy,CFO,project,5000,13000,USD,fixed_fee_per_project,,https://www.focusedenergy.work/pricing-plans,2026-08-20,browser_verified,stage2-2026-08-20,"New Financial Model, published across three client tiers as ""$5,000 - $6,000"" (Startup), ""$7,500 - $9,500"" (Grow) and ""$10,000 - $13,000"" (Scale). Band spans the published tiers. Browser-verified."
Forecastr,CFO,retainer,,,,,,https://forecastr.com/,2026-08-20,browser_verified,fractional-cohort,No published price found in stage-one screening of the homepage and its pricing-linked pages. Opened and read in a browser during the full-coverage pass of 2026-08-21; no first-party price on the page.
Foresight Mobile,CTO,project,3500,,GBP,fixed_fee_per_project,4 weeks,https://foresightmobile.com/services/fractional-cto-services/,2026-08-20,browser_verified,stage2-2026-08-20,"Published verbatim as ""Board-ready answer in 4 weeks. Fixed price: £3,500."" Browser-verified."
Fortium Partners,CMO,marketplace_match,,,,,,https://fortiumpartners.com/,2026-08-20,browser_verified,cmo,No published price found at capture. Executive leadership placements. Opened and read in a browser during the full-coverage pass of 2026-08-21; no first-party price on the page.
Forward,CPO,marketplace_match,,,,,,https://work.withforward.com/interim-head-of-product,2026-08-21,browser_verified,cpo-expansion,No published price found at capture. Consulting firm matching independent consultants with startups for interim Head of Product. Works exclusively with independent consultants. Opened and read in a browser during the full-coverage pass of 2026-08-21; no first-party price on the page.
Foster Web Marketing,CMO,retainer,,,,,,https://www.fosterwebmarketing.com/,2026-08-20,browser_verified,cmo,No published fractional CMO rate. Marketing firm with fractional CMO services. Opened and read in a browser during the full-coverage pass of 2026-08-21; no first-party price on the page.
Fractional CMO Partners,CMO,retainer,,,,,,https://www.fractionalcmopartners.com/,2026-08-20,browser_verified,cmo,No published own rate. Blog presents market research; contacts required for pricing. Opened and read in a browser during the full-coverage pass of 2026-08-21; no first-party price on the page.
Fractional CPO (fractionalcpo.co.uk),CPO,retainer,,,,,,https://www.fractionalcpo.co.uk/,2026-08-21,browser_verified,cpo-expansion,No published price found at capture. UK dedicated fractional CPO service led by Claire Giantzides. Customizable from a few hours weekly to several days per week/month. Opened and read in a browser during the full-coverage pass of 2026-08-21; no first-party price on the page.
Fractional CTO Experts,CTO,marketplace_match,,,,,,https://fractionalctoexperts.com/pricing,2026-08-21,browser_verified,cpo,"Screened only, not browser-verified. Published tiers are employer search subscriptions for a directory product, not fractional CTO service rates, so they are out of scope for a rates index even once verified. Opened and read in a browser during the full-coverage pass of 2026-08-21; no first-party price on the page."
Fractional CTO Solutions (Jeff Wray),CTO,retainer,1800,,USD,per_month,,https://fractionalctosolutions.com/,2026-08-20,browser_verified,fractional-cohort,"Straight Read tier, published verbatim as ""Starting at $1,800/month"". Floor only. Browser-verified."
Fractional CTO Solutions (Jeff Wray),CTO,retainer,2800,,USD,per_month,,https://fractionalctosolutions.com/,2026-08-20,browser_verified,fractional-cohort,"Steady Oversight tier, published verbatim as ""Starting at $2,800/month"". Floor only. Browser-verified."
Fractional CTO Solutions (Jeff Wray),CTO,retainer,5000,,USD,per_month,,https://fractionalctosolutions.com/,2026-08-20,browser_verified,fractional-cohort,"Owner-Side CTO tier, published verbatim as ""Starting at $5,000/month"". Floor only. Browser-verified."
Fractional CTO Solutions (Jeff Wray),CTO,retainer,9500,,USD,per_month,,https://fractionalctosolutions.com/,2026-08-20,browser_verified,fractional-cohort,"Embedded Leadership tier, published verbatim as ""Starting at $9,500/month"". Floor only. Browser-verified."
Fractional CTO South Africa,CTO,marketplace_match,,,,,,https://www.fractional-cto.co.za/,2026-08-20,browser_verified,cto,Directory. South Africa. No fees to clients. CTO pays referral commission (amount not disclosed). Agent-screened. Opened and read in a browser during the full-coverage pass of 2026-08-21; no first-party price on the page.
Fractional Execs,COO,marketplace_match,,,,,,https://www.fractional-execs.co.uk/,2026-08-20,browser_verified,coo,No published price found at capture. UK fractional-executive network. Opened and read in a browser during the full-coverage pass of 2026-08-21; no first-party price on the page.
Fractional Jobs,CTO,retainer,,,,,,https://fractionaljobs.io/,2026-08-20,browser_verified,stage2-2026-08-20,"An automated screening pass flagged hourly rates. Browser verification found a job board: the rates belong to third-party client postings, not to this site. Third-party rates are excluded by the first-party rule. Opened and read in a browser during the full-coverage pass of 2026-08-21; no first-party price on the page."
Fractional Jobs,COO,marketplace_match,3000,5000,USD,placement_fee,,https://www.fractionaljobs.io/blog/the-5-best-fractional-coo-platforms-and-services-2026,2026-08-20,browser_verified,coo,"One-time referral fee. Published verbatim as ""a one-time referral fee of $3,000 to $5,000"". Also in comparison table as ""One-time fee of $3,000 to $5,000"". No ongoing percentage. No conversion fee. Browser-verified."
Fractional Law Firm CMO,CMO,retainer,,,,,,https://www.fractionallawfirmcmo.com/,2026-08-20,browser_verified,cmo,No published price found at capture. Legal-industry fractional CMO niche. Opened and read in a browser during the full-coverage pass of 2026-08-21; no first-party price on the page.
Fractional Melbourne,COO,retainer,,,,,,https://www.fractional-melbourne.com/services/fractional-coo,2026-08-20,browser_verified,coo,"No published price found at capture. States engagements run ""30-60% less than a full-time hire"" without disclosing figures. Opened and read in a browser during the full-coverage pass of 2026-08-21; no first-party price on the page."
Fractional Ops Global,COO,retainer,20000,,USD,per_month,,https://fractionalops.com/monthly,2026-08-20,browser_verified,fractional-cohort,"Scale tier, published verbatim as ""$20,000/mo +"". Floor only. Browser-verified."
Fractional Ops Global,COO,retainer,4000,,USD,per_month,,https://fractionalops.com/monthly,2026-08-20,browser_verified,fractional-cohort,"Revenue+ tier, published verbatim as ""$4,000/mo"" on a 90-day term. Browser-verified."
Fractional Ops Global,COO,retainer,9600,,USD,per_month,,https://fractionalops.com/monthly,2026-08-20,browser_verified,fractional-cohort,"Revenue Pro tier, published verbatim as ""$9,600/mo"". Browser-verified."
Fractional Quest,CPO,marketplace_match,,,,,,https://fractional.quest/fractional-cpo-jobs-uk,2026-08-21,browser_verified,cpo-expansion,"Screened only. WebFetch reports platform charges ""incl. our 12% fee"" and lists UK CPO median day rate at GBP 1,350 (GBP 900-1,800 band). Hybrid recruitment platform with 48-hour shortlisting. Not browser-verified. No price row asserted. Pending verification for v1.1. Opened and read in a browser during the full-coverage pass of 2026-08-21; no first-party price on the page."
Fractional Quest,CMO,marketplace_match,,,,,,https://fractional.quest/,2026-08-20,browser_verified,cmo,No published CMO rate. Fractional jobs and directory hub. Benchmark day rates only. Opened and read in a browser during the full-coverage pass of 2026-08-21; no first-party price on the page.
Fractional Services (AU),COO,retainer,,,,,,https://fractionalservices.com.au/,2026-08-20,browser_verified,coo,No published price found at capture. Australian fractional executive services firm. Opened and read in a browser during the full-coverage pass of 2026-08-21; no first-party price on the page.
Fractional Tel Aviv,COO,marketplace_match,,,,,,https://www.fractional-telaviv.com/,2026-08-20,browser_verified,coo,"No published price found at capture. Israeli fractional executive placement service. States engagements cost ""30-60% less than a comparable full-time hire"" without disclosing figures. Opened and read in a browser during the full-coverage pass of 2026-08-21; no first-party price on the page."
Fractional-CRO.com,CRO,retainer,,,,,,https://fractional-cro.com/,2026-08-20,browser_verified,queue-2026-08-20,"No published price found at capture. Page directs to a quote, call or custom pricing. Pricing exists but is not published. Opened and read in a browser during the full-coverage pass of 2026-08-21; no first-party price on the page."
Fractional.pm,CPO,retainer,,,,,,https://fractional.pm/,2026-08-21,browser_verified,cpo-expansion,"No published price found at capture. Individual consultant (Mayur). Product consulting for startups covering strategy, roadmap, and MVP. States ""Pay only for the hours you need."" Opened and read in a browser during the full-coverage pass of 2026-08-21; no first-party price on the page."
FractionalCPO,CPO,retainer,,,,,,https://fractionalcpo.com/,2026-08-19,unreachable,cpo-expansion,"No published price found at capture. FAQ answer to ""How much does FractionalCPO cost?"" reads: ""The question isn't what FractionalCPO costs. The question is what it costs to make the wrong leadership hire."" Directs to contact. PE-backed and growth-stage focus. Browser-confirmed (site requires JS rendering; unreachable via server fetch)."
FractionalCRO UK,CRO,retainer,,,,,,https://fractionalcro.co.uk/,2026-08-20,browser_verified,queue-2026-08-20,No published price found on the homepage or its pricing-linked pages. Opened and read in a browser during the full-coverage pass of 2026-08-21; no first-party price on the page.
FractionalCRO.org,CRO,retainer,,,,,,https://www.fractionalcro.org/,2026-08-20,browser_verified,queue-2026-08-20,"No published price found at capture. Page directs to a quote, call or custom pricing. Pricing exists but is not published. Opened and read in a browser during the full-coverage pass of 2026-08-21; no first-party price on the page."
FractionalCTOs Australia,CTO,retainer,,,,,,https://fractionalctos.com.au/fractional-cto-cost-australia/,2026-08-20,browser_verified,stage2-2026-08-20,"An automated screening pass flagged prices. Every figure in the browser-rendered page is framed as a market claim (""a fractional CTO typically costs A$1,000-A$22,000 per month"", ""Market retainers run A$5,000-A$15,000+""). No first-party rate published. Excluded as a market estimate. Opened and read in a browser during the full-coverage pass of 2026-08-21; no first-party price on the page."
FractionalCXO.to,CPO,marketplace_match,,,,,,https://fractionalcxo.to/fractional-cpo,2026-08-21,browser_verified,cpo-expansion,"No published platform fee. Directory and marketplace for fractional CXOs. Page mentions ""$7K-$16K monthly retainer range"" but this is market rate guidance, not the platform's own fee. Opened and read in a browser during the full-coverage pass of 2026-08-21; no first-party price on the page."
FractionalCXO.to,CMO,marketplace_match,,,,,,https://fractionalcxo.to/,2026-08-20,browser_verified,cmo,No published rate. Directory hub with free listing; publishes industry pricing guidelines only. Opened and read in a browser during the full-coverage pass of 2026-08-21; no first-party price on the page.
FractionalCXO.to,COO,marketplace_match,,,,,,https://fractionalcxo.to/guides/fractional-coo-cost-guide,2026-08-20,browser_verified,coo,"Free directory and resource hub. Publishes market rate guides but no own platform fee. States ""The directory and resource hub for fractional C-suite executives."" Screened only. Opened and read in a browser during the full-coverage pass of 2026-08-21; no first-party price on the page."
FractionalLeader,CPO,marketplace_match,,,,,,https://fractionalleader.io/,2026-08-20,browser_verified,cpo-expansion,No published price found at capture. Marketplace covering fractional CPO among other CXO roles. Connects companies with fractional executive talent. Opened and read in a browser during the full-coverage pass of 2026-08-21; no first-party price on the page.
Fractionista,CPO,marketplace_match,,,,,,https://fractionista.com/,2026-08-21,browser_verified,cpo-expansion,"No published platform fee. European marketplace for fractional CxOs. Covers DACH, Benelux, Nordics, UK, Southern Europe. Strongest in SaaS, FinTech, HealthTech, deep-tech. Rates agreed directly between leader and company. Opened and read in a browser during the full-coverage pass of 2026-08-21; no first-party price on the page."
Fractionus,multi,marketplace_match,0,0,USD,placement_fee,,https://www.fractionus.com/,2026-08-20,browser_verified,stage2-2026-08-20,"Published verbatim as ""Zero Fees 100% free search & placement"" and ""Zero Fees to Hire"". The platform fee is a published figure of zero. Executive rates themselves are not published. Upgraded from screened-only to browser-verified on 2026-08-20."
Free Range Solutions,CPO,retainer,,,,,,https://www.freerangesol.com/,2026-08-20,browser_verified,cpo-expansion,No published price found at capture. Boutique firm (founder Andrew Warner). Explicitly offers Fractional CPO and Fractional Head of Product and Fractional VP of Product. Opened and read in a browser during the full-coverage pass of 2026-08-21; no first-party price on the page.
Free to Grow CFO,CFO,retainer,,,,,,https://freetogrowcfo.com/,2026-08-20,browser_verified,stage2-2026-08-20,"An automated screening pass flagged a figure. Every currency figure in the browser-rendered page is a client revenue band (""scale your brand from $10M to $50M+"") or a case-study total. No published price found at capture. Opened and read in a browser during the full-coverage pass of 2026-08-21; no first-party price on the page."
Fritz Shift,CMO,retainer,,,,,,https://www.fritzshift.com,2026-08-20,browser_verified,fractional-cohort,No published price found in stage-one screening of the homepage and its pricing-linked pages. Opened and read in a browser during the full-coverage pass of 2026-08-21; no first-party price on the page.
FrohnenGTM,CMO,retainer,,,,,,https://frohnengtm.com/,2026-08-20,browser_verified,fractional-cohort,"No published price found at capture. Page directs to a quote, call or custom pricing. Pricing exists but is not published. Opened and read in a browser during the full-coverage pass of 2026-08-21; no first-party price on the page."
Fulcrion,CTO,retainer,,,,,,https://fulcrion.com/,2026-08-20,browser_verified,fractional-cohort,"No published price found at capture. Page directs to a quote, call or custom pricing. Pricing exists but is not published. Opened and read in a browser during the full-coverage pass of 2026-08-21; no first-party price on the page."
Fulcrum Solutions,multi,retainer,,,,,,https://clutch.co/,2026-08-20,blocked,queue-2026-08-20,HTTP 403 on automated fetch. Bot-blocking is not the same as no published price; requires a browser capture. Pending.
Full Stack Consulting,CTO,project,20000,,GBP,fixed_fee_per_project,,https://fullstackconsulting.co.uk/services/fractional-cto,2026-08-20,browser_verified,stage2-2026-08-20,"THE BLUEPRINT, published as ""£20,000"". Browser-verified."
Full Stack Consulting,CTO,project,4995,,GBP,fixed_fee_per_project,,https://fullstackconsulting.co.uk/services/fractional-cto,2026-08-20,browser_verified,stage2-2026-08-20,"THE SPRINT, published as ""£4,995"". Browser-verified."
Full Stack Consulting,CTO,project,995,,GBP,fixed_fee_per_project,,https://fullstackconsulting.co.uk/services/fractional-cto,2026-08-20,browser_verified,stage2-2026-08-20,"THE AUDIT, published as ""£995"". Browser-verified."
Garde Haus Marketing,multi,retainer,,,,,,https://www.cristinpadgett.com/,2026-08-20,browser_verified,fractional-cohort,No published price found in stage-one screening of the homepage and its pricing-linked pages. Opened and read in a browser during the full-coverage pass of 2026-08-21; no first-party price on the page.
GCE Strategic Consulting,COO,retainer,,,,,,https://gcestrategicconsulting.com/blog/fractional-coo-rates,2026-08-20,browser_verified,coo,"No published own price. Blog discusses market rates. States ""GCE engagements are structured as fixed-fee partnerships"" without disclosing the fee. Opened and read in a browser during the full-coverage pass of 2026-08-21; no first-party price on the page."
Gelos,CFO,retainer,,,,,,https://gelos.llc/,2026-08-20,browser_verified,fractional-cohort,No published price found in stage-one screening of the homepage and its pricing-linked pages. Opened and read in a browser during the full-coverage pass of 2026-08-21; no first-party price on the page.
GetExact,multi,retainer,,,,,,https://getexact.com/,2026-08-20,browser_verified,queue-2026-08-20,No published price found on the homepage or its pricing-linked pages. Opened and read in a browser during the full-coverage pass of 2026-08-21; no first-party price on the page.
GetSysPro,COO,retainer,,,,,,https://www.getsyspro.com/,2026-08-20,browser_verified,coo,"No published own price. Offers fractional COO leadership. States ""GetSysPro scopes every engagement by deliverable rather than by an open-ended retainer."" Directs to consultation. Opened and read in a browser during the full-coverage pass of 2026-08-21; no first-party price on the page."
Gigantic Ventures Marketing,CMO,retainer,,,,,,https://giganticventures.com/,2026-08-20,browser_verified,fractional-cohort,No published price found in stage-one screening of the homepage and its pricing-linked pages. Opened and read in a browser during the full-coverage pass of 2026-08-21; no first-party price on the page.
gigCMO,CMO,retainer,,,,,,https://www.gigcmo.com/,2026-08-20,browser_verified,cmo,No published price found at capture. UK fractional CMO network and platform. Opened and read in a browser during the full-coverage pass of 2026-08-21; no first-party price on the page.
GigX,CTO,retainer,,,,,,https://www.gigx.com/pricing,2026-08-20,browser_verified,stage2-2026-08-20,"An automated screening pass flagged a price. Browser verification found membership tiers (""Silver $39/Month"", ""Gold $59/Month"", ""Platinum $89/Month"") which are profile subscriptions sold to executives, not rates charged to clients for fractional work. Out of scope for a rates index. Opened and read in a browser during the full-coverage pass of 2026-08-21; no first-party price on the page."
GigX,COO,marketplace_match,0,0,USD,placement_fee,,https://www.gigx.com/,2026-08-20,browser_verified,coo,"Free fractional executive directory. Published verbatim as ""Search the Network for free and contact the independent professionals directly at no cost."" Browser-verified."
Giles Financial Consulting,CFO,retainer,,,,,,https://gilesfc.com,2026-08-20,browser_verified,fractional-cohort,No published price found in stage-one screening of the homepage and its pricing-linked pages. Opened and read in a browser during the full-coverage pass of 2026-08-21; no first-party price on the page.
Go Consulting,COO,retainer,1500,,USD,per_month,,https://www.goconsultin.com/,2026-08-20,browser_verified,fractional-cohort,"Tier 1 of four under the heading ""Fractional COO Packages"", published verbatim: ""Operations Advisor ... 1,500 US dollars $1,500"", for solo founders and early-stage businesses. The page frames the tiers as monthly - ""one month at a time"". The client revenue bands quoted beside each tier (<$1M, $1M-$2M, $2M-$5M, >$5M) are qualifications, not prices."
Go Consulting,COO,retainer,5000,,USD,per_month,,https://www.goconsultin.com/,2026-08-20,browser_verified,fractional-cohort,"Tier 2 of four, published verbatim: ""Director of Operations ... 5,000 US dollars $5,000"", for early-stage companies."
Go Consulting,COO,retainer,9000,,USD,per_month,,https://www.goconsultin.com/,2026-08-20,browser_verified,fractional-cohort,"Tier 3 of four, published verbatim: ""VP of Operations ... 9,000 US dollars $9,000"", for multi-department teams."
Go Consulting,COO,retainer,14000,,USD,per_month,,https://www.goconsultin.com/,2026-08-20,browser_verified,fractional-cohort,"Tier 4 of four, published verbatim: ""Chief Operating Officer ... 14,000 US dollars $14,000 - Full executive partnership to lead ops strategy & execution discipline"". This is the C-suite tier of the card."
Go Fractional,CPO,marketplace_match,,,USD,percent_of_first_year_salary,,https://www.gofractional.com/hire/fractional-cpo,2026-08-21,unreachable,cpo,"Contract-to-hire conversion fee published as ""20% of first-year salary"". Not a rate; recorded as a fee term. No sourcing deposit; re-match at no additional sourcing cost. Opened in a browser during the full-coverage pass of 2026-08-21; the page could not be read (status: unreachable). Recorded as unreachable rather than as a published absence of price: this provider is counted in the denominator and carries no observation in either direction."
Go Fractional,COO,marketplace_match,,,USD,,,https://www.gofractional.com/hire/fractional-coo,2026-08-20,browser_verified,coo,"Contract-to-Hire option published without a price. Also publishes ""$200/hr"" as ""Fractional COO rates average across our live benchmarks"" — this is a benchmark statistic, not the provider's own rate. Browser-verified."
Go Fractional,COO,marketplace_match,24000,,USD,per_month,full-time hours,https://www.gofractional.com/hire/fractional-coo,2026-08-20,browser_verified,coo,"Interim COO tier. Published verbatim as ""$24,000 /month Starting at · full-time hours"". Floor only. Browser-verified. Superseded figure: a 2026-08-20 browser capture of the same provider publishes $27,200/month for full-time interim hours. Both rows are retained with their own capture dates because the provider changed the published figure."
Go Fractional,CTO,marketplace_match,27200,,USD,per_month,full-time,https://www.gofractional.com/hire/fractional-cto,2026-08-20,browser_verified,stage2-2026-08-20,"Interim placement, published as ""$27,200/month STARTING AT - FULL-TIME HOURS"". The claim that ""Fractional CTO rates average $217/hr across our live benchmarks"" is a market benchmark, not this platform price, and is excluded. Browser-verified."
Go Fractional,CTO,marketplace_match,5000,,USD,per_month,5-10 hrs/week,https://www.gofractional.com/hire/fractional-cto,2026-08-20,browser_verified,stage2-2026-08-20,"Published verbatim as ""$5,000/month STARTING AT - 5-10 HRS/WEEK - ONGOING"". Floor only. Browser-verified."
Goldman Wolfe,CFO,retainer,,,,,,https://www.goldmanwolfe.com/,2026-08-21,browser_verified,cfo,No published price found at capture. SaaS and software focused fractional CFO boutique; directs to contact. Opened and read in a browser during the full-coverage pass of 2026-08-21; no first-party price on the page.
GoodCore Software,CTO,retainer,,,,,,https://www.goodcore.co.uk/services/virtual-cto/,2026-08-20,browser_verified,cto,No published price found at capture. UK (Croydon). Agent-screened. Opened and read in a browser during the full-coverage pass of 2026-08-21; no first-party price on the page.
Graphite Financial,CFO,retainer,2000,,USD,per_month,,https://graphitefinancial.com/pricing/,2026-08-21,browser_verified,cpo,"Finance tier, published verbatim: ""Finance Starting at $2000 Per Mo"", whose feature list names ""Strategic fractional CFO support"" alongside FP&A, forecasting and board reporting. SCOPE CAVEAT: a bundled service package in which the fractional CFO is one line item among several, not a standalone executive retainer, and the page adds ""Pricing varies by: complexity, reporting cadence, operating metrics, advisory depth, fundraising, and planning needs."""
Graphite Financial,CFO,retainer,700,,USD,per_month,,https://graphitefinancial.com/pricing/,2026-08-21,browser_verified,cpo,"HR Services tier, published verbatim: ""HR Services Starting at $700 Per Mo"", whose feature list names ""Fractional HR leadership"". SCOPE CAVEAT: a bundled package, and ""Pricing varies by: team size, support level, policy needs, employee issues, and compliance complexity."" The sibling Payroll, Accounting and $400 tiers name no fractional role and are not recorded."
Gray Feather CFO,CFO,retainer,,,,,,https://grayfeathercfo.com/,2026-08-20,browser_verified,fractional-cohort,No published price found in stage-one screening of the homepage and its pricing-linked pages. Opened and read in a browser during the full-coverage pass of 2026-08-21; no first-party price on the page.
Graystone Consulting,CMO,retainer,,,,,,https://graystoneconsulting.co/,2026-08-20,browser_verified,cmo,No published own rate. Publishes market-range benchmarks only; states these are the market band not a quote. Opened and read in a browser during the full-coverage pass of 2026-08-21; no first-party price on the page.
Greater Purpose Consulting,COO,retainer,,,,,,https://greaterpurposeconsulting.com/,2026-08-20,browser_verified,fractional-cohort,No published price found in stage-one screening of the homepage and its pricing-linked pages. Opened and read in a browser during the full-coverage pass of 2026-08-21; no first-party price on the page.
GreenMo,CMO,retainer,,,,,,https://www.greenmo.space/,2026-08-20,browser_verified,cmo,No published own rate. Fractional CMO provider focused on marketing leadership over marketing activity. Opened and read in a browser during the full-coverage pass of 2026-08-21; no first-party price on the page.
Grimm and Company,CMO,retainer,,,,,,https://grimmandco.org/,2026-08-20,browser_verified,fractional-cohort,No published price found in stage-one screening of the homepage and its pricing-linked pages. Opened and read in a browser during the full-coverage pass of 2026-08-21; no first-party price on the page.
Grow And Glow Agency,CMO,retainer,,,,,,https://growandglowagency.com/,2026-08-20,browser_verified,fractional-cohort,No published price found in stage-one screening of the homepage and its pricing-linked pages. Opened and read in a browser during the full-coverage pass of 2026-08-21; no first-party price on the page.
GrowTal,CMO,marketplace_match,,,,,,https://www.growtal.com/,2026-08-20,browser_verified,cmo,No published fractional CMO pricing. Marketing-talent marketplace. Opened and read in a browser during the full-coverage pass of 2026-08-21; no first-party price on the page.
Growth Ahoy,CMO,retainer,2700,,EUR,per_month,1 day/week,https://www.growthahoy.com/pricing,2026-08-20,browser_verified,cmo,"Fractional CMO. Published verbatim as ""From €2,700/month (+VAT), One day/week"". -10% discount with longer fixed-term contract. Floor only. Browser-verified."
Growth Expertz,CMO,retainer,,,,,,https://growthexpertz.com/,2026-08-20,browser_verified,cmo,No published own rate. Discusses market pricing ($5K-$20K/mo range) as industry benchmarks. Opened and read in a browser during the full-coverage pass of 2026-08-21; no first-party price on the page.
Growth Molecules,CMO,retainer,,,,,,https://growthmolecules.com/,2026-08-21,browser_verified,cpo,No published price found at capture. Opened and read in a browser during the full-coverage pass of 2026-08-21; no first-party price on the page.
Growth Path,CMO,retainer,,,,,,https://www.growthpathconsulting.io/,2026-08-20,browser_verified,fractional-cohort,No published price found in stage-one screening of the homepage and its pricing-linked pages. Opened and read in a browser during the full-coverage pass of 2026-08-21; no first-party price on the page.
GrowthExpert,CPO,marketplace_match,,,,,,https://growthexpert.io/fractional-chief-product-officers/,2026-08-21,browser_verified,cpo-expansion,"Screened only. WebFetch reports ""Zero commission fee"" as platform's own charge. Experts set individual rates. Four-step matching process; hiring happens off-platform. Not browser-verified. No price row asserted. Pending verification for v1.1. Opened and read in a browser during the full-coverage pass of 2026-08-21; no first-party price on the page."
GrowthOps Ally,multi,retainer,,,,,,https://www.growthopsally.com/,2026-08-20,browser_verified,fractional-cohort,No published price found in stage-one screening of the homepage and its pricing-linked pages. Opened and read in a browser during the full-coverage pass of 2026-08-21; no first-party price on the page.
GTM 8020,CMO,marketplace_match,,,,,,https://www.gtm8020.com/,2026-08-20,browser_verified,cmo,No published own rate. Talent matchmaker aggregating third-party salary data. Matches founders with pre-vetted fractional CMOs. Opened and read in a browser during the full-coverage pass of 2026-08-21; no first-party price on the page.
Guardsman Technology,CTO,retainer,,,,,,https://www.guardsmantech.com/,2026-08-20,browser_verified,fractional-cohort,No published price found in stage-one screening of the homepage and its pricing-linked pages. Opened and read in a browser during the full-coverage pass of 2026-08-21; no first-party price on the page.
Gun.io,CMO,marketplace_match,,,,,,https://gun.io/,2026-08-20,browser_verified,cmo,No published CMO-specific rate. Hourly and project marketplace. Opened and read in a browser during the full-coverage pass of 2026-08-21; no first-party price on the page.
Halo Effect Marketing,CMO,retainer,200,,USD,per_hour,,https://www.haloeffectmarketing.com/pricing,2026-08-20,browser_verified,fractional-cohort,"Published verbatim as ""Rate for Fractional CMO/Executive services: $200/hr"". The provider also publishes $175/hr for senior consultant services and $150-95/hr for marketing execution, which are not executive rates. Browser-verified."
Halo Technology Lab,CTO,retainer,,,,,,https://halotechlab.com/,2026-08-20,browser_verified,cto,No published price found at capture. UK (London). Blog provides market benchmarks only. Agent-screened. Opened and read in a browser during the full-coverage pass of 2026-08-21; no first-party price on the page.
Hamilton COOs,COO,retainer,,,,,,https://www.hamiltoncoos.com,2026-08-20,browser_verified,fractional-cohort,No published price found in stage-one screening of the homepage and its pricing-linked pages. Opened and read in a browser during the full-coverage pass of 2026-08-21; no first-party price on the page.
Happier Office,COO,retainer,,,,,,https://www.happieroffice.com/,2026-08-20,browser_verified,fractional-cohort,No published price found in stage-one screening of the homepage and its pricing-linked pages. Opened and read in a browser during the full-coverage pass of 2026-08-21; no first-party price on the page.
"Harbor Creek Financial Services, LLP",CFO,retainer,,,,,,https://www.harborcreekfinancial.com/,2026-08-20,browser_verified,fractional-cohort,No published price found in stage-one screening of the homepage and its pricing-linked pages. Opened and read in a browser during the full-coverage pass of 2026-08-21; no first-party price on the page.
Harmony Consulting Group,CEO,retainer,,,,,,https://www.harmonyconsultinggroup.org/,2026-08-20,browser_verified,fractional-cohort,No published price found in stage-one screening of the homepage and its pricing-linked pages. Opened and read in a browser during the full-coverage pass of 2026-08-21; no first-party price on the page.
Harpal Singh,CPO,retainer,,,,,,https://www.harpalsingh.com/product-management-and-leadership-services/fractional-chief-product-officer-cpo,2026-08-21,browser_verified,cpo-expansion,"No published price found at capture. Independent UK-based fractional CPO. Part-time advisory model covering strategy, product, business model, UX, hiring, partnerships, funding. Opened and read in a browser during the full-coverage pass of 2026-08-21; no first-party price on the page."
Hart CTO Inc,multi,retainer,,,,,,https://hartcto.com/,2026-08-20,browser_verified,fractional-cohort,No published price found in stage-one screening of the homepage and its pricing-linked pages. Opened and read in a browser during the full-coverage pass of 2026-08-21; no first-party price on the page.
Hatch Marketing,multi,retainer,,,,,,https://hatchstrategicgrowth.com/,2026-08-20,browser_verified,fractional-cohort,"No published price found at capture. Page directs to a quote, call or custom pricing. Pricing exists but is not published. Opened and read in a browser during the full-coverage pass of 2026-08-21; no first-party price on the page."
Hawke Media,CMO,retainer,,,,,,https://www.hawkemedia.com/,2026-08-21,browser_verified,cpo,No published price found at capture. Opened and read in a browser during the full-coverage pass of 2026-08-21; no first-party price on the page.
Head for Product,CPO,retainer,3000,,USD,per_month,,https://www.headforproduct.com/services/fractional,2026-08-21,browser_verified,cpo-expansion,"Published verbatim under the heading ""What's the investment"": ""On-going costs start at $3000 a month with a recommended minimum of 3 months."" The ""$45 million series B"" figure on the same page is a client funding outcome and is excluded."
HELIX360,CTO,retainer,,,,,,https://helix360.io/,2026-08-20,browser_verified,fractional-cohort,No published price found in stage-one screening of the homepage and its pricing-linked pages. Opened and read in a browser during the full-coverage pass of 2026-08-21; no first-party price on the page.
HeyShepherd,CPO,marketplace_match,,,,,,https://www.heyshepherd.com/explore/fractional-roles/fractional-chief-product-officer-cpo,2026-08-21,browser_verified,cpo-expansion,"Screened only. WebFetch reports ""$1,500-$2,500/day"" and ""$8K-16K monthly vs. $30K+ for a full-time CPO."" These may be market rate guidance rather than platform-specific rates. Marketplace for startup-executive matching. Not browser-verified. No price row asserted. Pending verification for v1.1. Opened and read in a browser during the full-coverage pass of 2026-08-21; no first-party price on the page."
HeyShepherd,COO,marketplace_match,,,,,,https://www.heyshepherd.com/explore/fractional-roles/fractional-chief-operating-officer-coo,2026-08-20,browser_verified,coo,"Published ""Typical Engagement: 2-3 days per week, $1,500-$2,500/day"" and ""Sweet Spot: $6K-15K monthly"". These appear to be marketplace rate benchmarks for COOs on the platform, not Shepherd's own platform fee. No platform fee disclosed. Screened only. Opened and read in a browser during the full-coverage pass of 2026-08-21; no first-party price on the page."
HighCircl,CTO,marketplace_match,,,,,,https://www.highcircl.com/en/blog/what-is-a-fractional-cto,2026-08-20,browser_verified,cto,"No published rate. Sources fractional CTOs from Central and Eastern Europe. Discloses ""margin capped at 20% disclosed upfront"" but no specific rates. Market benchmarks cited (CEE €600-€1,000/day). WebFetch-verified. Opened and read in a browser during the full-coverage pass of 2026-08-21; no first-party price on the page."
HIT Reboot,CTO,retainer,,,,,,https://hitreboot.com/,2026-08-20,browser_verified,fractional-cohort,No published price found in stage-one screening of the homepage and its pricing-linked pages. Opened and read in a browser during the full-coverage pass of 2026-08-21; no first-party price on the page.
HIVE FORMA,CTO,retainer,,,,,,https://www.hiveforma.com/,2026-08-20,browser_verified,fractional-cohort,No published price found in stage-one screening of the homepage and its pricing-linked pages. Opened and read in a browser during the full-coverage pass of 2026-08-21; no first-party price on the page.
Hormesis,CTO,retainer,,,,,,https://www.hormesis.xyz/,2026-08-20,browser_verified,fractional-cohort,"No published price found at capture. Page directs to a quote, call or custom pricing. Pricing exists but is not published. Opened and read in a browser during the full-coverage pass of 2026-08-21; no first-party price on the page."
HPZ Marketing,CMO,retainer,,,,,,https://hpzmarketing.com/,2026-08-20,browser_verified,cmo,No published own rate. Provides general market guidance ($200-$500/hr) but not own fees. Opened and read in a browser during the full-coverage pass of 2026-08-21; no first-party price on the page.
HumiInt,CPO,marketplace_match,,,,,,https://www.humiint.com/,2026-08-21,browser_verified,cpo-expansion,"No published price found at capture. Global marketplace for on-demand professional experts. Has C-Suite and Product categories. Emphasizes ""Transparent Pricing"" but does not disclose rates on site. Opened and read in a browser during the full-coverage pass of 2026-08-21; no first-party price on the page."
HyperNest Labs,CTO,retainer,60,,USD,per_hour,,https://hypernestlabs.com/insights/cost-of-fractional-cto,2026-08-20,browser_verified,stage2-2026-08-20,"Published verbatim as ""Our Fractional CTO rates start at $60/hour with no retainers and a 14-day risk-free trial."" The market table on the same page ($275-$350/hr San Francisco, $200-$275/hr Austin, $150-$200/hr smaller markets) is a market claim and is excluded. Browser-verified."
Ignition Consultants (CFOs),CFO,retainer,,,,,,https://www.ignitionconsultants.com/,2026-08-20,browser_verified,fractional-cohort,No published price found in stage-one screening of the homepage and its pricing-linked pages. Opened and read in a browser during the full-coverage pass of 2026-08-21; no first-party price on the page.
Impekable,CPO,retainer,,,,,,https://www.impekable.com/services/fractional-cpo-services/,2026-08-21,browser_verified,cpo-expansion,"No published price found at capture. Page mentions ""$150 to $450"" hourly and ""$4,000 to $12,000+"" monthly but these are explicitly framed as typical market rates, not Impekable's own pricing. Excluded under methodology rule: third-party estimates are excluded. Opened and read in a browser during the full-coverage pass of 2026-08-21; no first-party price on the page."
inBeat Agency,CMO,retainer,,,,,,https://inbeat.agency/,2026-08-20,browser_verified,cmo,No published fractional CMO rate. UGC and paid social agency for high-growth brands. Opened and read in a browser during the full-coverage pass of 2026-08-21; no first-party price on the page.
Independent Execs,COO,marketplace_match,,,,,,https://www.independentexecs.com/,2026-08-20,browser_verified,coo,No published price found at capture. Integrator/COO matching service. Some content behind login. Opened and read in a browser during the full-coverage pass of 2026-08-21; no first-party price on the page.
Inherent Ventures,CPO,retainer,,,,,,https://www.inherent.ventures/,2026-08-21,browser_verified,cpo-expansion,"No published price found at capture. UK firm offering ""fractional exec-level leadership"" under Product Leadership Augmentation. Does not use explicit CPO title but scope matches fractional CPO work. Opened and read in a browser during the full-coverage pass of 2026-08-21; no first-party price on the page."
InnoMaker Partners,CMO,retainer,,,,,,https://www.innomakerpartners.com/,2026-08-20,browser_verified,cmo,"No published own rate. Site has a European fractional CMO cost guide, not a fixed provider quote. Benchmark/guide only. Opened and read in a browser during the full-coverage pass of 2026-08-21; no first-party price on the page."
int32,CTO,retainer,,,,,,https://www.int32.at/,2026-08-20,browser_verified,cto,"No published price found at capture. Independent fractional CTO practice Austria/Europe. ""Discovery call free scoping deliverable paid"" but no amounts. WebFetch-verified. Opened and read in a browser during the full-coverage pass of 2026-08-21; no first-party price on the page."
"Integrated Consulting Services, LLC",CFO,retainer,,,,,,https://integrated-consulting.net/,2026-08-20,browser_verified,fractional-cohort,No published price found in stage-one screening of the homepage and its pricing-linked pages. Opened and read in a browser during the full-coverage pass of 2026-08-21; no first-party price on the page.
Intelligent People,CPO,marketplace_match,,,,,,https://www.intelligentpeople.co.uk/interim-head-of-product/,2026-08-21,browser_verified,cpo-expansion,"Screened only. WebFetch reports day rate range ""£650 – £800"" for interim Head of Product. UK-based (London/St Albans) specialist product management recruitment. Active job postings at £600-£700/day. Not browser-verified. No price row asserted. Pending verification for v1.1. Opened and read in a browser during the full-coverage pass of 2026-08-21; no first-party price on the page."
InterimExecs,COO,marketplace_match,,,,,,https://www.interimexecs.com/,2026-08-20,browser_verified,coo,No published price found at capture. Interim and fractional executive matching firm. Directs to consultation. Opened and read in a browser during the full-coverage pass of 2026-08-21; no first-party price on the page.
Internal Profits,CMO,retainer,,,,,,https://internalprofits.com/,2026-08-20,browser_verified,stage2-2026-08-20,"An automated screening pass flagged a retainer. Browser verification found ""Growth Accelerator ... $3,500 /mo + $3,500 one-time setup fee"", an SEO and marketing services package rather than a fractional CMO retainer. Outside the executive-services scope of this index, so no executive rate is recorded. Opened and read in a browser during the full-coverage pass of 2026-08-21; no first-party price on the page."
Intero Solutions,COO,retainer,,,,,,https://interosolutions.ca/,2026-08-20,browser_verified,coo,No published price found at capture. Offers fractional COO service but directs to contact for pricing. Opened and read in a browser during the full-coverage pass of 2026-08-21; no first-party price on the page.
Into The Next Consulting,CFO,retainer,,,,,,https://www.intothenext.com/,2026-08-20,browser_verified,fractional-cohort,No published price found in stage-one screening of the homepage and its pricing-linked pages. Opened and read in a browser during the full-coverage pass of 2026-08-21; no first-party price on the page.
INVSTLY,CMO,retainer,,,,,,https://www.invstly.io/,2026-08-20,browser_verified,fractional-cohort,No published price found in stage-one screening of the homepage and its pricing-linked pages. Opened and read in a browser during the full-coverage pass of 2026-08-21; no first-party price on the page.
IR CTO as a Service,CTO,retainer,,,,,,https://cto-as-a-service.co.il/en/,2026-08-20,browser_verified,cto,No published price found at capture. Israel. Founded by Igor Rabinovich. Focuses on MVP development for pre-seed/seed startups. Agent-screened. Opened and read in a browser during the full-coverage pass of 2026-08-21; no first-party price on the page.
IronClad Consulting Services,CFO,retainer,,,,,,https://ironcladconsultingservices.com/,2026-08-20,browser_verified,fractional-cohort,No published price found in stage-one screening of the homepage and its pricing-linked pages. Opened and read in a browser during the full-coverage pass of 2026-08-21; no first-party price on the page.
iytro,CMO,retainer,,,,,,https://www.iytro.io/,2026-08-20,browser_verified,cmo,No published price found at capture. Fractional marketing and growth collective based in France. Opened and read in a browser during the full-coverage pass of 2026-08-21; no first-party price on the page.
J.R. Davis & Associates,COO,retainer,,,,,,https://jrdavisassociates.com/fractional-coo-services/,2026-08-20,browser_verified,coo,No published price found at capture. Fractional COO services. Opened and read in a browser during the full-coverage pass of 2026-08-21; no first-party price on the page.
Jacob Langvad Nilsson,CTO,retainer,,,,,,https://jacoblangvadnilsson.com/services/interim-cto/,2026-08-21,unreachable,stage2-2026-08-20,No published price found on the rendered page at capture (2026-08-20). Recorded as a provider that does not publish a price. Opened in a browser during the full-coverage pass of 2026-08-21; the page could not be read (status: unreachable). Recorded as unreachable rather than as a published absence of price: this provider is counted in the denominator and carries no observation in either direction.
Jennifer Quiroz Marketing,CMO,retainer,,,,,,https://www.jenniferquiroz.com/,2026-08-20,browser_verified,fractional-cohort,No published price found in stage-one screening of the homepage and its pricing-linked pages. Opened and read in a browser during the full-coverage pass of 2026-08-21; no first-party price on the page.
JetThoughts,CPO,retainer,,,,,,https://jetthoughts.com/services/fractional-product-management/,2026-08-21,browser_verified,cpo-expansion,No published price found at capture. Offers fractional product management / on-demand product leadership. Fractional CTO service shows $5K-$15K/month but no CPO-specific rate published. Opened and read in a browser during the full-coverage pass of 2026-08-21; no first-party price on the page.
JK Squared,multi,retainer,,,,,,https://jk-squared.com/,2026-08-20,browser_verified,fractional-cohort,No published price found in stage-one screening of the homepage and its pricing-linked pages. Opened and read in a browser during the full-coverage pass of 2026-08-21; no first-party price on the page.
Jolly Marketer,CMO,retainer,,,,,,https://www.jollymarketer.com/en/pricing/,2026-08-20,browser_verified,cmo,"No published price found at capture. All service packages on pricing page show ""Request Pricing"" with no figures. Separate blog article discusses market rates but these are not Jolly Marketer's own rates. Browser-verified."
Jones Square Financial Services,CFO,retainer,,,,,,https://jones-square.com/,2026-08-20,browser_verified,fractional-cohort,"No published price found at capture. Page directs to a quote, call or custom pricing. Pricing exists but is not published. Opened and read in a browser during the full-coverage pass of 2026-08-21; no first-party price on the page."
JRF Consulting LLC,CFO,retainer,,,,,,https://jrfconsulting.com/,2026-08-20,browser_verified,stage2-2026-08-20,An automated screening pass flagged a fractional CFO figure. Every currency figure in the browser-rendered page is a client revenue band or an M&A track-record statistic. No published price found at capture. Opened and read in a browser during the full-coverage pass of 2026-08-21; no first-party price on the page.
Juris Ledger,CFO,retainer,1500,,USD,per_month,,https://jurisledger.com/pricing/,2026-08-20,browser_verified,stage2-2026-08-20,"Controller Services for revenue between $500K and $1M, published as ""FROM $1,500 PER MONTH"". Browser-verified."
Juris Ledger,CFO,project,500,,USD,fixed_fee_per_project,,https://jurisledger.com/pricing/,2026-08-20,browser_verified,stage2-2026-08-20,"Diagnostic report, published as ""$500 FLAT FEE A report showing the Findings & Recommendations for all areas of your financials"". Browser-verified."
Juris Ledger,CFO,project,750,,USD,fixed_fee_per_project,,https://jurisledger.com/pricing/,2026-08-20,browser_verified,stage2-2026-08-20,"Comprehensive report with 13-month financial analysis, published as ""$750 FLAT FEE"". Browser-verified."
Juris Ledger,CFO,retainer,850,,USD,per_month,,https://jurisledger.com/pricing/,2026-08-20,browser_verified,stage2-2026-08-20,"Foundation tier for revenue under $750K, published as ""FROM $850 PER MONTH"". Floor only. Browser-verified."
Jus Agency®: Top Rated Marketing Team,CMO,retainer,,,,,,https://jusagency.com/,2026-08-20,browser_verified,fractional-cohort,No published price found in stage-one screening of the homepage and its pricing-linked pages. Opened and read in a browser during the full-coverage pass of 2026-08-21; no first-party price on the page.
Justin McKelvey,CTO,retainer,1500,,USD,per_month,,https://justinmckelvey.com/,2026-08-20,browser_verified,stage2-2026-08-20,"Optional ongoing retainer, published as ""optional $1,500/mo retainer after"". The ""$300K hire"" reference is a full-time comparison and is excluded. Browser-verified."
Justin McKelvey,CTO,project,2500,,USD,fixed_fee_per_project,2 weeks,https://justinmckelvey.com/,2026-08-20,browser_verified,stage2-2026-08-20,"AI Readiness Assessment, published as ""$2,500 FLAT - 2 WEEKS"". Browser-verified."
Justin McKelvey,CTO,project,4500,,USD,fixed_fee_per_project,~2 weeks,https://justinmckelvey.com/,2026-08-20,browser_verified,stage2-2026-08-20,"Done-For-You Install, published as ""FROM $4,500 - ~2 WEEKS"". Floor only. Browser-verified."
JW Consulting (Fraction COO),COO,retainer,,,,,,https://fractioncoo.co.uk/,2026-08-20,browser_verified,coo,"No published price found at capture. States ""Engagements are usually structured as a fixed monthly retainer"" and ""costs 40 to 60% less than a full-time Operations Director"" but reserves pricing for the discovery call. Opened and read in a browser during the full-coverage pass of 2026-08-21; no first-party price on the page."
K Agency,CMO,retainer,,,,,,https://kagency.us/,2026-08-20,browser_verified,cmo,No published own rate. Discusses $200-$375/hr industry average; directs to free call. Opened and read in a browser during the full-coverage pass of 2026-08-21; no first-party price on the page.
Kailos Marketing Lab,CMO,retainer,,,,,,https://www.kailos.ai/,2026-08-20,browser_verified,stage2-2026-08-20,An automated screening pass flagged a fractional CMO cost. No currency figure occurs anywhere in the browser-rendered page. No figure is attributed to this provider. Opened and read in a browser during the full-coverage pass of 2026-08-21; no first-party price on the page.
Kairos.ing,CTO,retainer,,,,,,https://kairos.ing/fractional-cto,2026-08-20,browser_verified,cto,"No published price found at capture. France. States ""A 30-minute conversation is enough to estimate a realistic budget."" Agent-screened. Opened and read in a browser during the full-coverage pass of 2026-08-21; no first-party price on the page."
Kalungi,CMO,retainer,,,,,,https://www.kalungi.com/,2026-08-17,blocked,cpo,No published price found at capture. /pricing returns HTTP 404.
Kamyar Shah,COO,retainer,,,,,,https://kamyarshah.com/fractional-coo-rates-cost-breakdown/,2026-08-21,browser_verified,cpo,"Screened only. A summarizing fetch reported own-rate figures by days per week, but the page mixes own rates with market commentary and was not browser-verified in this run. No price row asserted. Pending verification for v1.1. Opened and read in a browser during the full-coverage pass of 2026-08-21; no first-party price on the page."
Katherine Ajk Consulting,COO,retainer,,,,,,https://katherineajk.com/,2026-08-20,browser_verified,fractional-cohort,No published price found in stage-one screening of the homepage and its pricing-linked pages. Opened and read in a browser during the full-coverage pass of 2026-08-21; no first-party price on the page.
"KC CFO Services, LLC",CFO,retainer,,,,,,https://kccfoservices.com/,2026-08-20,browser_verified,fractional-cohort,No published price found in stage-one screening of the homepage and its pricing-linked pages. Opened and read in a browser during the full-coverage pass of 2026-08-21; no first-party price on the page.
Ken Yarmosh,COO,retainer,,,,,,https://kenyarmosh.com/fractional-coo/,2026-08-20,browser_verified,coo,"No published own price. Blog references market ranges ($10,000-$20,000/month). States ""I do offer three different ways to help but they are all based around a monthly rate"" without disclosing the rate. Opened and read in a browser during the full-coverage pass of 2026-08-21; no first-party price on the page."
Key Engineering LLC,CTO,retainer,,,,,,https://www.keyengineeringllc.com/,2026-08-20,browser_verified,fractional-cohort,No published price found in stage-one screening of the homepage and its pricing-linked pages. Opened and read in a browser during the full-coverage pass of 2026-08-21; no first-party price on the page.
Keynetica Consulting Inc.,CTO,retainer,,,,,,https://www.keynetica.com/,2026-08-20,browser_verified,fractional-cohort,"No published price found at capture. Page directs to a quote, call or custom pricing. Pricing exists but is not published. Opened and read in a browser during the full-coverage pass of 2026-08-21; no first-party price on the page."
Kg Consulting,COO,retainer,,,,,,https://www.kgconsulting.com/,2026-08-20,browser_verified,fractional-cohort,No published price found in stage-one screening of the homepage and its pricing-linked pages. Opened and read in a browser during the full-coverage pass of 2026-08-21; no first-party price on the page.
"KmP Consulting, LLC",COO,retainer,,,,,,https://www.kmp-consulting.com/,2026-08-20,browser_verified,fractional-cohort,No published price found in stage-one screening of the homepage and its pricing-linked pages. Opened and read in a browser during the full-coverage pass of 2026-08-21; no first-party price on the page.
KNB Communications,CMO,retainer,,,,,,https://www.knbcomm.com/,2026-08-20,browser_verified,cmo,No published price found at capture. Communications and marketing for health and life sciences. Opened and read in a browser during the full-coverage pass of 2026-08-21; no first-party price on the page.
Kobylinski Group,COO,retainer,,,,,,https://kobylinskigroup.com/,2026-08-20,browser_verified,fractional-cohort,No published price found in stage-one screening of the homepage and its pricing-linked pages. Opened and read in a browser during the full-coverage pass of 2026-08-21; no first-party price on the page.
Kompella Technologies,CTO,retainer,15000,18000,USD,per_month,2 days/week,https://kompella.io/thinking/fractional-cto-pricing-2026,2026-08-17,browser_verified,cpo,"Fractional tier. Headline ""Fractional $15K""; own tier table publishes ""$15,000-$18,000"" standard. Browser-verified."
Kompella Technologies,CTO,retainer,25000,30000,USD,per_month,3+ days/week,https://kompella.io/thinking/fractional-cto-pricing-2026,2026-08-17,browser_verified,cpo,"Embedded tier. Headline ""Embedded $25K""; own tier table publishes ""$25,000-$30,000"" standard. Browser-verified."
Kompella Technologies,CTO,retainer,8000,10000,USD,per_month,1 day/week,https://kompella.io/thinking/fractional-cto-pricing-2026,2026-08-17,browser_verified,cpo,"Advisory tier. Headline published as ""Advisory $8K""; the provider's own tier table publishes ""$8,000-$10,000"" for standard and a higher band for healthtech/fintech/AI. Browser-verified."
KORE1,COO,marketplace_match,,,,,,https://www.kore1.com/fractional-coo-services-2026/,2026-08-20,browser_verified,coo,"No published own price. Staffing firm; publishes market rate benchmarks ($7,000-$15,000/month for 15-25 hrs/week) as industry data, not own fees. Opened and read in a browser during the full-coverage pass of 2026-08-21; no first-party price on the page."
Kristina Furlan,CPO,retainer,,,,,,https://www.kristinafurlan.com/,2026-08-20,browser_verified,cpo-expansion,No published price found at capture. Individual fractional CPO specializing in health tech product strategy. 20+ years operator experience. Opened and read in a browser during the full-coverage pass of 2026-08-21; no first-party price on the page.
Kruze Consulting,CFO,retainer,,,,,,https://kruzeconsulting.com/,2026-08-21,browser_verified,cfo,No published price found at capture. Startup accounting and fractional CFO; directs to free consultation. Opened and read in a browser during the full-coverage pass of 2026-08-21; no first-party price on the page.
La Boetie,CTO,retainer,,,,,,https://laboetie.io/,2026-08-20,browser_verified,cto,No published price found at capture. Positions itself as evaluating market pricing on behalf of clients. Directs to studio intro call. WebFetch-verified. Opened and read in a browser during the full-coverage pass of 2026-08-21; no first-party price on the page.
Lagom Consulting,COO,retainer,,,,,,https://www.lagomconsulting.co.uk/,2026-08-20,browser_verified,coo,No published price found at capture. UK management and marketing consultancy with fractional COO offering. Opened and read in a browser during the full-coverage pass of 2026-08-21; no first-party price on the page.
Larasoft.io,CTO,retainer,,,,,,https://larasoft.io/services/virtual-cto,2026-08-20,browser_verified,cto,No published price found at capture. UK (London). Agent-screened. Opened and read in a browser during the full-coverage pass of 2026-08-21; no first-party price on the page.
"Lauber Business Partners (Fractional/Interim Leadership, Consulting, Executive Search)",CFO,retainer,,,,,,https://www.lauber-partners.com/,2026-08-20,browser_verified,fractional-cohort,No published price found in stage-one screening of the homepage and its pricing-linked pages. Opened and read in a browser during the full-coverage pass of 2026-08-21; no first-party price on the page.
Launch Industries,CFO,retainer,95,125,USD,per_hour,1-80 hrs,https://www.launchindustries.biz/Pricing,2026-08-20,browser_verified,stage2-2026-08-20,"Sliding hourly scale published as a table: ""1-10 hours $125 / hr"", ""10-20 hours $110 / hr"", ""20-40 hours $100 / hr"", ""40-60 hours $95 / hr"", ""60-80 hours $95 / hr"". The rate decreases as hours used increase. Band spans the published rates. Browser-verified."
Law Firm Fractional CMOs,CMO,retainer,,,,,,https://www.lawfirm-cmo.com/,2026-08-20,browser_verified,fractional-cohort,No published price found in stage-one screening of the homepage and its pricing-linked pages. Opened and read in a browser during the full-coverage pass of 2026-08-21; no first-party price on the page.
LCX Consulting,multi,retainer,,,,,,https://lcxconsulting.com/,2026-08-20,browser_verified,queue-2026-08-20,No published price found on the homepage or its pricing-linked pages. Opened and read in a browser during the full-coverage pass of 2026-08-21; no first-party price on the page.
Leadership Services,CTO,retainer,1500,5000,GBP,per_month,,https://leadership-services.co.uk/fractional-cto-services/,2026-08-20,browser_verified,stage2-2026-08-20,"Published verbatim as ""Investment £1,500 - £5,000 PER MONTH - NO RECRUITMENT FEES, NO LONG-TERM CONTRACTS"". The £120,000-£180,000 full-time comparison on the same page is excluded. Browser-verified."
Leadership Services,COO,retainer,2500,6000,GBP,per_month,1-4 days/month,https://leadership-services.co.uk/pricing/,2026-08-20,browser_verified,coo,"Tier 2: Fractional Director. COO-specific row in the comparison table published as ""£2,500–£6,000/month"". Tier range is ""£1,795–£6,000"" across all roles. No minimum term; typically 6-24 months. Multi-role firm. Browser-verified."
Leadership-CFO,CFO,retainer,,,,,,https://leadership-cfo-home.com/home-page,2026-08-20,browser_verified,fractional-cohort,No published price found in stage-one screening of the homepage and its pricing-linked pages. Opened and read in a browser during the full-coverage pass of 2026-08-21; no first-party price on the page.
Ledger One CFO,CFO,retainer,2500,,USD,per_month,,https://ledgeronecfo.com/pricing/,2026-08-21,browser_verified,queue-2026-08-20,"Published verbatim: ""we keep fractional CFO pricing simple and transparent. Books cleanup starts at $1,500 and fractional CFO retainers start at $2,500/month."" NOT recorded from the same site: the homepage sample dashboard showing ""CASH FLOW +$231K"" and ""RUNWAY 14 mo"", which is illustrative UI."
Ledger One CFO,CFO,project,1500,3500,USD,fixed_fee_per_project,up to 6 months of books,https://ledgeronecfo.com/pricing/,2026-08-21,browser_verified,queue-2026-08-20,"One-time cleanup tier, published verbatim: ""LIGHT CLEANUP Foundation Clean $1,500 - $3,500. One-time fixed fee. Best for: Recent books, minor issues. Up to 6 months..."""
Leonard And Sons,multi,retainer,,,,,,https://leonardandsons.co/,2026-08-20,browser_verified,fractional-cohort,No published price found in stage-one screening of the homepage and its pricing-linked pages. Opened and read in a browser during the full-coverage pass of 2026-08-21; no first-party price on the page.
Levy Consulting Co.,COO,retainer,,,,,,https://levyconsultingco.com/services/fractional-coo-advisory-2/,2026-08-20,browser_verified,coo,No published price found at capture. Fractional and interim COO advisory. Opened and read in a browser during the full-coverage pass of 2026-08-21; no first-party price on the page.
LiftBridge CFO,CFO,retainer,,,,,,https://liftbridgecfo.com/,2026-08-21,browser_verified,cfo,No published price found at capture. Consultation-based pricing model. Opened and read in a browser during the full-coverage pass of 2026-08-21; no first-party price on the page.
Like Sunday,COO,retainer,1800,,USD,per_month,1.5-3.5 days/month,https://www.like-sunday.com/services,2026-08-20,browser_verified,coo,"Published verbatim as ""from $1800"" under the Fractional COO tier. 3-6 month retainer. Floor only. South Africa-based company operating globally; page uses $ without explicit currency code. Browser-verified."
Lindsay Angelo,multi,retainer,,,,,,https://lindsayangelo.com/,2026-08-20,browser_verified,queue-2026-08-20,No published price found on the homepage or its pricing-linked pages. Opened and read in a browser during the full-coverage pass of 2026-08-21; no first-party price on the page.
Little Financial,CFO,retainer,,,,,,https://www.little-financial.com/,2026-08-20,browser_verified,fractional-cohort,No published price found in stage-one screening of the homepage and its pricing-linked pages. Opened and read in a browser during the full-coverage pass of 2026-08-21; no first-party price on the page.
Livain,multi,retainer,,,,,,https://www.livain.com/,2026-08-20,browser_verified,queue-2026-08-20,No published price found on the homepage or its pricing-linked pages. Opened and read in a browser during the full-coverage pass of 2026-08-21; no first-party price on the page.
LJBOps,COO,retainer,,,,,,https://www.ljbops.com/,2026-08-20,browser_verified,fractional-cohort,No published price found in stage-one screening of the homepage and its pricing-linked pages. Opened and read in a browser during the full-coverage pass of 2026-08-21; no first-party price on the page.
"LKP Impact Consulting, LLC",CMO,retainer,,,,,,https://lkpimpact.com/,2026-08-20,browser_verified,fractional-cohort,No published price found in stage-one screening of the homepage and its pricing-linked pages. Opened and read in a browser during the full-coverage pass of 2026-08-21; no first-party price on the page.
Lodestar,CFO,retainer,,,,,,https://www.lodestarcfo.com/,2026-08-20,browser_verified,fractional-cohort,No published price found in stage-one screening of the homepage and its pricing-linked pages. Opened and read in a browser during the full-coverage pass of 2026-08-21; no first-party price on the page.
Lovely Financials Group,CFO,retainer,,,,,,https://lovelyfinancials.com/,2026-08-20,browser_verified,fractional-cohort,No published price found in stage-one screening of the homepage and its pricing-linked pages. Opened and read in a browser during the full-coverage pass of 2026-08-21; no first-party price on the page.
LR Consulting,CMO,retainer,,,,,,https://www.lindseyrosenberg.com/,2026-08-20,browser_verified,fractional-cohort,No published price found in stage-one screening of the homepage and its pricing-linked pages. Opened and read in a browser during the full-coverage pass of 2026-08-21; no first-party price on the page.
Lucrum Consulting,multi,retainer,899,,USD,per_month,2 support calls / month,https://lucrumconsulting.com/fractional-cfo-pricing/,2026-08-21,browser_verified,queue-2026-08-20,"Tier 1 of three, published verbatim: ""Lead Confidently $899 / Month *"", with 2 support calls a month, biannual planning and a 24-hour response time. Note the homepage sits behind a Cloudflare interstitial on first load, which is why an automated pass recorded this provider as blocked."
Lucrum Consulting,multi,retainer,1599,,USD,per_month,10 support calls / month,https://lucrumconsulting.com/fractional-cfo-pricing/,2026-08-21,browser_verified,queue-2026-08-20,"Tier 2 of three, published verbatim: ""Lead Proactively $1,599 / Month *"", with 10 support calls a month, quarterly planning and an 8-hour response time."
Lucrum Consulting,multi,retainer,3400,,USD,per_month,unlimited monthly calls,https://lucrumconsulting.com/fractional-cfo-pricing/,2026-08-21,browser_verified,queue-2026-08-20,"Tier 3 of three, published verbatim: ""Lead Strategically Starting at $3,400 / Month *"", with unlimited monthly calls and comprehensive service. This tier is a starting-at floor; the two below it are flat figures."
Luisa Salcedo Consulting,COO,retainer,,,,,,https://luisasalcedo.com/,2026-08-20,browser_verified,fractional-cohort,No published price found in stage-one screening of the homepage and its pricing-linked pages. Opened and read in a browser during the full-coverage pass of 2026-08-21; no first-party price on the page.
Madelyn Victoria Co,CMO,retainer,3000,3000,USD,per_month,,https://madelynvictoriaco.com/fractional-cmo,2026-08-20,browser_verified,cmo,"Tier One. Published verbatim as ""$3,000/month"". Strategy + social media + weekly email + quarterly launches. 3-month minimum. Browser-verified."
Madelyn Victoria Co,CMO,retainer,4500,4500,USD,per_month,,https://madelynvictoriaco.com/fractional-cmo,2026-08-20,browser_verified,cmo,"Tier 2. Published verbatim as ""$4,500/month"". Everything in Tier 1 plus up to 10 hours/month website updates. 3-month minimum. Browser-verified."
madewithlove,CTO,retainer,,,,,,https://madewithlove.com/,2026-08-20,browser_verified,cto,No published price found at capture. Belgium. Offers fractional CTO starting with structured technical audit. Agent-screened. Opened and read in a browser during the full-coverage pass of 2026-08-21; no first-party price on the page.
Maestro,CPO,marketplace_match,,,,,,https://www.letsmaestro.com/fractional-cpo,2026-08-21,browser_verified,cpo-expansion,"No published platform fee. Australia-based marketplace (AU, NZ, Singapore, Hong Kong). Page mentions AUD $7,000-$16,000/month but these are regional market rate estimates, not the platform's own fee. Opened and read in a browser during the full-coverage pass of 2026-08-21; no first-party price on the page."
Maestro,CTO,retainer,,,,,,https://www.letsmaestro.com/fractional-cto,2026-08-20,browser_verified,cto,"No published price found at capture. Provides market range estimates by country (AUD $9,000-$18,000/mo NZD $8,000-$16,000/mo SGD $6,000-$14,000/mo) but these are competitive benchmarks not own pricing. WebFetch-verified. Opened and read in a browser during the full-coverage pass of 2026-08-21; no first-party price on the page."
Maestro,COO,marketplace_match,,,,,,https://www.letsmaestro.com/services/operations,2026-08-20,browser_verified,coo,No published price found at capture. Australian operations talent marketplace. Opened and read in a browser during the full-coverage pass of 2026-08-21; no first-party price on the page.
Maestro Strategic Partners,COO,retainer,,,,,,https://evolvelaw.ai/,2026-08-20,browser_verified,fractional-cohort,No published price found in stage-one screening of the homepage and its pricing-linked pages. Opened and read in a browser during the full-coverage pass of 2026-08-21; no first-party price on the page.
Magnetude Consulting,CMO,retainer,,,,,,https://www.magnetudeconsulting.com/,2026-08-20,browser_verified,fractional-cohort,No published price found in stage-one screening of the homepage and its pricing-linked pages. Opened and read in a browser during the full-coverage pass of 2026-08-21; no first-party price on the page.
Mahdlo Executive Advisors,CMO,retainer,,,,,,https://www.mahdlo.net/,2026-08-20,browser_verified,cmo,"No published exact CMO amount. Site says investment is scoped per engagement. Fractional CMO/CRO firm for PE, healthcare, SaaS. Opened and read in a browser during the full-coverage pass of 2026-08-21; no first-party price on the page."
Malt,CPO,marketplace_match,,,,,,https://www.malt.com/,2026-08-19,blocked,cpo-expansion,Not screened. HTTP 403 on server fetch. General European freelance marketplace (France/Germany origin) listed on Elite Fractional CxO comparison (fractional-csuite.com/cpo/) as CPO provider. Includes Comatch (acquired). Requires browser verification to confirm CPO category availability.
MAP Advisors,COO,retainer,,,,,,https://mapadvisors.biz/outsourcedcoo,2026-08-20,browser_verified,coo,No published price found at capture. Outsourced COO services. Opened and read in a browser during the full-coverage pass of 2026-08-21; no first-party price on the page.
Marian Kamenistak,CTO,project,24000,32000,EUR,fixed_fee_per_project,12-16 man-days,https://www.marian.coach/fractional-cto,2026-08-20,browser_verified,stage2-2026-08-20,"Fixed-scope engagements published at EUR 24,000 (12 man-days, 6 weeks) and EUR 32,000 (16 man-days, 8 weeks). Browser-verified."
Marian Kamenistak,CTO,retainer,430,,EUR,per_session,,https://www.marian.coach/fractional-cto,2026-08-20,browser_verified,stage2-2026-08-20,"1:1 mentoring for individual leaders, published as ""EUR 430/session"". Browser-verified."
Marian Kamenistak,CTO,retainer,6498,,EUR,per_quarter,,https://www.marian.coach/fractional-cto,2026-08-20,browser_verified,stage2-2026-08-20,"Published verbatim as ""starts at 6,498 EUR per quarter"". Browser-verified."
"Mark Durrett Associates, LLC",CMO,retainer,,,,,,https://markdurrett.com/,2026-08-20,browser_verified,fractional-cohort,No published price found in stage-one screening of the homepage and its pricing-linked pages. Opened and read in a browser during the full-coverage pass of 2026-08-21; no first-party price on the page.
MarkCMO,CMO,retainer,2500,50000,USD,per_month,,https://markcmo.com/,2026-08-21,browser_verified,cmo,"Published verbatim under ""TWO WAYS TO WORK WITH MARK"": ""Fractional CMO & COO - I embed in your business and run marketing and operations as your executive... $2,500 - $50,000 / month. Month-to-month, scoped to your stage, 5-10 clients a year."" Both ends are stated. NOT recorded: ""CMO Daily - $1.08 a day... $33 / month"", which the page labels ""SEPARATE PRODUCT"" - a self-serve content subscription, not an executive rate."
Marketri,CMO,retainer,,,,,,https://marketri.com/,2026-08-20,browser_verified,cmo,No published price found at capture. B2B and PE-backed marketing leadership. Opened and read in a browser during the full-coverage pass of 2026-08-21; no first-party price on the page.
Martin Sandhu,CTO,retainer,,,,,,https://www.martinsandhu.com/blog/fractional-cto-salary,2026-08-20,browser_verified,cto,"No published price found at capture. Article provides UK market commentary only (£1,000-£2,500/day £6,000-£7,500/month benchmarks). Directs to Calendly for discovery call. WebFetch-verified. Opened and read in a browser during the full-coverage pass of 2026-08-21; no first-party price on the page."
Mateerz,CMO,retainer,15000,25000,EUR,per_month,,https://mateerz.com/en/pricing/,2026-08-20,browser_verified,cmo,"Interim Management. Published verbatim as ""From €15,000 / month"" and ""Up to €25,000 per month full-time, all in"". Browser-verified."
Mateerz,CMO,retainer,4000,,EUR,per_month,1-3 days/week,https://mateerz.com/en/pricing/,2026-08-20,browser_verified,cmo,"Fractional CMO or CSO. Published verbatim as ""From €4,000 / month"" with ""One to three days a week"". Three-month minimum with first month no commitment. Rates reviewed 15 July 2026. Browser-verified."
Matthew Mamet,CPO,retainer,,,,,,https://matthewmamet.com/,2026-08-20,browser_verified,cpo-expansion,No published price found at capture. Individual fractional CPO/CGO practitioner. B2B SaaS product-led growth focus. Also offers advisory and coaching. Opened and read in a browser during the full-coverage pass of 2026-08-21; no first-party price on the page.
Mayple,CMO,retainer,2850,2850,USD,per_month,,https://www.mayple.com/pricing/cmo-as-a-service,2026-08-20,browser_verified,cmo,"Mentor package. Published verbatim as ""$2,850/mo"". Fractional CMO creates strategy and mentors. Browser-verified."
Mayple,CMO,retainer,5350,5350,USD,per_month,,https://www.mayple.com/pricing/cmo-as-a-service,2026-08-20,browser_verified,cmo,"Manager package (Recommended). Published verbatim as ""$5,350/mo"". Fractional CMO creates strategy and manages marketing team. Browser-verified."
MB Accounting Group,CFO,retainer,,,,,,https://mbaccountinggroup.com/,2026-08-20,browser_verified,queue-2026-08-20,"An automated screening pass flagged ""$149"". Browser verification confirms the figure but it is an online bookkeeping entry price (""Get your free month of bookkeeping, starting from $149""), not a fractional CFO rate. No executive price published. Opened and read in a browser during the full-coverage pass of 2026-08-21; no first-party price on the page."
MBO Partners,multi,marketplace_match,,,,,,https://www.mbopartners.com/,2026-08-21,browser_verified,cpo,"No published rate or fee percentage. An ""average project value delivered"" metric is published, which is a company statistic, not a price. Opened and read in a browser during the full-coverage pass of 2026-08-21; no first-party price on the page."
McClure CFO Consulting,CFO,retainer,,,,,,https://www.mcclure-cfo.com/,2026-08-20,browser_verified,fractional-cohort,No published price found in stage-one screening of the homepage and its pricing-linked pages. Opened and read in a browser during the full-coverage pass of 2026-08-21; no first-party price on the page.
McCoy Accounting Advisors LLC,CFO,retainer,,,,,,https://mccoy-advisors.com/,2026-08-20,browser_verified,fractional-cohort,No published price found in stage-one screening of the homepage and its pricing-linked pages. Opened and read in a browser during the full-coverage pass of 2026-08-21; no first-party price on the page.
McCracken Alliance,CFO,retainer,,,,,,https://www.mccrackenalliance.com/,2026-08-21,browser_verified,cfo,"No published price found at capture. Blog post discusses general market rates ($175-$350/hr, $5,000-$12,000/mo) but these are market commentary, not McCracken Alliance's own rates. Opened and read in a browser during the full-coverage pass of 2026-08-21; no first-party price on the page."
McCracken Marketing,CMO,retainer,1500,,GBP,per_month,,https://mccrackenmarketing.co.uk/,2026-08-21,browser_verified,cmo,"Published verbatim: ""Most clients work through a monthly Fractional CMO model, typically from GBP 1,500 per month depending on scope. Project and day rate work also..."" The GBP 2m-GBP 20m figures elsewhere on the page are a client revenue qualification band and are excluded."
Mead Marketing,multi,retainer,,,,,,https://www.meadmark.com/,2026-08-20,browser_verified,fractional-cohort,No published price found in stage-one screening of the homepage and its pricing-linked pages. Opened and read in a browser during the full-coverage pass of 2026-08-21; no first-party price on the page.
Med Consulting Solutions,CFO,retainer,,,,,,https://medconsultingsolution.com/,2026-08-21,unreachable,fractional-cohort,"No published price found on the rendered page at capture. An automated screening pass had flagged a possible figure on this domain; browser capture on 2026-08-20 found none, so the flag is recorded as a screening artifact and no figure is attributed to this provider. Opened in a browser during the full-coverage pass of 2026-08-21; the page could not be read (status: unreachable). Recorded as unreachable rather than as a published absence of price: this provider is counted in the denominator and carries no observation in either direction."
Megan Klein Consulting,CMO,retainer,,,,,,https://megankleinconsulting.com/,2026-08-20,browser_verified,fractional-cohort,No published price found in stage-one screening of the homepage and its pricing-linked pages. Opened and read in a browser during the full-coverage pass of 2026-08-21; no first-party price on the page.
Melissa Franks (On Call COO),COO,retainer,,,,,,https://melissafranks.com/fractionalcooservices,2026-08-20,browser_verified,coo,No published price found at capture. Independent fractional COO. Free consultation to determine package. Opened and read in a browser during the full-coverage pass of 2026-08-21; no first-party price on the page.
MentorCruise,CTO,marketplace_match,,,,,,https://mentorcruise.com/fractional-cto/,2026-08-21,browser_verified,cpo,"Screened only. Per-mentor monthly rates are published on the page but were not browser-verified in this run, and they are individual mentor rates rather than fractional CTO engagement rates. No price row asserted. Pending verification for v1.1. Opened and read in a browser during the full-coverage pass of 2026-08-21; no first-party price on the page."
MentorCruise,CMO,marketplace_match,,,,,,https://mentorcruise.com/,2026-08-20,browser_verified,cmo,No published CMO-specific rate. Per-mentor monthly rates exist but are individual advisory rates rather than fractional CMO engagement rates. Opened and read in a browser during the full-coverage pass of 2026-08-21; no first-party price on the page.
Meredith Vantage,CFO,retainer,,,,,,https://meredithv.com/,2026-08-20,browser_verified,fractional-cohort,No published price found in stage-one screening of the homepage and its pricing-linked pages. Opened and read in a browser during the full-coverage pass of 2026-08-21; no first-party price on the page.
Mermaid Marketing,CMO,retainer,,,,,,https://www.mermaidmarketing.co/,2026-08-20,browser_verified,fractional-cohort,No published price found in stage-one screening of the homepage and its pricing-linked pages. Opened and read in a browser during the full-coverage pass of 2026-08-21; no first-party price on the page.
Mesa Lane Consulting,CMO,retainer,,,,,,https://mesalanellc.com/,2026-08-20,browser_verified,fractional-cohort,No published price found in stage-one screening of the homepage and its pricing-linked pages. Opened and read in a browser during the full-coverage pass of 2026-08-21; no first-party price on the page.
metacto,CTO,retainer,,,,,,https://www.metacto.com/,2026-08-20,browser_verified,fractional-cohort,No published price found in stage-one screening of the homepage and its pricing-linked pages. Opened and read in a browser during the full-coverage pass of 2026-08-21; no first-party price on the page.
Michel Fortin,multi,retainer,,,,,,https://michelfortin.com/,2026-08-20,browser_verified,queue-2026-08-20,No published price found on the homepage or its pricing-linked pages. Opened and read in a browser during the full-coverage pass of 2026-08-21; no first-party price on the page.
MichiganCMO,multi,retainer,,,,,,https://michigancmo.com/,2026-08-20,browser_verified,fractional-cohort,No published price found in stage-one screening of the homepage and its pricing-linked pages. Opened and read in a browser during the full-coverage pass of 2026-08-21; no first-party price on the page.
Minding Your Media,CMO,retainer,,,,,,https://mindingyourmedia.com/,2026-08-20,browser_verified,fractional-cohort,No published price found in stage-one screening of the homepage and its pricing-linked pages. Opened and read in a browser during the full-coverage pass of 2026-08-21; no first-party price on the page.
Mirahi,CTO,retainer,,,,,,https://mirahi.io/,2026-08-20,browser_verified,cto,No published price found at capture. Software / fractional CTO boutique Belgium and Netherlands. WebFetch-verified. Opened and read in a browser during the full-coverage pass of 2026-08-21; no first-party price on the page.
Misnomer,CMO,retainer,10000,,USD,per_month,10-15 hrs/week,https://misnomer.co/pricing/,2026-08-20,browser_verified,cmo,"The seat tier. Published verbatim as ""From $10,000 per month"". Floor only. Browser-verified."
Misnomer,CMO,retainer,16000,,USD,per_month,16-25 hrs/week,https://misnomer.co/pricing/,2026-08-20,browser_verified,cmo,"Seat plus build tier. Published verbatim as ""From $16,000 per month"". Floor only. Browser-verified."
Misnomer,CMO,retainer,26000,,USD,per_month,25+ hrs/week,https://misnomer.co/pricing/,2026-08-20,browser_verified,cmo,"Full-time equivalent tier. Published verbatim as ""From $26,000 per month"". Floor only. Browser-verified."
Misnomer,CMO,retainer,6000,,USD,per_month,6-9 hrs/week,https://misnomer.co/pricing/,2026-08-20,browser_verified,cmo,"Board-ready tier. Published verbatim as ""From $6,000 per month"". Floor only. Browser-verified."
Modern CFO,CFO,retainer,,,,,,https://www.moderncfoservices.com/,2026-08-20,browser_verified,fractional-cohort,No published price found in stage-one screening of the homepage and its pricing-linked pages. Opened and read in a browser during the full-coverage pass of 2026-08-21; no first-party price on the page.
MontPac,CFO,retainer,,,,,,https://montpac.com/,2026-08-20,browser_verified,fractional-cohort,No published price found in stage-one screening of the homepage and its pricing-linked pages. Opened and read in a browser during the full-coverage pass of 2026-08-21; no first-party price on the page.
Moving Minds,CMO,retainer,,,,,,https://movingminds.io/,2026-08-20,blocked,cmo,HTTP 403 on server fetch. Fractional CMO companies review site. Own rate status unknown. Not browser-verified.
"MW Strategy Group, LLC",CEO,retainer,,,,,,https://mwstrategygroup.com/,2026-08-20,browser_verified,fractional-cohort,No published price found in stage-one screening of the homepage and its pricing-linked pages. Opened and read in a browser during the full-coverage pass of 2026-08-21; no first-party price on the page.
myproductsense,CPO,retainer,,,,,,https://myproductsense.com/cpo-as-a-service/,2026-08-21,browser_verified,cpo-expansion,No published price found at capture. Offers Fractional and Interim Chief Product Officer services. Run by Jose Malpartida. Opened and read in a browser during the full-coverage pass of 2026-08-21; no first-party price on the page.
Nabetsi,CPO,retainer,,,,,,https://www.nabetsi.com/,2026-08-21,browser_verified,cpo-expansion,No published price found at capture. Individual practitioner offering fractional product management. Opened and read in a browser during the full-coverage pass of 2026-08-21; no first-party price on the page.
Nacho,CTO,marketplace_match,125,,USD,per_hour,,https://www.nachotalent.com/fractional-cto/,2026-08-20,browser_verified,stage2-2026-08-20,"Published verbatim as ""Through Nacho, a Fractional CTO costs $125 an hour"", drawn from a monthly Talent Budget. Browser-verified."
Nacho,CTO,marketplace_match,65,,USD,per_hour,,https://www.nachotalent.com/fractional-cto/,2026-08-20,browser_verified,stage2-2026-08-20,"Specialist (non-executive) rate published as ""a Specialist at $65/hr from the same Nacho network"". Recorded for contrast; outside the executive-services scope of this index. Browser-verified."
Net at Work,multi,retainer,,,,,,https://www.netatwork.com/,2026-08-20,browser_verified,fractional-cohort,No published price found in stage-one screening of the homepage and its pricing-linked pages. Opened and read in a browser during the full-coverage pass of 2026-08-21; no first-party price on the page.
"New Life CFO Services, LLC",CFO,retainer,,,,,,https://newlifecfo.com/,2026-08-20,browser_verified,fractional-cohort,No published price found in stage-one screening of the homepage and its pricing-linked pages. Opened and read in a browser during the full-coverage pass of 2026-08-21; no first-party price on the page.
New Resources Consulting,CTO,retainer,,,,,,https://newresources.com/,2026-08-20,browser_verified,fractional-cohort,No published price found in stage-one screening of the homepage and its pricing-linked pages. Opened and read in a browser during the full-coverage pass of 2026-08-21; no first-party price on the page.
NexLevel Advisors LLC,CMO,retainer,,,,,,https://nexleveladvisors.com/,2026-08-20,browser_verified,fractional-cohort,No published price found in stage-one screening of the homepage and its pricing-linked pages. Opened and read in a browser during the full-coverage pass of 2026-08-21; no first-party price on the page.
NEXT Fractional,COO,retainer,,,,,,https://nextfractional.com/fractional-coo-chief-operations-officer/,2026-08-20,browser_verified,coo,No published price found at capture. Fractional COO services firm. Opened and read in a browser during the full-coverage pass of 2026-08-21; no first-party price on the page.
"Next Level Now, Inc.",CFO,retainer,,,,,,https://nextlevelnow.net/,2026-08-20,browser_verified,fractional-cohort,"No published price found at capture. Page directs to a quote, call or custom pricing. Pricing exists but is not published. Opened and read in a browser during the full-coverage pass of 2026-08-21; no first-party price on the page."
Next4Growth CFO Services,CFO,retainer,,,,,,https://www.next4growth.com/,2026-08-20,browser_verified,fractional-cohort,No published price found in stage-one screening of the homepage and its pricing-linked pages. Opened and read in a browser during the full-coverage pass of 2026-08-21; no first-party price on the page.
NextGen CFO,CFO,retainer,,,,,,https://nextgencfo.com/,2026-08-20,browser_verified,fractional-cohort,No published price found in stage-one screening of the homepage and its pricing-linked pages. Opened and read in a browser during the full-coverage pass of 2026-08-21; no first-party price on the page.
NoGood,CMO,retainer,,,,,,https://nogood.io/,2026-08-20,browser_verified,cmo,No published fractional CMO pricing. Growth agency with fractional marketing leadership. Opened and read in a browser during the full-coverage pass of 2026-08-21; no first-party price on the page.
Northline Advisory Group,CPO,retainer,,,,,,https://northlineadvisorygroup.com/,2026-08-21,browser_verified,cpo-expansion,"No published price found at capture. Individual practitioner (Maria) operating as CoTropos LLC. Offers ""Fractional VP of Product"" at 5-20 hours/week. Works with small number of clients. Austin TX-based. Opened and read in a browser during the full-coverage pass of 2026-08-21; no first-party price on the page."
Novis Logic Consulting,CPO,retainer,,,,,,https://novislogic.com/,2026-08-21,browser_verified,cpo-expansion,"No published price found at capture. Individual practitioner (Jim Kitchen). Fractional CPO and CTO. 1-2 days/week, minimum 3-month commitment. Opened and read in a browser during the full-coverage pass of 2026-08-21; no first-party price on the page."
NOW CFO,CFO,retainer,,,,,,https://nowcfo.com/,2026-08-21,browser_verified,cpo,"No published price found at capture. Site advertises ""Hourly Rates"" and ""No Hidden Fees"" as features without publishing a figure. Opened and read in a browser during the full-coverage pass of 2026-08-21; no first-party price on the page."
NXT Step Advisors,CFO,retainer,,,,,,https://www.nxtstepadvisors.com/,2026-08-20,browser_verified,fractional-cohort,No published price found in stage-one screening of the homepage and its pricing-linked pages. Opened and read in a browser during the full-coverage pass of 2026-08-21; no first-party price on the page.
O-CMO,CMO,marketplace_match,3000,3000,EUR,per_month,,https://o-cmo.com/pricing/,2026-08-20,browser_verified,cmo,"Essential tier. Published verbatim as ""€3,000 per month"". Senior Marketer / Head of Marketing level. 5-8 years in tech. Lisbon-based marketplace. Browser-verified."
O-CMO,CMO,marketplace_match,4000,4000,EUR,per_month,,https://o-cmo.com/pricing/,2026-08-20,browser_verified,cmo,"Professional tier. Published verbatim as ""€4,000 per month"". Fractional CMO / VP Marketing level. 8-12 years in tech. Browser-verified."
O-CMO,CMO,marketplace_match,5000,5000,EUR,per_month,,https://o-cmo.com/pricing/,2026-08-20,browser_verified,cmo,"Executive tier. Published verbatim as ""€5,000 per month"". Fractional CMO / ex-CMO level. 12-18 years in tech. Browser-verified."
O-CMO,CMO,marketplace_match,7000,,EUR,per_month,,https://o-cmo.com/pricing/,2026-08-20,browser_verified,cmo,"Enterprise tier. Published verbatim as ""€7,000+ per month"". C-level with global track record. 18+ years. Floor only. Browser-verified."
Oak CEO,COO,retainer,,,,,,https://oakceo.com/,2026-08-20,browser_verified,coo,No published price found at capture. Independent fractional COO (Christoffer Nielsen). Sends customized proposal after consultation. Opened and read in a browser during the full-coverage pass of 2026-08-21; no first-party price on the page.
Octoco Consulting,CTO,retainer,,,,,,https://www.octoco.ltd/,2026-08-20,browser_verified,cto,No published price found at capture. South Africa (Stellenbosch and Cape Town). Blog cites market rates but these are market commentary not own prices. Agent-screened. Opened and read in a browser during the full-coverage pass of 2026-08-21; no first-party price on the page.
Odgers Interim,CMO,marketplace_match,,,,,,https://www.odgersinterim.com/,2026-08-20,browser_verified,cmo,"No published price found at capture. Interim management focus, high opacity pricing. Opened and read in a browser during the full-coverage pass of 2026-08-21; no first-party price on the page."
OGS Capital,CFO,retainer,,,,,,https://ogscapital.com/,2026-08-21,browser_verified,cfo,No published price found at capture. Business-planning and CFO consultancy; directs to consultation. Opened and read in a browser during the full-coverage pass of 2026-08-21; no first-party price on the page.
"Oiprofit – Fractional CFO Services | Reno, NV",CFO,retainer,,,,,,https://oiprofit.com/,2026-08-20,browser_verified,fractional-cohort,"No published price found at capture. Page directs to a quote, call or custom pricing. Pricing exists but is not published. Opened and read in a browser during the full-coverage pass of 2026-08-21; no first-party price on the page."
OK200,CTO,retainer,,,,,,https://ok200.net/,2026-08-20,browser_verified,cto,No published price found at capture. CTO-as-a-Service listed but no rates. Melbourne Australia. WebFetch-verified. Opened and read in a browser during the full-coverage pass of 2026-08-21; no first-party price on the page.
On Demand Chiefs,CMO,retainer,,,,,,https://www.ondemandchiefs.com/,2026-08-20,browser_verified,fractional-cohort,No published price found in stage-one screening of the homepage and its pricing-linked pages. Opened and read in a browser during the full-coverage pass of 2026-08-21; no first-party price on the page.
Onward Search,CPO,marketplace_match,,,,,,https://www.onwardsearch.com/fractional-executives/,2026-08-20,browser_verified,cpo-expansion,No published price found at capture. Staffing firm providing fractional executives including Chief Product Officer (CPO). Also covers CAIO/CCO/CDO/CXO/CMO. 24-hour response. Opened and read in a browser during the full-coverage pass of 2026-08-21; no first-party price on the page.
Open Velocity,CMO,retainer,,,,,,https://openvelocity.com/,2026-08-20,browser_verified,cmo,No published first-party pricing. UK fractional marketing strategy consultancy. Opened and read in a browser during the full-coverage pass of 2026-08-21; no first-party price on the page.
OptiFlow,COO,retainer,,,,,,https://optiflowio.com/,2026-08-20,browser_verified,fractional-cohort,No published price found in stage-one screening of the homepage and its pricing-linked pages. Opened and read in a browser during the full-coverage pass of 2026-08-21; no first-party price on the page.
Orr Consulting,CMO,retainer,15000,,USD,per_month,,https://www.orr-consulting.com/,2026-08-21,browser_verified,cmo,"Headline retainer, published verbatim: ""Fractional CMO & Ongoing Support Starting at $15,000/month - Best for: growth-stage brands that need senior marketing leadership without full-time headcount."""
Orr Consulting,CMO,project,7500,,USD,fixed_fee_per_project,,https://www.orr-consulting.com/,2026-08-21,browser_verified,cmo,"Published verbatim: ""Analytics & Attribution Audit Starting at $7,500 - Best for: teams who suspect their data is lying to them."""
Orr Consulting,CMO,project,5000,,USD,fixed_fee_per_project,,https://www.orr-consulting.com/,2026-08-21,browser_verified,cmo,"Published verbatim: ""90-Day Growth Roadmap Starting at $5,000 - Best for: brands ready to execute but lacking a prioritized plan."""
Orr Consulting,CMO,project,7500,,USD,fixed_fee_per_project,,https://www.orr-consulting.com/,2026-08-21,browser_verified,cmo,"Published verbatim: ""Brand & Messaging Sprint Starting at $7,500 - Best for: brands where the strategy is right but the message isn't landing."""
Orr Consulting,CMO,project,5000,,USD,fixed_fee_per_project,,https://www.orr-consulting.com/,2026-08-21,browser_verified,cmo,"Published verbatim: ""PPC & Channel Audit Starting at $5,000 - Best for: teams running paid media that isn't performing as expected."" A ""Growth Diagnostic Call"" is offered ""Free - 30 minutes"" and is not recorded as a price. The ""$1M in earnings on Upwork"" figure is a credential and is excluded."
Osmo Partners,COO,retainer,,,,,,https://www.osmopartners.com/,2026-08-20,browser_verified,coo,No published price found at capture. UK outsourced COO service for buyside firms. Opened and read in a browser during the full-coverage pass of 2026-08-21; no first-party price on the page.
Ottesu,COO,retainer,,,,,,https://ottesu.com.au/how-we-help/fractional-coo/,2026-08-20,browser_verified,coo,No published price found at capture. Australian fractional COO provider. Offers diagnostic mapping and advisory tiers but no rates disclosed. Opened and read in a browser during the full-coverage pass of 2026-08-21; no first-party price on the page.
OutsourceYourOps,COO,retainer,,,,,,https://outsourceyourops.com/,2026-08-20,browser_verified,coo,No published price found at capture. Independent fractional operations leadership (Katie Taylor). Offers diagnostic and interim leadership engagements. Opened and read in a browser during the full-coverage pass of 2026-08-21; no first-party price on the page.
P3 Transformation,multi,retainer,,,,,,https://p3transformation.com/,2026-08-20,browser_verified,fractional-cohort,No published price found in stage-one screening of the homepage and its pricing-linked pages. Opened and read in a browser during the full-coverage pass of 2026-08-21; no first-party price on the page.
PADISO,CTO,project,10000,,NZD,fixed_fee_per_project,,https://www.padiso.co/cto-advisory-new-zealand/,2026-08-20,browser_verified,stage2-2026-08-20,"Fixed-scope assessment, published as ""Fixed scope, fixed fee. from NZ$10K"". Browser-verified."
PADISO,CTO,retainer,12000,,NZD,per_month,2-4 days/week,https://www.padiso.co/cto-advisory-new-zealand/,2026-08-20,browser_verified,stage2-2026-08-20,"Fractional CTO engagement, published as ""from NZ$12K/mo"", 2-4 days a week embedded. Browser-verified."
PADISO,CTO,retainer,6000,,NZD,per_month,,https://www.padiso.co/cto-advisory-new-zealand/,2026-08-20,browser_verified,stage2-2026-08-20,"Advisory retainer, published as ""from NZ$6K/mo"". Browser-verified."
Paev,CPO,retainer,,,,,,https://www.paev.tech/fractional-c-suite,2026-08-21,browser_verified,cpo-expansion,"No published price found at capture. Offers fractional C-suite including CPO alongside CMO, CTO, COO. Opened and read in a browser during the full-coverage pass of 2026-08-21; no first-party price on the page."
Pangea.ai,CPO,marketplace_match,,,,,,https://pangea.ai/fractional-cpo,2026-08-21,browser_verified,cpo-expansion,"No published price found at capture. Global marketplace (US, LatAm, Europe, Middle East). Invite-only executive network. Matches within 72 hours. Three engagement types: one-time sessions, advisory, initiative ownership. Opened and read in a browser during the full-coverage pass of 2026-08-21; no first-party price on the page."
Paralign Group | Fractional CFO Services,CFO,retainer,,,,,,https://paraligngroup.com/,2026-08-20,browser_verified,fractional-cohort,No published price found in stage-one screening of the homepage and its pricing-linked pages. Opened and read in a browser during the full-coverage pass of 2026-08-21; no first-party price on the page.
ParamGrowth,CPO,retainer,,,,,,https://paramgrowth.com/fractional-chief-product-officer-cpo,2026-08-21,unreachable,cpo-expansion,"No published price found at capture. Lists ""Fractional Chief product Officer (CPO)"" as primary solution. Platform and SaaS focus. Opened in a browser during the full-coverage pass of 2026-08-21; the page could not be read (status: unreachable). Recorded as unreachable rather than as a published absence of price: this provider is counted in the denominator and carries no observation in either direction."
Paro,CFO,marketplace_match,,,,,,https://paro.ai/,2026-08-21,browser_verified,cpo,No published price found at capture. Marketplace matching finance talent; directs to consultation. Opened and read in a browser during the full-coverage pass of 2026-08-21; no first-party price on the page.
Particle41,CTO,retainer,,,,,,https://particle41.com/,2026-08-20,browser_verified,fractional-cohort,No published price found in stage-one screening of the homepage and its pricing-linked pages. Opened and read in a browser during the full-coverage pass of 2026-08-21; no first-party price on the page.
PartScale,COO,retainer,,,,,,https://partscale.co.uk/,2026-08-20,browser_verified,coo,No published price found at capture. UK fractional COO and people director firm for founder-led businesses. Opened and read in a browser during the full-coverage pass of 2026-08-21; no first-party price on the page.
PayAsYouGo COO,COO,retainer,,,,,,https://www.payasyougocoo.com/,2026-08-20,browser_verified,coo,No published price found at capture. Offers fractional COO and business coaching but reserves pricing for consultation. Opened and read in a browser during the full-coverage pass of 2026-08-21; no first-party price on the page.
Peak Product Performance,CPO,retainer,,,,,,https://www.peakproductperformance.com/fractional-product-leadership,2026-08-21,browser_verified,cpo-expansion,No published price found at capture. Firm offering fractional team leadership and product strategy consulting. Claims performance improvements within 1-2 weeks. Opened and read in a browser during the full-coverage pass of 2026-08-21; no first-party price on the page.
Peerboard Advisors,CPO,retainer,,,,,,https://www.peerboardadvisors.com/,2026-08-19,unreachable,cpo-expansion,Not reachable. DNS resolution failed (ENOTFOUND). Recorded as unreachable.
"Peter Emery Consulting, LLC",CMO,retainer,,,,,,https://www.peteremeryconsulting.com/,2026-08-20,browser_verified,fractional-cohort,No published price found in stage-one screening of the homepage and its pricing-linked pages. Opened and read in a browser during the full-coverage pass of 2026-08-21; no first-party price on the page.
Phoenix Group LLC,CFO,retainer,,,,,,https://www.phoenixgrpllc.com/,2026-08-20,browser_verified,fractional-cohort,No published price found in stage-one screening of the homepage and its pricing-linked pages. Opened and read in a browser during the full-coverage pass of 2026-08-21; no first-party price on the page.
phraCTO,CTO,retainer,,,,,,https://phracto.com/,2026-08-20,browser_verified,fractional-cohort,No published price found in stage-one screening of the homepage and its pricing-linked pages. Opened and read in a browser during the full-coverage pass of 2026-08-21; no first-party price on the page.
Pilot,CFO,retainer,399,399,USD,per_hour,,https://pilot.com/pricing,2026-08-17,browser_verified,cpo,"CFO advisory published verbatim as ""Free for pre-seed founders. $399/hr for everyone else."" Pilot's $1,750 / $3,150 / $5,250 monthly tiers are present in the page DOM but attach to bookkeeping plans, not to the CFO service, so they are not recorded as a CFO rate. Browser-verified."
Pivot Business Group,CFO,retainer,,,,,,https://pivotbusinessgroup.com/,2026-08-20,browser_verified,fractional-cohort,No published price found in stage-one screening of the homepage and its pricing-linked pages. Opened and read in a browser during the full-coverage pass of 2026-08-21; no first-party price on the page.
Plum Good Marketing,CMO,retainer,,,,,,https://plumgoodmarketing.com/,2026-08-20,browser_verified,fractional-cohort,No published price found in stage-one screening of the homepage and its pricing-linked pages. Opened and read in a browser during the full-coverage pass of 2026-08-21; no first-party price on the page.
PMGuru Consulting,CPO,retainer,15000,,USD,per_month,,https://www.pmguru.org/pricing/,2026-08-20,browser_verified,stage2-2026-08-20,"Fractional Operator, published as ""$15K+/mo"". Browser-verified."
PMGuru Consulting,CPO,project,20000,,USD,fixed_fee_per_project,90 days,https://www.pmguru.org/pricing/,2026-08-20,browser_verified,stage2-2026-08-20,"Growth Sprint, published as ""$20K+/engagement"". Browser-verified."
PMGuru Consulting,CPO,retainer,7500,,USD,per_month,,https://www.pmguru.org/pricing/,2026-08-20,browser_verified,stage2-2026-08-20,"Strategic Advisory, published as ""$7.5K+/mo"". Floor only. Browser-verified."
Pocket CTO Partners,CTO,retainer,7500,,USD,per_month,,https://www.pocketctopartners.com/,2026-08-20,browser_verified,stage2-2026-08-20,"AI Engineering Retainer, published as ""$7,500 / month A fixed monthly engineering unit"". Browser-verified."
Pocket CTO Partners,CTO,project,999,,USD,fixed_fee_per_project,2 weeks,https://www.pocketctopartners.com/,2026-08-20,browser_verified,stage2-2026-08-20,"AI Opportunity Audit, published as ""AI Opportunity Audit $999 Two-week diagnostic"". Browser-verified."
Porter Wills,CMO,day_rate,1000,1000,GBP,per_day,,https://porterwills.co/thoughts/fractional-cmo-cost-uk-the-complete-pricing-guide-for-2025,2026-08-20,browser_verified,cmo,"Strategic Day Rate. Published verbatim as ""£1,000"". Described as ""A focused, intensive day to tackle a pressing challenge"". Browser-verified."
Porter Wills,CMO,retainer,3500,,GBP,per_month,1-2 days/week,https://porterwills.co/thoughts/fractional-cmo-cost-uk-the-complete-pricing-guide-for-2025,2026-08-20,browser_verified,cmo,"Monthly Retainers. Published verbatim as ""Starting from £3,500"". 1-2 days per week. Most popular option. Floor only. Browser-verified."
Porter Wills,CMO,project,4000,5000,GBP,per_week,,https://porterwills.co/thoughts/fractional-cmo-cost-uk-the-complete-pricing-guide-for-2025,2026-08-20,browser_verified,cmo,"Weekly Sprints. Published verbatim as ""£4,000 to £5,000"". Five-day engagement for key strategic deliverable. Browser-verified."
Portfolio Collective,CPO,marketplace_match,,,,,,https://portfolio-collective.com/fractional-experts/,2026-08-21,browser_verified,cpo-expansion,"Screened only. WebFetch reports GBP 2,000 setup fee + GBP 2,000 success fee for matching. 15K+ member network of fractional experts. UK-based. Does not specifically list CPO but covers senior fractional talent broadly. Not browser-verified. No price row asserted. Pending verification for v1.1. Opened and read in a browser during the full-coverage pass of 2026-08-21; no first-party price on the page."
Preferred CFO,CFO,retainer,,,,,,https://www.preferredcfo.com/,2026-08-21,browser_verified,cpo,No published price found at capture. Opened and read in a browser during the full-coverage pass of 2026-08-21; no first-party price on the page.
ProCFO Partners,CFO,retainer,,,,,,https://procfopartners.com/,2026-08-20,browser_verified,fractional-cohort,No published price found in stage-one screening of the homepage and its pricing-linked pages. Opened and read in a browser during the full-coverage pass of 2026-08-21; no first-party price on the page.
Prodevel,CTO,retainer,1500,,GBP,per_month,,https://prodevel.co.uk/hire-fractional-cto-uk,2026-08-20,browser_verified,stage2-2026-08-20,"Published verbatim as ""Prodevel's fractional CTO engagements start at £1,500 per month"", 3-month minimum then month-to-month. The UK market band of £1,500-£8,000 stated on the same page is a market claim and is excluded. Browser-verified."
Prodify,CPO,retainer,,,,,,https://www.prodify.group/,2026-08-21,browser_verified,cpo,"No published price found at capture. Site states ""Request a call to see our pricing and packages"", confirming pricing exists but is not published. Opened and read in a browser during the full-coverage pass of 2026-08-21; no first-party price on the page."
Product People,CPO,retainer,,,,,,https://www.getproductpeople.com/,2026-08-21,browser_verified,cpo,No published price found at capture. Interim embedded product management; directs to a discovery call. Opened and read in a browser during the full-coverage pass of 2026-08-21; no first-party price on the page.
Product Rocket,CPO,retainer,,,,,,https://productrocket.ch/fractional,2026-08-21,browser_verified,cpo-expansion,No published price found at capture. Switzerland-based firm. Specializes in Fractional CPO/CTO combined with agentic AI and LLM consulting. Opened and read in a browser during the full-coverage pass of 2026-08-21; no first-party price on the page.
Productbeats,CPO,retainer,,,,,,https://productbeats.com/interim,2026-08-21,browser_verified,cpo-expansion,No published price found at capture. Boutique consulting firm specializing in interim product management delivery. Multiple successful interim PM assignments. Opened and read in a browser during the full-coverage pass of 2026-08-21; no first-party price on the page.
Productside,CPO,project,,,,,,https://productside.com/,2026-08-21,browser_verified,cpo,"No published price for courses, training or advisory on the main site. Opened and read in a browser during the full-coverage pass of 2026-08-21; no first-party price on the page."
ProductTrio,CPO,retainer,,,,,,https://www.producttrio.com/fractional-head-of-product,2026-08-21,browser_verified,cpo-expansion,"No published price found at capture. Independent (Aleksander Uznanski). Embeds part-time as Head of Product or CPO, 10-20 hours/week, monthly retainer, 6-12 months typical. Remote-first. Opened and read in a browser during the full-coverage pass of 2026-08-21; no first-party price on the page."
ProductXperts,CPO,retainer,,,,,,https://product-xperts.com/,2026-08-19,unreachable,cpo-expansion,Not reachable. DNS resolution failed (ENOTFOUND). Domain appears inactive.
Produxity,CPO,retainer,,,,,,https://produxity.com/fractional-cpo/,2026-08-21,browser_verified,cpo-expansion,"No published price found at capture. UK boutique led by Cyril Le Roux. 2-3 days/week, 6-month minimum commitment, 90-day notice period after initial term. Opened and read in a browser during the full-coverage pass of 2026-08-21; no first-party price on the page."
Profici,CPO,retainer,,,,,,https://profici.co.uk/fractional-c-suite-services/,2026-08-21,browser_verified,cpo-expansion,No published price found at capture. UK firm. CPO listed among one executive's roles (Maria Morais: CRO/CPO/CTO). Offers fractional C-suite services. Opened and read in a browser during the full-coverage pass of 2026-08-21; no first-party price on the page.
Promethean Advisors,COO,retainer,,,,,,https://promethean-advisors.com,2026-08-20,unreachable,fractional-cohort,Not reachable at capture (timeout). Unreachable is distinct from having no published price.
PSP,CTO,retainer,,,,,,https://psp-it.com/services/outsourced/cto/,2026-08-20,browser_verified,cto,No published price found at capture. UK (Spalding Lincolnshire). Agent-screened. Opened and read in a browser during the full-coverage pass of 2026-08-21; no first-party price on the page.
Purple Brains,CPO,retainer,2000,,USD,per_month,,https://www.purplebrains.com/,2026-08-21,browser_verified,cpo-expansion,"Tier 1 of three, published verbatim: ""we align on objectives and pick a service package: Strategic Guidance at $2,000/month"". Advisory tier."
Purple Brains,CPO,retainer,3500,,USD,per_month,,https://www.purplebrains.com/,2026-08-21,browser_verified,cpo-expansion,"Tier 2 of three, published verbatim: ""In-Depth Analysis at $3,500/month""."
Purple Brains,CPO,retainer,6000,,USD,per_month,,https://www.purplebrains.com/,2026-08-21,browser_verified,cpo-expansion,"Tier 3 of three, published verbatim: ""Full Hands-On Product Management at $6,000/month"". The delivery tier. All three are flat figures rather than floors."
Quantum CFO Advisory and Services LLC,CFO,retainer,,,,,,https://quantum-cfo.com/,2026-08-20,browser_verified,fractional-cohort,No published price found in stage-one screening of the homepage and its pricing-linked pages. Opened and read in a browser during the full-coverage pass of 2026-08-21; no first-party price on the page.
"Quantum Surge Technologies, LLC",CTO,retainer,,,,,,https://quantumsurge.tech/,2026-08-20,browser_verified,fractional-cohort,No published price found in stage-one screening of the homepage and its pricing-linked pages. Opened and read in a browser during the full-coverage pass of 2026-08-21; no first-party price on the page.
Qub10,CTO,retainer,,,,,,https://qub10.com/,2026-08-20,browser_verified,cto,No published price found at capture. UK (Richmond London). Agent-screened. Opened and read in a browser during the full-coverage pass of 2026-08-21; no first-party price on the page.
Rae Business Management,COO,retainer,,,,,,https://www.raebusinessmanagement.com/blog/fractional-coo-rates,2026-08-20,browser_verified,coo,"No published own price. Blog discusses market ranges ($4,000-$15,000/month) but states ""Our engagements are monthly retainers in the range above, scoped to the size of your team."" No specific own figure published. Opened and read in a browser during the full-coverage pass of 2026-08-21; no first-party price on the page."
Raimund Herms,CPO,retainer,,,,,,https://raimundherms.com/de/fractional-cpo/,2026-08-21,browser_verified,cpo-expansion,No published price found at capture. Germany-based individual practitioner (Berlin). Explicit fractional CPO page. Typical engagement 2-4 days/week on medium to long-term basis (months to years). Minimum 3-month commitment. Opened and read in a browser during the full-coverage pass of 2026-08-21; no first-party price on the page.
Rake Development,CMO,retainer,,,,,,https://www.rakedevelopment.com/,2026-08-20,browser_verified,fractional-cohort,No published price found in stage-one screening of the homepage and its pricing-linked pages. Opened and read in a browser during the full-coverage pass of 2026-08-21; no first-party price on the page.
Rambert,CMO,retainer,2000,4000,AUD,per_month,1-2 days/week,https://rambert.co/services/fractional-cmo/,2026-08-20,browser_verified,cmo,"Advisory tier. Published verbatim as ""$2,000 to $4,000"". Australian provider. Browser-verified."
Rambert,CMO,project,4997,,AUD,fixed_fee_per_project,,https://rambert.co/services/fractional-cmo/,2026-08-20,browser_verified,cmo,"Strategy Sprint. Published verbatim as ""fixed fee from $4,997"". Three weeks. Floor only. Browser-verified."
Rambert,CMO,retainer,5000,8000,AUD,per_month,2-3 days/week,https://rambert.co/services/fractional-cmo/,2026-08-20,browser_verified,cmo,"Strategic tier. Published verbatim as ""$5,000 to $8,000"". Australian provider. Browser-verified."
Rambert,CMO,retainer,8000,18000,AUD,per_month,3-5 days/week,https://rambert.co/services/fractional-cmo/,2026-08-20,browser_verified,cmo,"Embedded tier. Published verbatim as ""$8,000 to $18,000"". Australian provider. Browser-verified."
RankedCMO,CMO,marketplace_match,,,,,,https://rankedcmo.com/,2026-08-20,browser_verified,cmo,No published rate. Directory and resource site publishing aggregated market benchmarks. Opened and read in a browser during the full-coverage pass of 2026-08-21; no first-party price on the page.
Rational Partners,CPO,retainer,,,,,,https://rational.partners/services/fractional-cpo,2026-08-21,browser_verified,cpo-expansion,"No published price found at capture. UK firm serving PE-backed scale-ups (2M-100M). Explicitly states ""We do not publish a rate card, because the honest answer depends on your situation."" Fixed monthly retainer, 3-12 months. Rational Start framework (4-week assessment). Opened and read in a browser during the full-coverage pass of 2026-08-21; no first-party price on the page."
Rational Partners,CTO,retainer,,,,,,https://rational.partners/services/fractional-cto,2026-08-20,browser_verified,cto,"No published price found at capture. UK (Totnes Devon). States ""We do not publish a rate card."" Serves PE/VC-backed companies. Agent-screened. Opened and read in a browser during the full-coverage pass of 2026-08-21; no first-party price on the page."
"RB Unlimited, LLC",COO,retainer,,,,,,https://rezabreakstone.com/,2026-08-20,browser_verified,fractional-cohort,No published price found in stage-one screening of the homepage and its pricing-linked pages. Opened and read in a browser during the full-coverage pass of 2026-08-21; no first-party price on the page.
RCK Consulting LLC,CFO,retainer,,,,,,https://www.rebeccakushner.com/,2026-08-20,browser_verified,fractional-cohort,No published price found in stage-one screening of the homepage and its pricing-linked pages. Opened and read in a browser during the full-coverage pass of 2026-08-21; no first-party price on the page.
ReadyCTO,CTO,retainer,,,,,,https://www.readycto.com/,2026-08-20,browser_verified,fractional-cohort,No published price found in stage-one screening of the homepage and its pricing-linked pages. Opened and read in a browser during the full-coverage pass of 2026-08-21; no first-party price on the page.
Recruited.tech,CPO,marketplace_match,,,,,,https://www.recruited.tech/blog/fractional-product-leadership,2026-08-21,browser_verified,cpo-expansion,No published price found at capture. Marketplace/talent platform connecting product leaders with opportunities. Distinct sections for Clients and Talent. Individual practitioners market themselves on the platform. Opened and read in a browser during the full-coverage pass of 2026-08-21; no first-party price on the page.
Red Eagle Tech,CTO,retainer,,,,,,https://redeagle.tech/,2026-08-20,browser_verified,cto,No published price found at capture. UK (North London). Agent-screened. Opened and read in a browser during the full-coverage pass of 2026-08-21; no first-party price on the page.
Refine Labs,CMO,project,,,,,,https://www.refinelabs.com/,2026-08-21,browser_verified,cpo,"Screened only. A summarizing fetch reported a Revenue Performance Assessment ""Starting at $35,000, 6 weeks""; not browser-verified in this run, so no price row is asserted. Pending verification for v1.1. Opened and read in a browser during the full-coverage pass of 2026-08-21; no first-party price on the page."
Remote Work Prep,COO,retainer,,,,,,https://www.remoteworkprep.com/,2026-08-20,browser_verified,fractional-cohort,No published price found in stage-one screening of the homepage and its pricing-linked pages. Opened and read in a browser during the full-coverage pass of 2026-08-21; no first-party price on the page.
RemoteCPO,CPO,project,497,,EUR,fixed_fee_per_project,"async, delivered within 5 business days",https://www.remotecpo.com/,2026-08-21,browser_verified,cpo-expansion,"Step 01, published verbatim: ""Ops & Offer Audit Start here EUR 497 - Async. No calls required. A structured intake form gives me everything I need. Diagnosis delivered within 5 business days."""
RemoteCPO,CPO,project,750,,EUR,fixed_fee_per_project,~6-hour intensive session,https://www.remotecpo.com/,2026-08-21,browser_verified,cpo-expansion,"Step 02, published verbatim: ""Product Clarity Day Most popular The core work EUR 750 - A ~6-hour intensive session, remote via Zoom."""
RemoteCPO,CPO,retainer,1200,,EUR,per_month,,https://www.remotecpo.com/,2026-08-21,browser_verified,cpo-expansion,"Step 03, published verbatim: ""Monthly Retainer For ongoing work EUR 1,200/month - An ongoing relationship for clients who want continued momentum. Cancel anytime - no contracts, no lock-in."" Note this is an unusually low CPO monthly figure and the currency is EUR; it must not be pooled with the USD band."
Renoir Interim,CPO,retainer,,,,,,https://renoirinterim.com/interim-chief-product-officer-uk/,2026-08-21,browser_verified,cpo-expansion,No published price found at capture. UK interim executive firm with dedicated interim CPO service page. Deep UK product leadership talent pool. Opened and read in a browser during the full-coverage pass of 2026-08-21; no first-party price on the page.
REPTILE.HAUS,CTO,retainer,150,,EUR,per_hour,,https://reptile.haus/services/tech-leadership-service/,2026-08-20,browser_verified,stage2-2026-08-20,"Light Touch Advisory, published as ""EUR 150/hour"". Browser-verified."
REPTILE.HAUS,CTO,retainer,3000,5000,EUR,per_month,1-2 hrs/day,https://reptile.haus/services/tech-leadership-service/,2026-08-20,browser_verified,stage2-2026-08-20,"Proper Fractional CTO, published as ""EUR 3,000 - EUR 5,000/month ... 1-2 hours a day"". Browser-verified."
REPTILE.HAUS,CTO,project,5000,,EUR,fixed_fee_per_project,,https://reptile.haus/services/tech-leadership-service/,2026-08-20,browser_verified,stage2-2026-08-20,"Project-Based, published as ""Starting at EUR 5,000"". The ""EUR 200K+ annual cost of a full-time CTO"" is a market claim and is excluded. Browser-verified."
ReVAmp Revenue,multi,retainer,,,,,,https://www.revampconsulting.co.uk/,2026-08-20,unreachable,queue-2026-08-20,Not reachable at capture (ReadTimeout). Unreachable is distinct from having no published price.
Reveal Consulting,CMO,project,15000,22000,USD,fixed_fee_per_project,4-6 weeks,https://revealcmo.com/,2026-08-20,browser_verified,stage2-2026-08-20,"Phase 2 Keystone Blueprint, complete marketing operating system, published as ""$15,000-$22,000 - 4-6 weeks"". Phase 3 is an ongoing fractional CMO engagement whose figure did not render in the captured page and is not asserted. Browser-verified."
Reveal Consulting,CMO,project,7500,12000,USD,fixed_fee_per_project,3-4 weeks,https://revealcmo.com/,2026-08-20,browser_verified,stage2-2026-08-20,"Phase 1 Keystone Report + 90-Day Action Plan, published as ""$7,500-$12,000 - 3-4 weeks"". Browser-verified."
Revenue Nomad,CMO,marketplace_match,,,,,,https://www.revenuenomad.com/,2026-08-20,browser_verified,cmo,No published rate. Marketplace platform connecting companies with fractional operators. Opened and read in a browser during the full-coverage pass of 2026-08-21; no first-party price on the page.
Rewired Consulting,CTO,retainer,,15000,USD,per_month,,https://www.rewired.co/pricing,2026-08-20,browser_verified,stage2-2026-08-20,"Leadership SKUs, published as ""CTO Partner (published ceiling ~$15K/mo on leadership SKUs)"". Ceiling only; no floor published. Browser-verified."
Rewired Consulting,CTO,project,5000,,USD,fixed_fee_per_project,,https://www.rewired.co/pricing,2026-08-20,browser_verified,stage2-2026-08-20,"AI Ops Sprint, published as ""$5,000 for the standard sprint"". Browser-verified."
Rewired Consulting,CTO,project,797,,USD,fixed_fee_per_project,90-minute diagnostic,https://www.rewired.co/pricing,2026-08-20,browser_verified,stage2-2026-08-20,"Get Clear, published as ""$797; 100% credits toward a retainer within 14 days"". Browser-verified."
RGP (Resources Global Professionals),COO,retainer,,,,,,https://rgp.com/,2026-08-20,browser_verified,coo,No published price found at capture. Large consulting firm offering COO and operations leadership support. Opened and read in a browser during the full-coverage pass of 2026-08-21; no first-party price on the page.
River Dog Digital,CMO,retainer,,,,,,https://riverdogdigital.com/,2026-08-20,browser_verified,fractional-cohort,No published price found in stage-one screening of the homepage and its pricing-linked pages. Opened and read in a browser during the full-coverage pass of 2026-08-21; no first-party price on the page.
Riverbend Consulting Group,COO,retainer,,,,,,https://rbendconsulting.com/fractional-coo-services,2026-08-20,browser_verified,coo,No published price found at capture. Fractional COO for service businesses ($3M-$15M). Embedded operational leadership. Opened and read in a browser during the full-coverage pass of 2026-08-21; no first-party price on the page.
Roadmap Works LLC,CTO,retainer,,,,,,https://roadmapworks.com/,2026-08-20,browser_verified,fractional-cohort,No published price found in stage-one screening of the homepage and its pricing-linked pages. Opened and read in a browser during the full-coverage pass of 2026-08-21; no first-party price on the page.
ROCK CFO,CFO,retainer,,,,,,https://rockcfo.com/,2026-08-20,browser_verified,fractional-cohort,No published price found in stage-one screening of the homepage and its pricing-linked pages. Opened and read in a browser during the full-coverage pass of 2026-08-21; no first-party price on the page.
Rockman Consulting,COO,retainer,17000,,USD,per_month,,https://rockmanconsulting.net/,2026-08-21,browser_verified,coo,"C-suite tier, published verbatim: ""Fractional: Chief of Staff or COO $17,000 monthly - Longer term engagement"". The page states ""SOWs are created specifically for each engagement and pricing will match the effort."""
Rockman Consulting,COO,retainer,10000,,USD,per_month,,https://rockmanconsulting.net/,2026-08-21,browser_verified,coo,"Published verbatim: ""Fractional: Director of Operations $10,000 monthly - Longer term engagement. Operational Support..."" Scope note: Director of Operations is below C-suite; recorded for completeness."
Rockman Consulting,COO,retainer,4000,,USD,per_month,,https://rockmanconsulting.net/,2026-08-21,browser_verified,coo,"Published verbatim: ""Fractional: OKR Creation & Management Kick-off Fee + $4,000 monthly - Longer term engagement"". IMPORTANT: the figure is explicitly ""Kick-off Fee + $4,000 monthly"", so the monthly figure is not the full cost of the engagement. Scope note: a service line rather than an executive role."
Roger Yahchouchi,CPO,retainer,,,,,,https://rogeryahchouchi.com/,2026-08-21,browser_verified,cpo-expansion,"No published price found at capture. UAE-based independent offering ""Fractional Product Leadership"" for early-stage startups. Two services: Product Mentoring and Fractional Product Leadership. References saving AED 400K vs full-time hire. Opened and read in a browser during the full-coverage pass of 2026-08-21; no first-party price on the page."
Rooted in Product,CPO,retainer,,,,,,https://www.rootedinproduct.com/,2026-08-21,browser_verified,cpo-expansion,"No published price found at capture. Collective of 11 senior fractional operators (former CPOs, VPs). 200+ combined years. Monthly retainer with three-month minimum, month-to-month after. States ""We'll give you a real number on the first call."" Opened and read in a browser during the full-coverage pass of 2026-08-21; no first-party price on the page."
Ross Boardman,CPO,day_rate,2000,,GBP,per_day,,https://www.rossboardman.com/pricing,2026-08-21,browser_verified,cpo-expansion,"Published verbatim under the heading ""HIRE A FRACTIONAL CTO Pricing"": ""On Demand GBP 2,000/day - Expert advice when you need it, how you need it."""
Ross Boardman,CPO,retainer,6000,,GBP,per_month,,https://www.rossboardman.com/pricing,2026-08-21,browser_verified,cpo-expansion,"Published verbatim: ""Starter GBP 6,000/month - Strategic support for MDs, CEOs and founders."""
Ross Boardman,CPO,retainer,12000,,GBP,per_month,,https://www.rossboardman.com/pricing,2026-08-21,browser_verified,cpo-expansion,"Published verbatim: ""Team GBP 12,000/month - Direct support for leaders and teams to drive growth."""
Ross Boardman,CPO,retainer,18000,,GBP,per_month,,https://www.rossboardman.com/pricing,2026-08-21,browser_verified,cpo-expansion,"Published verbatim: ""Growth GBP 18,000/month - For larger businesses requiring ongoing support."" Recovered on a /pricing page never previously opened."
Rx3 Consulting,CTO,retainer,,,,,,https://rx3consulting.com/,2026-08-20,browser_verified,stage2-2026-08-20,An automated screening pass flagged a rate. No currency figure occurs anywhere in the browser-rendered page. No figure is attributed to this provider. Opened and read in a browser during the full-coverage pass of 2026-08-21; no first-party price on the page.
SaaS Consult,CMO,retainer,,,,,,https://saasconsult.co/,2026-08-20,browser_verified,cmo,No published own rate. Blog discusses $3K-$20K/mo market range. Directs to discovery call. Opened and read in a browser during the full-coverage pass of 2026-08-21; no first-party price on the page.
SaaS Fractional CPO (Sivan Kadosh),CPO,retainer,5000,15000,USD,per_month,"20-25 hrs/month at the $8,000 standard",https://saasfractionalcpo.com/,2026-08-21,browser_verified,cpo,"MAINTAINER DISCLOSURE: this is the practice of the person who maintains this index. It is included under the same rules as every other provider, and checked in the same browser pass, so the maintainer's pricing is subject to the index rather than exempt from it. Readers should discount it accordingly. Published verbatim under the heading ""PUBLISHED UP FRONT"": ""Standard engagement $8,000 / 20-25 hrs/mo. Full range $5,000 - $15,000. Onboarding 2 to 3 weeks. Commitment 3-month minimum."" Attributed on the page to ""...dosh, Fractional CPO. Updated July 2026."" The row records the published full range; the $8,000 standard and its 20-25 hrs/mo sit in hours_included. A previous version of this row recorded 8,000-8,000, which understated the range the page actually publishes."
Sales Xceleration,multi,retainer,,,,,,https://salesxceleration.com/,2026-08-20,browser_verified,queue-2026-08-20,No published price found on the homepage or its pricing-linked pages. Opened and read in a browser during the full-coverage pass of 2026-08-21; no first-party price on the page.
SalesQB,multi,retainer,,,,,,https://salesqb.com/,2026-08-20,blocked,queue-2026-08-20,HTTP 403 on automated fetch. Bot-blocking is not the same as no published price; requires a browser capture. Pending.
SaMo Ventures,CTO,retainer,,,,,,https://samo.ventures/,2026-08-20,browser_verified,fractional-cohort,No published price found in stage-one screening of the homepage and its pricing-linked pages. Opened and read in a browser during the full-coverage pass of 2026-08-21; no first-party price on the page.
Savvy Strategic Partners,CFO,retainer,,,,,,https://www.savvystrategicpartners.com/,2026-08-20,browser_verified,fractional-cohort,No published price found in stage-one screening of the homepage and its pricing-linked pages. Opened and read in a browser during the full-coverage pass of 2026-08-21; no first-party price on the page.
sc3sixty,COO,retainer,,,,,,https://www.sc3sixty.au/cfo-coo,2026-08-20,browser_verified,coo,No published price found at capture. Australian fractional CFO/COO practice. States retainer and day-rate options available but does not disclose figures. Opened and read in a browser during the full-coverage pass of 2026-08-21; no first-party price on the page.
Scale Path CTO,CTO,retainer,,,,,,https://scalepathcto.com/,2026-08-20,browser_verified,fractional-cohort,No published price found in stage-one screening of the homepage and its pricing-linked pages. Opened and read in a browser during the full-coverage pass of 2026-08-21; no first-party price on the page.
Scale-Upp UK,COO,retainer,,,,,,https://scale-upp.uk/,2026-08-20,browser_verified,coo,No published price found at capture. UK fractional COO and no-code SaaS consultancy. Directs to contact. Opened and read in a browser during the full-coverage pass of 2026-08-21; no first-party price on the page.
ScaleUp Financial Solutions,CFO,retainer,,,,,,https://scaleupfs.com/,2026-08-20,browser_verified,fractional-cohort,No published price found in stage-one screening of the homepage and its pricing-linked pages. Opened and read in a browser during the full-coverage pass of 2026-08-21; no first-party price on the page.
ScaleUpExec,COO,retainer,,,,,,https://scaleupexec.com/fractional-coo-rates/,2026-08-20,browser_verified,coo,"No published own price. Article discusses market ranges ($150-$500/hour; $5,000-$15,000/month) as benchmark/guide content. Directs to ""Book a Free 30-Minute Strategy Call"" for actual pricing. Opened and read in a browser during the full-coverage pass of 2026-08-21; no first-party price on the page."
Scalewise,multi,retainer,,,,,,https://www.scalewise.com//,2026-08-20,browser_verified,queue-2026-08-20,No published price found on the homepage or its pricing-linked pages. Opened and read in a browser during the full-coverage pass of 2026-08-21; no first-party price on the page.
"Scaling Management Consulting Group, Inc.",COO,retainer,,,,,,https://www.scalinggrp.com/,2026-08-20,browser_verified,fractional-cohort,No published price found in stage-one screening of the homepage and its pricing-linked pages. Opened and read in a browser during the full-coverage pass of 2026-08-21; no first-party price on the page.
Scott Ackerman Consulting,CFO,project,1200,,USD,fixed_fee_per_project,,https://sackermanconsulting.com/women-founders/,2026-08-20,browser_verified,stage2-2026-08-20,"Financial Model, published as ""Financial Model Starting at $1,200"". Browser-verified."
Scott Ackerman Consulting,CFO,retainer,1200,,USD,per_month,4 hrs/month,https://sackermanconsulting.com/women-founders/,2026-08-20,browser_verified,stage2-2026-08-20,"Quarterly package, published as ""Quarterly Starting at $1,200/Month"" with ""Block of hours for ad hoc work - 4 hours/month"". Browser-verified."
Scott Ackerman Consulting,CFO,retainer,2500,,USD,per_month,8 hrs/month,https://sackermanconsulting.com/women-founders/,2026-08-20,browser_verified,stage2-2026-08-20,"Monthly package, published as ""Monthly Starting at $2,500/Month"" with ""8 hours/month (full-day)"". Browser-verified."
Scott Ackerman Consulting,CFO,retainer,4000,,USD,per_month,,https://sackermanconsulting.com/women-founders/,2026-08-20,browser_verified,stage2-2026-08-20,"Strategic package, published as ""Strategic Starting at $4,000/Month"". Browser-verified."
Scoven,COO,retainer,,,,,,https://scovenhfc.com/,2026-08-20,browser_verified,coo,"No published price found at capture. Outsourced CFO/COO services for hedge funds. States ""services often run at a quarter the cost of a full-time CFO/COO"" without disclosing figures. Opened and read in a browser during the full-coverage pass of 2026-08-21; no first-party price on the page."
SeatonHill Partners,CFO,retainer,,,,,,https://www.seatonhill.com/,2026-08-20,browser_verified,stage2-2026-08-20,"An automated screening pass flagged a price. Every currency figure in the browser-rendered page is a client-outcome metric (EBITDA turnarounds, sale values, revenue growth). No pricing language occurs anywhere on the page. No published price found at capture. Note: the contact export mapped this domain to an unrelated company name, which is corrected here. Opened and read in a browser during the full-coverage pass of 2026-08-21; no first-party price on the page."
Seesaw Labs,CTO,retainer,,,,,,https://seesawlabs.com/the-lab/guides/fractional-cto-cost-in-2026,2026-08-20,browser_verified,cto,"No published price found at capture. Page is a market guide with ranges ($4,000-$15,000/mo $120-$300/hr). Provider states ""Use this table as a starting point not a quote."" WebFetch-verified. Opened and read in a browser during the full-coverage pass of 2026-08-21; no first-party price on the page."
Selego,CTO,retainer,,,,,,https://www.selego.co/en/part-time-cto,2026-08-20,browser_verified,cto,No published price found at capture. France (Paris also Amsterdam and Barcelona). Agent-screened. Opened and read in a browser during the full-coverage pass of 2026-08-21; no first-party price on the page.
Series Next Solutions,CFO,retainer,,,,,,https://seriesnextsolutions.com/,2026-08-20,browser_verified,fractional-cohort,No published price found in stage-one screening of the homepage and its pricing-linked pages. Opened and read in a browser during the full-coverage pass of 2026-08-21; no first-party price on the page.
Shanjay,CMO,retainer,1000,,GBP,per_month,,https://www.shanjay.com/rates,2026-08-20,browser_verified,cmo,"Monthly retainer floor. Published verbatim as ""Retainers start at £1k per month for those who simply want ongoing check in and support on an ad-hoc"" basis. Floor only. Browser-verified."
Shanjay,CMO,day_rate,1250,1500,GBP,per_day,,https://www.shanjay.com/rates,2026-08-20,browser_verified,cmo,"Consultancy/Project work day rate. Published verbatim as ""2) Consultancy/ Project work: £1250-1500 per day (£175-200 per hour)"". Browser-verified."
Shanjay,CMO,day_rate,896,1100,GBP,per_day,,https://www.shanjay.com/rates,2026-08-20,browser_verified,cmo,"Fractional CMO on retainer day rate. Published verbatim as ""1) Fractional CMO on retainer: £896-1100 per day (£128-£157 per hour)"". Browser-verified."
"Shannon Consulting, Inc.",COO,retainer,,,,,,https://www.deborahshannon.com/,2026-08-20,browser_verified,fractional-cohort,No published price found in stage-one screening of the homepage and its pricing-linked pages. Opened and read in a browser during the full-coverage pass of 2026-08-21; no first-party price on the page.
Shashank Shalabh,CMO,retainer,,,,,,https://shashankshalabh.com/,2026-08-20,browser_verified,cmo,WebFetch reported own pricing ($10K/mo starting) but not browser-verified in this run. Pending verification for next session. Opened and read in a browser during the full-coverage pass of 2026-08-21; no first-party price on the page.
Shiny,CPO,marketplace_match,,,,,,https://useshiny.com/,2026-08-19,blocked,cpo-expansion,Not screened. HTTP 403 on server fetch. Listed on Elite Fractional CxO comparison (fractional-csuite.com/cpo/) as Italian marketplace-type CPO provider. Acquired by Vendux in 2025. Requires browser verification.
ShipSixty,CTO,retainer,,,,,,https://shipsixty.com/,2026-08-20,browser_verified,stage2-2026-08-20,"An automated screening pass flagged a price. Browser verification found only comparisons (full-time salary $150K-200K, agencies $50K-100K), revenue-stage labels and cloud running costs. No own service price published. Opened and read in a browser during the full-coverage pass of 2026-08-21; no first-party price on the page."
Simon Fractional,CMO,retainer,5000,5000,USD,per_month,10 hours/week,https://simonfractional.com/pricing/,2026-08-20,browser_verified,cmo,"Engaged Leadership tier. Published verbatim as ""$5,000/ month (3 months minimum)"" with ""10 hours of dedicated support each week"". Browser-verified."
Simon Fractional,CMO,retainer,7500,7500,USD,per_month,15 hours/week,https://simonfractional.com/pricing/,2026-08-20,browser_verified,cmo,"Executive Leadership tier. Published verbatim as ""$7,500/ month (3 months minimum)"" with ""15 hours of dedicated support each week"". Browser-verified."
Simon Wakeman,COO,retainer,,,,,,https://www.simonwakeman.com/,2026-08-20,browser_verified,coo,No published price found at capture. Describes fractional COO work as 1-3 days per week but does not disclose rates. Opened and read in a browser during the full-coverage pass of 2026-08-21; no first-party price on the page.
"SIVO, Inc.",CFO,retainer,,,,,,https://www.sivoinsights.com/,2026-08-20,browser_verified,fractional-cohort,No published price found in stage-one screening of the homepage and its pricing-linked pages. Opened and read in a browser during the full-coverage pass of 2026-08-21; no first-party price on the page.
SmartGrowth CFO,CFO,retainer,,,,,,https://smartgrowthcfo.com/,2026-08-21,unreachable,fractional-cohort,No published price found in stage-one screening of the homepage and its pricing-linked pages. Opened in a browser during the full-coverage pass of 2026-08-21; the page could not be read (status: unreachable). Recorded as unreachable rather than as a published absence of price: this provider is counted in the denominator and carries no observation in either direction.
SMB Team,multi,retainer,,,,,,https://smbteam.com/,2026-08-20,browser_verified,fractional-cohort,"No published price found at capture. Page directs to a quote, call or custom pricing. Pricing exists but is not published. Opened and read in a browser during the full-coverage pass of 2026-08-21; no first-party price on the page."
Smith Horn Group,CPO,retainer,,,,,,https://www.smithhorn.ca/compare/fractional-vs-fulltime,2026-08-21,browser_verified,cpo-expansion,"No published price found at capture. Canada-based. Page mentions ""$60K-$120K"" annually but these are explicitly industry benchmarks, not own pricing. Specializes in Agentic AI. Opened and read in a browser during the full-coverage pass of 2026-08-21; no first-party price on the page."
"SoFla Prime Consulting, LLC",CFO,retainer,,,,,,https://www.soflaprimeconsulting.com/,2026-08-20,browser_verified,fractional-cohort,No published price found in stage-one screening of the homepage and its pricing-linked pages. Opened and read in a browser during the full-coverage pass of 2026-08-21; no first-party price on the page.
Solace,CPO,marketplace_match,,,,,,https://hiresolace.com/hire-a-fractional-cpo,2026-08-21,browser_verified,cpo-expansion,"No published price found at capture. Canada-based (Find Solace Inc., findsolace.ca). Marketplace with ""try before you buy"" model. Responds within 24 hours. Opened and read in a browser during the full-coverage pass of 2026-08-21; no first-party price on the page."
Solid Ratio,CFO,retainer,,,,,,https://solidratio.com/,2026-08-20,browser_verified,fractional-cohort,No published price found in stage-one screening of the homepage and its pricing-linked pages. Opened and read in a browser during the full-coverage pass of 2026-08-21; no first-party price on the page.
Solidmatics,CTO,retainer,,,,,,https://www.solidmatics.com/insights/hiring-a-fractional-cto,2026-08-20,unreachable,stage2-2026-08-20,"The page reported by stage-one screening returns ""404: This page could not be found."" at browser verification. No published price at this URL."
Soluna Partners,COO,retainer,10000,,USD,per_month,50-70 hrs/month,https://solunapartners.com/pricing,2026-08-20,browser_verified,stage2-2026-08-20,"Strategic Partnership tier, published as ""$ 10k /month ... Up to 50-70 hours per month"". Browser-verified."
Soluna Partners,COO,retainer,2000,,USD,per_month,10-15 hrs/month,https://solunapartners.com/pricing,2026-08-20,browser_verified,stage2-2026-08-20,"Advisory tier, published as ""Advisory ... $ 2k /month ... 10-15 hours per month"". Browser-verified."
Soluna Partners,COO,retainer,5000,,USD,per_month,25-40 hrs/month,https://solunapartners.com/pricing,2026-08-20,browser_verified,stage2-2026-08-20,"Fractional COO tier (Most Popular), published as ""$ 5k /month ... 25-40 hours per month"". Browser-verified."
Sonkruti Consulting,CPO,retainer,,,,,,https://sonkruti.com/cxo-services,2026-08-20,browser_verified,cpo-expansion,No published price found at capture. Consulting firm offering fractional CXO services across CEO/COO/CMO/CIO/CPO/CHRO/CFO. CPO confirmed as Chief Product Officer. Opened and read in a browser during the full-coverage pass of 2026-08-21; no first-party price on the page.
Sound Finance,CFO,retainer,,,,,,https://soundfinance.pro/,2026-08-20,browser_verified,fractional-cohort,No published price found in stage-one screening of the homepage and its pricing-linked pages. Opened and read in a browser during the full-coverage pass of 2026-08-21; no first-party price on the page.
Sparklehood,CPO,marketplace_match,,,,,,https://www.sparklehood.org/new-blog-posts/fractional-cpo,2026-08-21,browser_verified,cpo-expansion,No published price found at capture. Executive search firm for fractional CPO. Claims to deliver high-caliber candidates in less than 30 days via exclusive network. Opened and read in a browser during the full-coverage pass of 2026-08-21; no first-party price on the page.
Spencer Stuart,CMO,marketplace_match,,,,,,https://www.spencerstuart.com/,2026-08-20,browser_verified,cmo,"No published price found at capture. Traditional executive search, high opacity pricing. Opened and read in a browser during the full-coverage pass of 2026-08-21; no first-party price on the page."
Spring Agency,CMO,retainer,,,,,,https://www.springagency.com/,2026-08-20,browser_verified,cmo,No published fractional CMO rate. Agency with fractional CMO services. Opened and read in a browser during the full-coverage pass of 2026-08-21; no first-party price on the page.
SproutVest,CPO,retainer,,,,,,https://sproutvest.com/fractional-cpo/,2026-08-21,browser_verified,cpo-expansion,"No published price found at capture. Venture studio offering fractional CPO as core service alongside Technical Due Diligence, AI Product Consulting, and Coaching. Opened and read in a browser during the full-coverage pass of 2026-08-21; no first-party price on the page."
Standard Ledger,CFO,retainer,,,,,,https://www.standardledger.co/,2026-08-21,browser_verified,cfo,No published price found at capture. Startup accounting and fractional CFO; directs to consultation. Opened and read in a browser during the full-coverage pass of 2026-08-21; no first-party price on the page.
Startup Fractional CTO PLLC,CTO,retainer,250,,USD,per_hour,,https://www.startupfractionalcto.com/pricing,2026-08-20,browser_verified,stage2-2026-08-20,"Published verbatim as ""My hourly rate is $250 per hour, with 10% discount for pre-purchasing 10 hour blocks."" The ""$350-500k/year"" full-time figure is a market claim and is excluded. Browser-verified."
StartupCTO,CTO,retainer,,,,,,https://startupcto.sg/,2026-08-20,browser_verified,cto,No published price found at capture. Singapore. Cost comprises cash and equity. Agent-screened. Opened and read in a browser during the full-coverage pass of 2026-08-21; no first-party price on the page.
Stealth Consulting,CMO,retainer,,,,,,https://stealthconsulting.com/,2026-08-20,browser_verified,fractional-cohort,"No published price found at capture. Page directs to a quote, call or custom pricing. Pricing exists but is not published. Opened and read in a browser during the full-coverage pass of 2026-08-21; no first-party price on the page."
Stellar Recruitment,CPO,marketplace_match,,,,,,https://www.stellarrecruitment.com/,2026-08-21,browser_verified,cpo-expansion,No published price found at capture. New Zealand/Australia recruitment firm. Fractional executive placements across C-suite roles. Opened and read in a browser during the full-coverage pass of 2026-08-21; no first-party price on the page.
Stephan Smith LLC,CTO,retainer,,,,,,https://stephansmith.me/,2026-08-20,browser_verified,stage2-2026-08-20,No published price found on the rendered page at capture (2026-08-20). Recorded as a provider that does not publish a price. Opened and read in a browser during the full-coverage pass of 2026-08-21; no first-party price on the page.
Stranded,CMO,retainer,,,,,,https://www.stranded.me/,2026-08-20,browser_verified,cmo,No published fractional CMO rate. /pricing page shows marketing agency bundles not fractional CMO engagement rates. Browser-verified.
Strategic Marketing and Execution,CMO,retainer,,,,,,https://stxmkt.com/,2026-08-20,browser_verified,fractional-cohort,No published price found in stage-one screening of the homepage and its pricing-linked pages. Opened and read in a browser during the full-coverage pass of 2026-08-21; no first-party price on the page.
Strategic Nonprofit Finance,CFO,retainer,,,,,,https://www.strategicnonprofitfinance.com/,2026-08-20,browser_verified,fractional-cohort,No published price found in stage-one screening of the homepage and its pricing-linked pages. Opened and read in a browser during the full-coverage pass of 2026-08-21; no first-party price on the page.
Strategic Pete,CMO,retainer,,,,,,https://strategicpete.com/,2026-08-20,browser_verified,cmo,No published fractional CMO rate. Independent fractional CMO consultancy. Opened and read in a browser during the full-coverage pass of 2026-08-21; no first-party price on the page.
Struct,CTO,retainer,,,,,,https://struct.com.au/,2026-08-20,browser_verified,cto,No published price found at capture. Technology leadership consultancy Melbourne Australia. Contact form only. WebFetch-verified. Opened and read in a browser during the full-coverage pass of 2026-08-21; no first-party price on the page.
Suite Leap,COO,retainer,,,,,,https://www.suiteleap.com/,2026-08-20,browser_verified,fractional-cohort,No published price found in stage-one screening of the homepage and its pricing-linked pages. Opened and read in a browser during the full-coverage pass of 2026-08-21; no first-party price on the page.
Sullivan Collective,COO,retainer,,,,,,https://sullivancollective.com.au/,2026-08-20,browser_verified,coo,No published price found at capture. Australian operations consultancy. Opened and read in a browser during the full-coverage pass of 2026-08-21; no first-party price on the page.
Sullivan Solutions LLC,CMO,retainer,,,,,,https://www.sullivansolutions.com/,2026-08-20,browser_verified,fractional-cohort,No published price found in stage-one screening of the homepage and its pricing-linked pages. Opened and read in a browser during the full-coverage pass of 2026-08-21; no first-party price on the page.
"Summit CFO Services, Inc.",CFO,retainer,,,,,,https://www.summitcfoservices.com/,2026-08-20,browser_verified,fractional-cohort,No published price found in stage-one screening of the homepage and its pricing-linked pages. Opened and read in a browser during the full-coverage pass of 2026-08-21; no first-party price on the page.
Summit Product Partners,CPO,project,,,USD,,,https://www.summitproductpartners.com/,2026-08-21,browser_verified,cpo,"Custom / Project Based tier published as ""Custom Pricing"". No figure. Null is correct. Opened and read in a browser during the full-coverage pass of 2026-08-21; no first-party price on the page."
Summit Product Partners,CPO,project,30000,30000,USD,fixed_fee_per_project,,https://www.summitproductpartners.com/,2026-08-17,browser_verified,cpo,"90-Day Product Strategy Sprint. Published verbatim as ""$30,000 Fixed Fee"". Browser-verified."
Summit Product Partners,CPO,retainer,6000,,USD,per_month,,https://www.summitproductpartners.com/,2026-08-17,browser_verified,cpo,"Retained Services, published verbatim as ""Starting at $6K Per Month"". Floor only, no upper bound published. Described as ongoing hands-on fractional CPO or product leadership, recurring block of hours, hours not specified. Browser-verified."
Summit SC Advisory,COO,retainer,,,,,,https://summitscadvisory.com/,2026-08-20,browser_verified,fractional-cohort,No published price found in stage-one screening of the homepage and its pricing-linked pages. Opened and read in a browser during the full-coverage pass of 2026-08-21; no first-party price on the page.
SVPG,CPO,project,,,,,,https://www.svpg.com/,2026-08-21,browser_verified,cpo,"No published price on the site. Workshop registration is handled off-site via Eventbrite, so a price may exist at the registration step but is not published on the provider's own pages. Opened and read in a browser during the full-coverage pass of 2026-08-21; no first-party price on the page."
SVSG (Silicon Valley Software Group),CPO,retainer,,,,,,https://svsg.co/services/fractional-cpo/,2026-08-21,browser_verified,cpo-expansion,"No published price found at capture. US-based. Dedicated Fractional CPO page describing advisory focused on product strategy, roadmap optimization, and revenue maximization. Opened and read in a browser during the full-coverage pass of 2026-08-21; no first-party price on the page."
Switch Point Associates,CFO,retainer,,,,,,https://www.theswitchpoint.com/,2026-08-20,browser_verified,fractional-cohort,No published price found in stage-one screening of the homepage and its pricing-linked pages. Opened and read in a browser during the full-coverage pass of 2026-08-21; no first-party price on the page.
SWolta,CPO,retainer,,,,,,https://www.swolta.com/,2026-08-20,browser_verified,cpo-expansion,No published price found at capture. Boutique firm specializing in fintech and health-tech fractional CPO services. Get Started CTA on site. Opened and read in a browser during the full-coverage pass of 2026-08-21; no first-party price on the page.
T.Rx Capital,COO,retainer,,,,,,https://www.trxcap.com/,2026-08-20,browser_verified,fractional-cohort,No published price found in stage-one screening of the homepage and its pricing-linked pages. Opened and read in a browser during the full-coverage pass of 2026-08-21; no first-party price on the page.
Tailwinds Finance,CFO,retainer,3000,,USD,,,https://www.tailwindsfinance.com/,2026-08-21,browser_verified,fractional-cohort,"Published verbatim: ""Starter Package (Foundation) $3,000 - Professional CFO expertise tailored for growing businesses and early-stage startups."" UNIT CAVEAT: the page attaches NO period to any of its three figures - no ""/month"", no ""per month"". The word Monthly appears only inside feature lists (""Monthly Financial Review & Analysis by Expert CFO""). Unit is therefore recorded as unstated and this row must NOT enter any monthly band."
Tailwinds Finance,CFO,retainer,6000,,USD,,,https://www.tailwindsfinance.com/,2026-08-21,browser_verified,fractional-cohort,"Published verbatim: ""Growth Package (Ascent) $6,000 - The most popular package, suitable for growing businesses."" UNIT CAVEAT: no period is stated on the page; unit recorded as unstated."
Tailwinds Finance,CFO,retainer,12000,,USD,,,https://www.tailwindsfinance.com/,2026-08-21,browser_verified,fractional-cohort,"Published verbatim: ""Executive Package (Summit) $12,000 - A high-touch, comprehensive service designed for firms needing..."" UNIT CAVEAT: no period is stated on the page; unit recorded as unstated."
TalentLoft,COO,marketplace_match,,,,,,https://talentloft.com/,2026-08-20,browser_verified,coo,No published price found at capture. Fractional talent marketplace matching pre-vetted executives. Opened and read in a browser during the full-coverage pass of 2026-08-21; no first-party price on the page.
Tangible,CPO,retainer,,,,,,https://tangible.org.uk/solutions/fractional-interim-leadership/,2026-08-21,browser_verified,cpo-expansion,"No published price found at capture. UK firm. Explicitly offers ""interim or fractional Chief Product Officer"" alongside CEO, COO, and NED/Advisory. Opened and read in a browser during the full-coverage pass of 2026-08-21; no first-party price on the page."
Tarsus,CFO,retainer,,,,,,https://tarsus.pro/,2026-08-20,browser_verified,fractional-cohort,"No published price found at capture. Page directs to a quote, call or custom pricing. Pricing exists but is not published. Opened and read in a browser during the full-coverage pass of 2026-08-21; no first-party price on the page."
Tech Alchemy Consulting,CTO,project,1995,,USD,fixed_fee_per_project,48 hours,https://www.techalchemyconsulting.com/,2026-08-20,browser_verified,stage2-2026-08-20,"Structural diagnostic, published as ""Starting at $1,995. Written decision path delivered within 48 hours."" Browser-verified."
Tech Alchemy Consulting,CTO,retainer,5000,25000,USD,per_month,,https://www.techalchemyconsulting.com/,2026-08-20,browser_verified,stage2-2026-08-20,"Fractional technology leadership, published as ""$5,000 to $25,000 per month. No full-time hire required."" Browser-verified."
Tech QbD,CTO,retainer,,,,,,https://techqbd.com/,2026-08-20,browser_verified,fractional-cohort,No published price found in stage-one screening of the homepage and its pricing-linked pages. Opened and read in a browser during the full-coverage pass of 2026-08-21; no first-party price on the page.
TechCXO,CPO,retainer,,,,,,https://www.techcxo.com/,2026-08-21,browser_verified,cpo,"No published price found at capture. Multi-function fractional executive bench including Chief Product Officer. Third parties estimate their range, but no first-party figure is published; third-party estimates are excluded by design. Opened and read in a browser during the full-coverage pass of 2026-08-21; no first-party price on the page."
TechCXO,CTO,retainer,,,,,,https://www.techcxo.com/,2026-08-20,browser_verified,cto,"No published price found at capture. Multi-function fractional executive bench. Claims ""Up to 75% More cost-effective than full-time"" but no figures. WebFetch-verified. Opened and read in a browser during the full-coverage pass of 2026-08-21; no first-party price on the page."
TechCXO,CMO,retainer,,,,,,https://www.techcxo.com/,2026-08-20,browser_verified,cmo,No published price found at capture. Multi-function fractional executive bench. Third-party estimates excluded by design. Opened and read in a browser during the full-coverage pass of 2026-08-21; no first-party price on the page.
TechCXO,COO,retainer,,,,,,https://www.techcxo.com/,2026-08-20,browser_verified,coo,"No published price found at capture. Multi-function fractional executive bench. States services are ""Up to 75% More cost-effective than full-time"" without publishing a figure. Opened and read in a browser during the full-coverage pass of 2026-08-21; no first-party price on the page."
TechSight,CTO,retainer,,,,,,https://techsight.dev/,2026-08-20,browser_verified,fractional-cohort,No published price found in stage-one screening of the homepage and its pricing-linked pages. Opened and read in a browser during the full-coverage pass of 2026-08-21; no first-party price on the page.
Tee Up Advisors,multi,retainer,,,,,,https://www.teeupnextgen.com/,2026-08-20,browser_verified,queue-2026-08-20,No published price found on the homepage or its pricing-linked pages. Opened and read in a browser during the full-coverage pass of 2026-08-21; no first-party price on the page.
The Big Lil,COO,project,,25000,USD,fixed_fee_per_project,just under 4 months,https://www.thebiglil.com/,2026-08-21,browser_verified,fractional-cohort,"Published verbatim: ""In just under 4 months and for less than $25,000, our clients walk away with: A fully developed multi-year..."" DIRECTION CAVEAT: this is a CEILING, not a floor. Almost every other priced row in this dataset is a ""starting at"" floor, so this row is recorded as price_high with price_low left blank and must not be read as a starting price."
The Boutique COO,COO,retainer,100,,USD,per_hour,10 hrs/month to 20 hrs/week,https://www.theboutiquecoo.com/fractional-coo,2026-08-20,browser_verified,coo,"Published verbatim as ""Fractional COO support starts at $100/hour, and we build a scope that fits your stage and budget."" Floor only. FAQ states typical range is 10 hours/month to 20 hours/week. Browser-verified."
The CFO Agency,CFO,retainer,,,,,,https://thecfoagency.com.au/,2026-08-21,browser_verified,cfo,No published price found at capture. Boutique fractional CFO and accounting; Melbourne / Australia; directs to consultation. Opened and read in a browser during the full-coverage pass of 2026-08-21; no first-party price on the page.
The CFO Centre,CFO,retainer,,,,,,https://www.cfocentre.com/,2026-08-20,browser_verified,queue-2026-08-20,"No published price found at capture. Page directs to a quote, call or custom pricing. Pricing exists but is not published. Opened and read in a browser during the full-coverage pass of 2026-08-21; no first-party price on the page."
The CFO Centre,CFO,retainer,,,,,,https://www.thecfocentre.com/,2026-08-17,unreachable,cpo,"Not reachable. DNS resolution failed (ENOTFOUND) at capture. Recorded as unreachable, which is distinct from having no published price."
The Civet Group,COO,retainer,,,,,,https://www.thecivetgroup.com/,2026-08-20,browser_verified,fractional-cohort,No published price found in stage-one screening of the homepage and its pricing-linked pages. Opened and read in a browser during the full-coverage pass of 2026-08-21; no first-party price on the page.
The CMO Attorney,multi,retainer,,,,,,https://thecmoattorney.com/,2026-08-20,browser_verified,fractional-cohort,No published price found in stage-one screening of the homepage and its pricing-linked pages. Opened and read in a browser during the full-coverage pass of 2026-08-21; no first-party price on the page.
The COO Solution,COO,retainer,,,,,,https://thecoosolution.com/coo-for-hire,2026-08-20,browser_verified,coo,"No published price found at capture. States ""Pay only for the level of support you need"" without disclosing rates. Opened and read in a browser during the full-coverage pass of 2026-08-21; no first-party price on the page."
The Edwards Practice,COO,retainer,1500,,GBP,per_month,monthly operating review,https://www.theedwardspractice.com/resources/fractional-coo-cost-uk,2026-08-20,browser_verified,coo,"Strategic Adviser Retainer. Published verbatim as ""From £1,500/month, monthly operating review, 6-month minimum"". Floor only. Not full COO-level engagement; lighter advisory tier. Browser-verified."
The Edwards Practice,COO,retainer,4000,,GBP,per_month,1-2 days/week,https://www.theedwardspractice.com/resources/fractional-coo-cost-uk,2026-08-20,browser_verified,coo,"Fractional COO Retainer. Published verbatim as ""From £4,000/month, 1–2 days a week, 3-month minimum"". Provider states most engagements settle around £5,000–£6,000/month. Floor only. Browser-verified."
The Edwards Practice,COO,project,5000,,GBP,fixed_fee_per_project,,https://www.theedwardspractice.com/resources/fractional-coo-cost-uk,2026-08-20,browser_verified,coo,"Ops Audit. Published verbatim as ""From £5,000, one-off, two-week fixed-fee diagnostic"". Floor only. Browser-verified."
The Fractional Directory,CTO,marketplace_match,,,,,,https://www.fractional.directory/,2026-08-20,browser_verified,cto,No published price found at capture. Directory of fractional executives in New Zealand Singapore Western Australia. Opened and read in a browser during the full-coverage pass of 2026-08-21; no first-party price on the page.
The Fractional Product Manager,CPO,retainer,,,USD,,,https://thefractionalproductmanager.com/,2026-08-21,browser_verified,cpo-expansion,"Interim & Custom Leadership tier. Published as ""Custom"" with ""Custom engagement · scope & investment defined at kickoff."" For interim Head of Product or CPO coverage. No figure. Null is correct. Opened and read in a browser during the full-coverage pass of 2026-08-21; no first-party price on the page."
The Fractional Product Manager,CPO,retainer,15999,15999,USD,per_month,~20 hrs/week,https://thefractionalproductmanager.com/,2026-08-19,browser_verified,cpo-expansion,"Embedded Product Leadership tier. Published verbatim as ""$15,999 / month"" with ""Approximately 20 hours per week"". Described as ""Cross-Functional Product Ownership"". Browser-confirmed."
The Fractional Product Manager,CPO,retainer,7999,7999,USD,per_month,~10 hrs/week,https://thefractionalproductmanager.com/,2026-08-19,browser_verified,cpo-expansion,"Focused Product Leadership tier. Published verbatim as ""$7,999 / month"" with ""Approximately 10 hours per week"". Described as ""One Critical Product Priority"". Browser-confirmed."
The Fractionals,CTO,retainer,,,,,,https://thefractionals.co.uk/,2026-08-20,browser_verified,cto,No published price found at capture. Fractional C-suite network UK. Directs to contact form. WebFetch-verified. Opened and read in a browser during the full-coverage pass of 2026-08-21; no first-party price on the page.
The Geisheker Group,CMO,retainer,1000,,USD,per_month,1-2 hours/week,https://www.geisheker.com/fractional-cmo-pricing/,2026-08-20,browser_verified,cmo,"Marketing Strategy Advisor tier. Published verbatim as ""Starting at $1,000/month"". Floor only. Browser-verified."
The Geisheker Group,CMO,retainer,10000,,USD,per_month,,https://www.geisheker.com/fractional-cmo-pricing/,2026-08-20,browser_verified,cmo,"Fractional CMO Leadership tier. Published verbatim as ""Starting at $10,000/month"". Marked ""Most Popular"". Floor only. Browser-verified."
The Geisheker Group,CMO,project,4000,4000,USD,fixed_fee_per_project,,https://www.geisheker.com/fractional-cmo-pricing/,2026-08-20,browser_verified,cmo,"Marketing Growth Audit. Published verbatim as ""One-Time Fee: $4,000"". Browser-verified."
The Growth Directive,CMO,retainer,,,,,,https://growthdirective.com/,2026-08-20,browser_verified,stage2-2026-08-20,An automated screening pass flagged a figure. No currency figure occurs anywhere in the browser-rendered page. No figure is attributed to this provider. Opened and read in a browser during the full-coverage pass of 2026-08-21; no first-party price on the page.
The Helia Collective,COO,retainer,,,,,,https://www.theheliacollective.com/,2026-08-20,browser_verified,fractional-cohort,No published price found in stage-one screening of the homepage and its pricing-linked pages. Opened and read in a browser during the full-coverage pass of 2026-08-21; no first-party price on the page.
The Ijaz Group,CFO,retainer,,,,,,https://ijazgroup.com/,2026-08-20,browser_verified,fractional-cohort,No published price found in stage-one screening of the homepage and its pricing-linked pages. Opened and read in a browser during the full-coverage pass of 2026-08-21; no first-party price on the page.
The Lavender Agency,CMO,retainer,,,,,,https://www.thelavenderagency.com/,2026-08-20,browser_verified,fractional-cohort,"No published price found at capture. Page directs to a quote, call or custom pricing. Pricing exists but is not published. Opened and read in a browser during the full-coverage pass of 2026-08-21; no first-party price on the page."
The Marketing Blender,CMO,retainer,,,,,,https://www.themarketingblender.com/,2026-08-20,browser_verified,fractional-cohort,No published price found in stage-one screening of the homepage and its pricing-linked pages. Opened and read in a browser during the full-coverage pass of 2026-08-21; no first-party price on the page.
The Marketing Centre,CMO,retainer,,,,,,https://www.themarketingcentre.com/,2026-08-20,browser_verified,cmo,No published price found at capture. UK fractional CMO network with 100+ CMOs. Directs to discovery call. Browser-verified.
The MLH Agency,multi,retainer,,,,,,https://www.themlhagency.com/,2026-08-20,browser_verified,fractional-cohort,No published price found in stage-one screening of the homepage and its pricing-linked pages. Opened and read in a browser during the full-coverage pass of 2026-08-21; no first-party price on the page.
The Noble CFO,CFO,retainer,,,,,,https://thenoblecfo.com/,2026-08-20,browser_verified,queue-2026-08-20,No published price found on the homepage or its pricing-linked pages. Opened and read in a browser during the full-coverage pass of 2026-08-21; no first-party price on the page.
The Notus,CTO,retainer,7500,,USD,per_month,,https://thenotus.com/,2026-08-20,browser_verified,stage2-2026-08-20,"Fractional CTO service, published as ""Fractional CTO - from $7,500"". Floor only. Other published services (site rebuilds from $4,000, content from $1,200/mo) are not executive rates and are excluded. Browser-verified."
The Office Squad,COO,retainer,,,,,,https://www.theofficesquad.com/services/business-operations,2026-08-20,browser_verified,coo,"No published price found at capture. Outsourced COO and back-office operations. States ""Usually for less than the price of just one employee"" without disclosing figures. Opened and read in a browser during the full-coverage pass of 2026-08-21; no first-party price on the page."
The Operations Alchemist,COO,retainer,,,,,,https://www.theoperationsalchemist.com/,2026-08-20,browser_verified,fractional-cohort,"No published price found at capture. Page directs to a quote, call or custom pricing. Pricing exists but is not published. Opened and read in a browser during the full-coverage pass of 2026-08-21; no first-party price on the page."
The Ops Guys,COO,retainer,,,,,,https://www.theopsguys.net/,2026-08-20,browser_verified,coo,No published price found at capture. UK operations consultancy. Offers free initial meeting but does not disclose engagement rates. Opened and read in a browser during the full-coverage pass of 2026-08-21; no first-party price on the page.
The PMX Group,CPO,retainer,,,,,,https://www.thepmxgroup.com/services/fractional-product-leadership,2026-08-21,browser_verified,cpo-expansion,No published price found at capture. Boutique firm offering fractional product leadership. Customizable 10-40 hours/month engagement. Opened and read in a browser during the full-coverage pass of 2026-08-21; no first-party price on the page.
The Product Recruiter,CPO,marketplace_match,,,,,,https://www.theproductrecruiter.com/fractional-on-demand,2026-08-21,browser_verified,cpo-expansion,"No published price found at capture. Toronto-based (division of Martyn Bassett Associates). On-demand fractional product talent pool with specialized CPO profiles in AI, B2B SaaS, enterprise PLG. Opened and read in a browser during the full-coverage pass of 2026-08-21; no first-party price on the page."
The Proper Group,COO,retainer,,,,,,https://theproper.group/,2026-08-20,browser_verified,fractional-cohort,No published price found in stage-one screening of the homepage and its pricing-linked pages. Opened and read in a browser during the full-coverage pass of 2026-08-21; no first-party price on the page.
The Roster Agency,CMO,marketplace_match,,,,,,https://theroster.agency/,2026-08-20,browser_verified,cmo,No published price found at capture. Freelance creative and operations staffing agency. Opened and read in a browser during the full-coverage pass of 2026-08-21; no first-party price on the page.
The Roster Agency,COO,marketplace_match,,,,,,https://theroster.agency/operations,2026-08-20,browser_verified,coo,No published price found at capture. Creative and operations talent placement firm. Opened and read in a browser during the full-coverage pass of 2026-08-21; no first-party price on the page.
The Second C,COO,retainer,,,,,,https://www.thesecondc.com/,2026-08-20,browser_verified,coo,"No published price found at capture. Offers ""COO-as-a-Service (COOaaS)"" for family offices and portfolio companies. Reserves pricing for direct engagement. Opened and read in a browser during the full-coverage pass of 2026-08-21; no first-party price on the page."
The Source Approach,CMO,retainer,,,,,,https://www.sourceapproach.com/,2026-08-20,browser_verified,cmo,No published price found at capture. Ecommerce and Amazon marketing niche. Opened and read in a browser during the full-coverage pass of 2026-08-21; no first-party price on the page.
The Work Crowd,CMO,marketplace_match,,,,,,https://theworkcrowd.com/,2026-08-20,browser_verified,cmo,No published fractional CMO rate. Freelance and fractional talent marketplace covering UK and Europe. Opened and read in a browser during the full-coverage pass of 2026-08-21; no first-party price on the page.
Third Road Management,CFO,retainer,,,,,,https://www.thirdroadmgmt.com/,2026-08-20,browser_verified,fractional-cohort,No published price found in stage-one screening of the homepage and its pricing-linked pages. Opened and read in a browser during the full-coverage pass of 2026-08-21; no first-party price on the page.
Thrive Consulting Collective,COO,retainer,,,,,,https://we-thrive.co/,2026-08-20,browser_verified,fractional-cohort,"No published price found at capture. Page directs to a quote, call or custom pricing. Pricing exists but is not published. Opened and read in a browser during the full-coverage pass of 2026-08-21; no first-party price on the page."
Thrive Digits,multi,retainer,,,,,,https://www.thrivedigits.com/,2026-08-20,browser_verified,queue-2026-08-20,No published price found on the homepage or its pricing-linked pages. Opened and read in a browser during the full-coverage pass of 2026-08-21; no first-party price on the page.
Thunderwolf Consulting,CMO,retainer,,,,,,https://www.thunderwolf.co/,2026-08-20,browser_verified,fractional-cohort,No published price found in stage-one screening of the homepage and its pricing-linked pages. Opened and read in a browser during the full-coverage pass of 2026-08-21; no first-party price on the page.
TLVTech,CTO,retainer,,,,,,https://www.tlvtech.io/post/understanding-fractional-cto-rates-a-guide-for-entrepreneurs-and-business-leaders,2026-08-20,browser_verified,cto,"No published price found at capture. Article provides general market commentary ($150-$500/hr $3,000-$10,000+/mo) but no own rates. Directs to consultation. WebFetch-verified. Opened and read in a browser during the full-coverage pass of 2026-08-21; no first-party price on the page."
Tom Bosworth,CTO,retainer,,,,,,https://tom.bosworth.co.nz/services.html,2026-08-20,browser_verified,cto,"No published price found at capture. New Zealand (Auckland). States ""there's no fixed number published here."" Agent-screened. Opened and read in a browser during the full-coverage pass of 2026-08-21; no first-party price on the page."
Toptal,CPO,marketplace_match,,,,,,https://www.toptal.com/product-managers,2026-08-21,browser_verified,cpo,"No published rate for product managers. Publishes engagement terms only: a no-risk trial period of up to two weeks, pay only if satisfied. A Glassdoor salary average is cited as third-party context, not as Toptal's price. Opened and read in a browser during the full-coverage pass of 2026-08-21; no first-party price on the page."
Toptal,CTO,marketplace_match,,,,,,https://www.toptal.com/,2026-08-20,blocked,cto,No published rate for fractional CTOs. CTO-specific page returned HTTP 404. Publishes engagement terms only (no-risk trial period). WebFetch-verified.
Toptal,CMO,marketplace_match,,,,,,https://www.toptal.com/,2026-08-20,browser_verified,cmo,No published CMO-specific rate. Premium talent network. Individual rates set per engagement. Opened and read in a browser during the full-coverage pass of 2026-08-21; no first-party price on the page.
Toptal,COO,marketplace_match,,,,,,https://www.toptal.com/management-consultants/fractional-coo,2026-08-20,browser_verified,coo,"No published rate or platform fee. Offers no-risk trial period of up to two weeks. States ""Pay Only If Satisfied"". Directs to consultation for pricing. Opened and read in a browser during the full-coverage pass of 2026-08-21; no first-party price on the page."
Topular Strategy,CPO,retainer,,,,,,https://www.topularstrategy.com/,2026-08-21,browser_verified,cpo-expansion,No published price found at capture. Boutique offering Fractional CPO/CTO services. Beyond Incremental Framework. Also offers coaching and workshops. Opened and read in a browser during the full-coverage pass of 2026-08-21; no first-party price on the page.
Torq Partners,multi,retainer,,,,,,https://www.torq.partners/en,2026-08-20,browser_verified,queue-2026-08-20,No published price found on the homepage or its pricing-linked pages. Opened and read in a browser during the full-coverage pass of 2026-08-21; no first-party price on the page.
TrailMark Technology Partners,CTO,retainer,2500,,USD,per_month,,https://trailmarktech.com/fractional-cto-cost,2026-08-20,browser_verified,stage2-2026-08-20,"Advisory Retainer, published as ""TrailMark's engagements start at $2,500/month for an Advisory Retainer"". Browser-verified."
TrailMark Technology Partners,CTO,retainer,6500,,USD,per_month,,https://trailmarktech.com/fractional-cto-cost,2026-08-20,browser_verified,stage2-2026-08-20,"Embedded Partner, published as ""$6,500/month for an Embedded Partner"". Browser-verified."
TrailMark Technology Partners,CTO,retainer,9500,,USD,per_month,,https://trailmarktech.com/fractional-cto-cost,2026-08-20,browser_verified,stage2-2026-08-20,"Top tier, published as ""$9,500/month"". The ""$2,500 and $10,000+ typically"" band on the same page is a market claim and is excluded. Browser-verified."
TransformCXO,COO,retainer,,,,,,https://www.transformcxo.com/,2026-08-20,browser_verified,fractional-cohort,No published price found in stage-one screening of the homepage and its pricing-linked pages. Opened and read in a browser during the full-coverage pass of 2026-08-21; no first-party price on the page.
Trellis Operations,COO,retainer,,,,,,https://trellisoperations.com/,2026-08-20,browser_verified,fractional-cohort,No published price found in stage-one screening of the homepage and its pricing-linked pages. Opened and read in a browser during the full-coverage pass of 2026-08-21; no first-party price on the page.
Trinity Hawk,multi,day_rate,1500,2000,GBP,per_day,,https://www.trinityhawk.com/pricing,2026-08-21,browser_verified,queue-2026-08-20,"Published verbatim under the heading ""What a fractional CRO costs, and what we charge"": ""Our day rate GBP 1,500 - GBP 2,000 - Senior commercial leadership on the deals that matter, priced by the day rather than by the retainer."" NOT recorded from the same page: ""The market GBP 2,000 - GBP 10,000 - What a traditional fractional CRO costs per month in the UK"", which the provider itself labels as market data."
Trinity Hawk,multi,project,1500,5000,GBP,fixed_fee_per_project,,https://www.trinityhawk.com/pricing,2026-08-21,browser_verified,queue-2026-08-20,"Published verbatim: ""Fixed-scope work GBP 1,500 - GBP 5,000 - Diagnostic engagements with a defined outcome and a defined end. You will know the cost before you commit."""
Trinity Hawk,multi,project,1500,,GBP,fixed_fee_per_project,,https://www.trinityhawk.com/pricing,2026-08-21,browser_verified,queue-2026-08-20,"Named package, published verbatim: ""Light Audit GBP 1,500 - Asynchronous and remote. No prep phase."""
Trinity Hawk,multi,project,5000,,GBP,fixed_fee_per_project,,https://www.trinityhawk.com/pricing,2026-08-21,browser_verified,queue-2026-08-20,"Named package, published verbatim: ""CRM and RevOps Workshop GBP 5,000""."
Trinity Hawk,multi,project,1500,2000,GBP,fixed_fee_per_project,,https://www.trinityhawk.com/pricing,2026-08-21,browser_verified,queue-2026-08-20,"Named package, published verbatim: ""Executive Deal Desk GBP 1,500 - GBP 2,000""."
Trinity Hawk,multi,project,6000,8000,GBP,fixed_fee_per_project,,https://www.trinityhawk.com/pricing,2026-08-21,browser_verified,queue-2026-08-20,"Named package, published verbatim: ""Fractional Deal Management GBP 6,000 - GBP 8,000""."
Trinity Hawk,multi,project,2000,,GBP,fixed_fee_per_project,,https://www.trinityhawk.com/pricing,2026-08-21,browser_verified,queue-2026-08-20,"Named package, published verbatim: ""Sales Coaching, Advisory and Enablement GBP 2,000"". The page also carries a United States tab which was not captured; US figures may differ and are not recorded."
Tristella Advisors,CTO,retainer,,,,,,https://www.tristellaadvisors.com/blog/how-much-does-a-fractional-cto-cost,2026-08-20,browser_verified,stage2-2026-08-20,An automated screening pass flagged a price. No currency figure occurs anywhere in the browser-rendered page. No figure is attributed to this provider. Opened and read in a browser during the full-coverage pass of 2026-08-21; no first-party price on the page.
TRIUN3,CFO,retainer,,,,,,https://www.triun3.com/,2026-08-20,browser_verified,fractional-cohort,No published price found in stage-one screening of the homepage and its pricing-linked pages. Opened and read in a browser during the full-coverage pass of 2026-08-21; no first-party price on the page.
Truss,CTO,retainer,,,,,,https://trus.co.il/,2026-08-20,browser_verified,cto,No published price found at capture. Israel. Founded by Pniel Cohen. Fractional CTO & Senior Developer service. Agent-screened. Opened and read in a browser during the full-coverage pass of 2026-08-21; no first-party price on the page.
Trustshoring,CPO,retainer,,,,,,https://www.trustshoring.com/fractional-cto-cpo/,2026-08-21,browser_verified,cpo-expansion,No published price found at capture. European boutique. Dedicated Fractional CTO/CPO page matching clients with fractional product leadership. Opened and read in a browser during the full-coverage pass of 2026-08-21; no first-party price on the page.
Truvisory,CTO,retainer,,,,,,https://truvisory.com/,2026-08-20,browser_verified,cto,"No published price found at capture. US. States ""the price is a conversation."" Fixed-scope 90-day sprints. SBA-verified SDVOSB contractor. Agent-screened. Opened and read in a browser during the full-coverage pass of 2026-08-21; no first-party price on the page."
Tuck Software Group,CTO,retainer,150,,USD,per_hour,10-20 hrs/month,https://www.tucksoftwaregroup.com/tsg-pricing,2026-08-20,browser_verified,fractional-cohort,"Basic Package, published verbatim as ""$150 /hour"" with ""Limited hours of consultation per month (10-20 hours)"". The page also offers a Monthly Retainer toggle whose figures did not render in the captured DOM; no monthly figure is asserted. Browser-verified."
Tuck Software Group,CTO,retainer,200,,USD,per_hour,20-40 hrs/month,https://www.tucksoftwaregroup.com/tsg-pricing,2026-08-20,browser_verified,fractional-cohort,"Standard Package, published verbatim as ""$200 /hour"" with ""Increased hours of consultation per month (20-40 hours)"". Browser-verified."
Tuck Software Group,CTO,retainer,300,,USD,per_hour,40-60 hrs/month,https://www.tucksoftwaregroup.com/tsg-pricing,2026-08-20,browser_verified,fractional-cohort,"Premium Package, published verbatim as ""$300 /hour"" with ""Dedicated hours of consultation per month (40-60 hours)"". Browser-verified."
Tuesday Logic,CMO,retainer,,,,,,https://tuesdaylogic.com.au/,2026-08-20,browser_verified,cmo,No published own rate. Australian fractional CMO provider with three engagement tiers but no dollar amounts shown. Discovery call required. Opened and read in a browser during the full-coverage pass of 2026-08-21; no first-party price on the page.
Umbrex,CPO,marketplace_match,,,,,,https://umbrex.com/independent-management-consultants/interim-fractional-executives/interim-fractional-cpo/,2026-08-21,browser_verified,cpo-expansion,"No published platform fee. Consultant marketplace (McKinsey/Bain/BCG alumni network). Provides candidate bios within 48 hours. Page mentions general market rates ""$150 to $400 per hour"" as industry context, not Umbrex's own fee. Opened and read in a browser during the full-coverage pass of 2026-08-21; no first-party price on the page."
Umbrex,COO,marketplace_match,,,,,,https://umbrex.com/independent-management-consultants/interim-fractional-executives/interim-fractional-coo/,2026-08-20,browser_verified,coo,"No published platform fee. Consulting marketplace for independent management consultants. Publishes market rate benchmarks ($150-$400/hr) as industry data, not own fees. Opened and read in a browser during the full-coverage pass of 2026-08-21; no first-party price on the page."
UNFYS,CRO,retainer,1000,,GBP,per_month,,https://unfys.com/pricing/,2026-08-20,browser_verified,queue-2026-08-20,"Advisory model, published as ""From £1,000/mo monthly retainer"". Browser-verified."
UNFYS,CRO,retainer,10000,,GBP,per_month,,https://unfys.com/pricing/,2026-08-20,browser_verified,queue-2026-08-20,"Project model, published as ""From £10,000/mo monthly retainer"", fixed-scope build. Browser-verified."
UNFYS,CRO,project,3000,,GBP,fixed_fee_per_project,5 days,https://unfys.com/pricing/,2026-08-20,browser_verified,queue-2026-08-20,"Discovery Week, published as ""From £3,000 fixed fee. A structured 5-day diagnostic of your revenue function."" Browser-verified."
UNFYS,CRO,retainer,4000,,GBP,per_month,2 days/week,https://unfys.com/pricing/,2026-08-20,browser_verified,queue-2026-08-20,"Fractional engagement model, published as ""From £4,000/mo monthly retainer ... Typically 2 days/week"". The page also states ""£0 HOURLY BILLING. EVER."" Browser-verified."
Unison Direct,CFO,retainer,,,,,,https://unisondirect.com/,2026-08-21,browser_verified,cfo,"No published price found at capture. Virtual/fractional CFO services; ""Book a Discovery Call"" model. Opened and read in a browser during the full-coverage pass of 2026-08-21; no first-party price on the page."
Unity Consulting Company,CTO,retainer,,,,,,https://unityconsultingco.com/,2026-08-20,browser_verified,fractional-cohort,No published price found in stage-one screening of the homepage and its pricing-linked pages. Opened and read in a browser during the full-coverage pass of 2026-08-21; no first-party price on the page.
Upwork,CTO,marketplace_match,,,,,,https://www.upwork.com/,2026-08-20,blocked,cto,Open marketplace. Freelancer fee 0-15% per contract. Client fee 3-10%. No CTO-specific rates or fees. Returns HTTP 403. Agent-screened via third-party sources.
Upwork,CMO,marketplace_match,,,,,,https://www.upwork.com/,2026-08-21,blocked,cmo,No published CMO-specific rate. Open marketplace; individual freelancers set their own rates. Opened in a browser during the full-coverage pass of 2026-08-21; the page could not be read (status: blocked). Recorded as blocked rather than as a published absence of price: this provider is counted in the denominator and carries no observation in either direction.
Usama Moin,CTO,retainer,,,,,,https://usamamoin.com/fractional-cto-europe,2026-08-20,browser_verified,cto,No published price found at capture. Europe (serves UK Germany Netherlands Scandinavia). Agent-screened. Opened and read in a browser during the full-coverage pass of 2026-08-21; no first-party price on the page.
"V&F Consulting Services, LLC",multi,retainer,,,,,,https://michaelvirnoche.com/,2026-08-20,browser_verified,fractional-cohort,No published price found in stage-one screening of the homepage and its pricing-linked pages. Opened and read in a browser during the full-coverage pass of 2026-08-21; no first-party price on the page.
VA Masters,CTO,marketplace_match,600,,USD,per_month,5-15 hrs/month,https://vamasters.com/fractional-cto-services/,2026-08-20,browser_verified,stage2-2026-08-20,"Published verbatim as ""Pre-vetted CTOs from Ukraine and Eastern Europe starting at $600/month"" for ""5-15 hours per month"". The ""$250K+ salary"" reference is a full-time comparison and is excluded. Browser-verified."
Validated Growth,CPO,retainer,600,,USD,per_week,5 hours/week,https://validatedgrowth.com/,2026-08-21,browser_verified,cpo-expansion,"Published verbatim: ""5 hours/week $600 /week - 5 hours per week is best for founders and teams looking..."" Priced per WEEK, not per month. The page carries a currency switcher (USD / EUR / GBP); recorded in USD as displayed by default, and the EUR and GBP figures were not captured and must not be inferred by conversion."
Validated Growth,CPO,retainer,1200,,USD,per_week,10 hours/week,https://validatedgrowth.com/,2026-08-21,browser_verified,cpo-expansion,"Published verbatim: ""10 hours/week $1,200 /week"". Priced per week; currency as displayed by default."
Validated Growth,CPO,retainer,2400,,USD,per_week,20 hours/week,https://validatedgrowth.com/,2026-08-21,browser_verified,cpo-expansion,"Published verbatim: ""20 hours/week $2,400 /week"". Priced per week; currency as displayed by default."
Value.Digital,CPO,retainer,,,,,,https://value.digital/cpo-as-a-service-interim-product-leadership/,2026-08-21,browser_verified,cpo-expansion,"No published price found at capture. Offers ""CPO as a Service"" / interim product leadership. 20+ years leadership experience. Quick integration without lengthy onboarding. Opened and read in a browser during the full-coverage pass of 2026-08-21; no first-party price on the page."
Valuefinex,CFO,retainer,,,,,,https://valuefinex.com/,2026-08-21,unreachable,cfo,"No published price found at capture. Mentions ""FIXED MONTHLY RATES"" as a feature without disclosing amounts. Interim FD/SaaS CFO; directs to quote page. Opened in a browser during the full-coverage pass of 2026-08-21; the page could not be read (status: unreachable). Recorded as unreachable rather than as a published absence of price: this provider is counted in the denominator and carries no observation in either direction."
Vault BizDev,CMO,retainer,,,,,,https://www.vaultbiz.com/,2026-08-20,browser_verified,fractional-cohort,No published price found in stage-one screening of the homepage and its pricing-linked pages. Opened and read in a browser during the full-coverage pass of 2026-08-21; no first-party price on the page.
VChiefs,COO,retainer,3300,,USD,per_month,20 hours,https://vchiefs.com/fractional-leadership-pricing/,2026-08-21,browser_verified,coo,"Capacity tier, published verbatim: ""Starting at $3,300/month $2,970/month (Starting at 20 hours at $165/hour $148.50/hour)"". The list price is recorded; the page shows a lower discounted figure ($2,970/month at $148.50/hour) beside it. The page covers the roles ""CHIEF OF STAFF, ASSOCIATE CHIEF OF STAFF, COO, CFO, HR BUSINESS PARTNER, INTEGRATOR""."
VChiefs,COO,retainer,9000,,USD,per_month,60 hours,https://vchiefs.com/fractional-leadership-pricing/,2026-08-21,browser_verified,coo,"Clarity tier, published verbatim: ""Starting at $9,000/month $8,100/month (Starting at 60 hours at $150/hour $135/hour)"". List price recorded; discounted figure noted."
VChiefs,COO,retainer,165,,USD,per_hour,,https://vchiefs.com/fractional-leadership-pricing/,2026-08-21,browser_verified,coo,"Hourly rate published alongside the Capacity tier, verbatim: ""at $165/hour $148.50/hour"". List rate recorded; the discounted rate is $148.50/hour. The site also runs a pricing calculator, whose output is not recorded."
VChiefs,COO,retainer,150,,USD,per_hour,,https://vchiefs.com/fractional-leadership-pricing/,2026-08-21,browser_verified,coo,"Hourly rate published alongside the Clarity tier, verbatim: ""at $150/hour $135/hour"". List rate recorded; the discounted rate is $135/hour. The $50K and $200K figures on the homepage are client case-study outcomes and are excluded."
VCMO,CMO,retainer,4000,12000,GBP,per_month,,https://www.vcmo.uk/about/engagement-plans-and-pricing,2026-08-21,browser_verified,cmo,"Published verbatim: ""Fractional CMO - Embedded senior marketing leadership... Format: monthly retainer. Investment: GBP 4,000-GBP 12,000 +VAT per month."" Both ends are stated. TAX CAVEAT: quoted ""+VAT"", i.e. exclusive of tax; recorded as published, ex-VAT."
VCMO,CMO,day_rate,2500,,GBP,per_day,,https://www.vcmo.uk/about/engagement-plans-and-pricing,2026-08-21,browser_verified,cmo,"Workshop, published verbatim: ""Best for: high-stakes decisions, alignment, and prioritisation. Format: focused workshop engagement. Investment: GBP 2,500 +VAT per day."" Quoted ex-VAT."
VCMO,CMO,project,5000,,GBP,fixed_fee_per_project,,https://www.vcmo.uk/about/engagement-plans-and-pricing,2026-08-21,browser_verified,cmo,"Marketing Audit, published verbatim: ""Format: fixed-scope assessment. Investment: Fixed fee, scoped to the business from GBP 5,000 +VAT."" Quoted ex-VAT."
Velo CFO,CFO,retainer,,,,,,https://velocfo.com/,2026-08-20,browser_verified,fractional-cohort,No published price found in stage-one screening of the homepage and its pricing-linked pages. Opened and read in a browser during the full-coverage pass of 2026-08-21; no first-party price on the page.
Vendux,CPO,marketplace_match,,,,,,https://www.vendux.org/,2026-08-21,browser_verified,cpo-expansion,No published price found at capture. Fractional executive community and matching platform. Publishes research on state of fractional executives. Acquired Shiny marketplace in 2025. Opened and read in a browser during the full-coverage pass of 2026-08-21; no first-party price on the page.
Vendux,CMO,marketplace_match,,,,,,https://vendux.org/,2026-08-20,browser_verified,cmo,No published price found at capture. Quoted per engagement. Opened and read in a browser during the full-coverage pass of 2026-08-21; no first-party price on the page.
Venturity,CFO,retainer,,,,,,https://venturity.com/,2026-08-20,browser_verified,fractional-cohort,No published price found in stage-one screening of the homepage and its pricing-linked pages. Opened and read in a browser during the full-coverage pass of 2026-08-21; no first-party price on the page.
Veracity CFO & Bookkeeping,CFO,retainer,,,,,,https://veracitycfo.com/,2026-08-20,browser_verified,fractional-cohort,No published price found in stage-one screening of the homepage and its pricing-linked pages. Opened and read in a browser during the full-coverage pass of 2026-08-21; no first-party price on the page.
Vessel Advisors,CFO,retainer,,,,,,https://vesseladvisors.com/,2026-08-20,browser_verified,fractional-cohort,No published price found in stage-one screening of the homepage and its pricing-linked pages. Opened and read in a browser during the full-coverage pass of 2026-08-21; no first-party price on the page.
VGP - Venture Growth Partners,CFO,retainer,,,,,,https://venturegrowthpartners.com/,2026-08-20,browser_verified,stage2-2026-08-20,"An automated screening pass flagged hourly rates. The browser-rendered page shows only unresolved animated counters (""$ 0 Billion in M&A deals negotiated""), consistent with the v1.0 finding that JavaScript counters do not survive capture. No published price found at capture. Opened and read in a browser during the full-coverage pass of 2026-08-21; no first-party price on the page."
Via Marketing,CMO,retainer,,,,,,https://viamrkting.com/,2026-08-20,browser_verified,cmo,No published fractional CMO rate. Marketing services firm with fractional CMO offering. Opened and read in a browser during the full-coverage pass of 2026-08-21; no first-party price on the page.
View2 Solutions,CTO,retainer,,,,,,https://view2solutions.com/,2026-08-20,browser_verified,fractional-cohort,No published price found in stage-one screening of the homepage and its pricing-linked pages. Opened and read in a browser during the full-coverage pass of 2026-08-21; no first-party price on the page.
Virché Coaching & Consulting,COO,retainer,,,,,,https://virchecc.com/,2026-08-20,browser_verified,fractional-cohort,No published price found in stage-one screening of the homepage and its pricing-linked pages. Opened and read in a browser during the full-coverage pass of 2026-08-21; no first-party price on the page.
Virtual CFO Solution,CFO,retainer,,,,,,https://virtualcfosolution.com/,2026-08-20,browser_verified,fractional-cohort,"No published price found at capture. Page directs to a quote, call or custom pricing. Pricing exists but is not published. Opened and read in a browser during the full-coverage pass of 2026-08-21; no first-party price on the page."
Virtual CXOs,COO,retainer,,,,,,https://virtualcxos.com/services/virtual-interim-outsourced-coo-chief-operating-officer/,2026-08-20,browser_verified,coo,No published price found at capture. Virtual and interim COO services. Opened and read in a browser during the full-coverage pass of 2026-08-21; no first-party price on the page.
Vision One Financial Services,CFO,retainer,1996,,USD,per_month,,https://www.visiononefinancial.com/pricing,2026-08-20,browser_verified,stage2-2026-08-20,"Core tier, published as ""$499/week or $1996 monthly"". Browser-verified."
Vision One Financial Services,CFO,retainer,3676,,USD,per_month,,https://www.visiononefinancial.com/pricing,2026-08-20,browser_verified,stage2-2026-08-20,"Growth tier, published as ""$919/week or $3676 monthly"". Browser-verified."
Vision One Financial Services,CFO,retainer,4996,,USD,per_month,,https://www.visiononefinancial.com/pricing,2026-08-20,browser_verified,stage2-2026-08-20,"Elite tier, described as ""A CFO in your back pocket"" and published as ""$1249/week or $4996 monthly"". Browser-verified."
Vocal,CMO,retainer,,,,,,https://www.gotvocal.com/,2026-08-20,browser_verified,fractional-cohort,No published price found in stage-one screening of the homepage and its pricing-linked pages. Opened and read in a browser during the full-coverage pass of 2026-08-21; no first-party price on the page.
Warrior Group,CFO,retainer,,,,,,https://warriorgp.com/,2026-08-21,unreachable,fractional-cohort,No published price found in stage-one screening of the homepage and its pricing-linked pages. Opened in a browser during the full-coverage pass of 2026-08-21; the page could not be read (status: unreachable). Recorded as unreachable rather than as a published absence of price: this provider is counted in the denominator and carries no observation in either direction.
Wavect,CTO,retainer,130,,EUR,per_hour,,https://wavect.io/pricing/,2026-08-20,browser_verified,stage2-2026-08-20,"Prepaid Developer Hours at EUR 130 per prepaid hour. Developer time, not executive time; recorded for completeness. Browser-verified."
Wavect,CTO,project,3500,,EUR,fixed_fee_per_project,,https://wavect.io/pricing/,2026-08-20,browser_verified,stage2-2026-08-20,"Discovery Phase, published as ""EUR 3,500 one time"", deducted from the final build invoice. Browser-verified."
Wavect,CTO,retainer,400,,EUR,per_week,,https://wavect.io/pricing/,2026-08-20,browser_verified,stage2-2026-08-20,"Fractional Co-Founder, published as ""fractional-cofounder-weekly-v1 Fractional Co-Founder EUR 400 per week"". Browser-verified."
We Curate,COO,retainer,,,,,,https://we-curate.com/,2026-08-20,browser_verified,coo,"No published price found at capture. Offers ""Fractional COO for Beauty Brands"" but does not disclose rates. Opened and read in a browser during the full-coverage pass of 2026-08-21; no first-party price on the page."
Weekly Accounting Inc.,CFO,retainer,,,,,,https://weeklyaccounting.com/,2026-08-20,browser_verified,fractional-cohort,No published price found in stage-one screening of the homepage and its pricing-linked pages. Opened and read in a browser during the full-coverage pass of 2026-08-21; no first-party price on the page.
WeFiiT,CPO,retainer,,,,,,https://www.wefiit.com/,2026-08-21,browser_verified,cpo-expansion,"No published price found at capture. France-based product management consulting firm. Case study references ""CPO de transition"" capability (Claire Van de Voorde). Serves enterprises (Accor, Louis Vuitton, FDJ) and scale-ups. Opened and read in a browser during the full-coverage pass of 2026-08-21; no first-party price on the page."
Wellspent Consulting,multi,retainer,,,,,,https://wellspentconsulting.com/,2026-08-20,browser_verified,fractional-cohort,"No published price found at capture. Page directs to a quote, call or custom pricing. Pricing exists but is not published. Opened and read in a browser during the full-coverage pass of 2026-08-21; no first-party price on the page."
"WG Consulting, LLC",CFO,retainer,,,,,,https://wgconsulting.com/,2026-08-20,browser_verified,fractional-cohort,No published price found in stage-one screening of the homepage and its pricing-linked pages. Opened and read in a browser during the full-coverage pass of 2026-08-21; no first-party price on the page.
White Space Marketing Group,CMO,retainer,,,,,,https://whitespacemarketinggroup.com/,2026-08-20,browser_verified,cmo,No published fractional CMO rate. Full-service marketing group with fractional CMO offering. Opened and read in a browser during the full-coverage pass of 2026-08-21; no first-party price on the page.
Whtnxt,CMO,project,1000,1000,USD,fixed_fee_per_project,,https://whtnxt.io/pricing/,2026-08-20,browser_verified,cmo,"Marketing Discovery. Published verbatim as ""$1,000 one-time"". 2-hour strategy workshop with 90-day roadmap. Browser-verified."
Whtnxt,CMO,retainer,275,275,USD,per_hour,,https://whtnxt.io/pricing/,2026-08-20,browser_verified,cmo,"Marketing Consulting tier. Published verbatim as ""$275 /hour"". On-demand expertise. Browser-verified."
Whtnxt,CMO,retainer,6500,6500,USD,per_month,,https://whtnxt.io/pricing/,2026-08-20,browser_verified,cmo,"Fractional CMO tier. Published verbatim as ""$6,500 /month"". Includes weekly strategy sessions and marketing team oversight. Browser-verified."
Wild Fig CMO,CMO,retainer,,,,,,https://www.wildfigcmo.com/,2026-08-20,browser_verified,fractional-cohort,No published price found in stage-one screening of the homepage and its pricing-linked pages. Opened and read in a browser during the full-coverage pass of 2026-08-21; no first-party price on the page.
Win-Pro Consultancy,CTO,retainer,,,,,,https://winpro.com.sg/fractional-cto-services-singapore/,2026-08-20,browser_verified,cto,No published price found at capture. Singapore and Malaysia. Agent-screened. Opened and read in a browser during the full-coverage pass of 2026-08-21; no first-party price on the page.
WipFli,COO,retainer,,,,,,https://wipfli.com/services/outsourced-services/operations-outsourcing,2026-08-20,browser_verified,coo,No published price found at capture. Large consulting firm offering outsourced operations and COO services. Opened and read in a browser during the full-coverage pass of 2026-08-21; no first-party price on the page.
Wolf's Edge Integrators,COO,retainer,,,,,,https://wolfsedgeintegrators.com/,2026-08-20,browser_verified,coo,No published price found at capture. Fractional COO/integrator services. Directs to discovery call. Opened and read in a browser during the full-coverage pass of 2026-08-21; no first-party price on the page.
Work Heartily,COO,retainer,,,,,,https://www.workheartily.com/,2026-08-21,blocked,fractional-cohort,No published price found in stage-one screening of the homepage and its pricing-linked pages. Opened in a browser during the full-coverage pass of 2026-08-21; the page could not be read (status: blocked). Recorded as blocked rather than as a published absence of price: this provider is counted in the denominator and carries no observation in either direction.
WSI World,CMO,retainer,,,,,,https://www.wsiworld.com/,2026-08-20,browser_verified,fractional-cohort,No published price found in stage-one screening of the homepage and its pricing-linked pages. Opened and read in a browser during the full-coverage pass of 2026-08-21; no first-party price on the page.
Wuppdich,CPO,retainer,,,,,,https://www.wuppdich.com/,2026-08-21,browser_verified,cpo-expansion,No published price found at capture. UK/Europe-based individual (Susi Mackeown). Offers interim Product/Strategy Director on fractional basis. Also available as day-rate consultant/advisor. Opened and read in a browser during the full-coverage pass of 2026-08-21; no first-party price on the page.
Y Not You,CMO,retainer,,,,,,https://www.ynotyoumedia.com/,2026-08-20,browser_verified,stage2-2026-08-20,"An automated screening pass flagged a figure. Browser verification found client revenue bands (""doing $250K to $10M"") and aggregate case-study totals. No published price found at capture. Opened and read in a browser during the full-coverage pass of 2026-08-21; no first-party price on the page."
Yaniv Goldenberg,CMO,retainer,8000,18000,USD,per_month,,https://yanivgoldenberg.com/fractional-cmo-cost/,2026-08-20,browser_verified,cmo,"FAQ explicitly states ""What's Yaniv's pricing? $8K-$18K/month depending on scope and stage."" Israeli-based fractional CMO/CGO. Browser-verified."
yorCMO,CMO,retainer,,,,,,https://yorcmo.com/,2026-08-20,browser_verified,cmo,No published own rate. Franchise model for fractional marketing. References $8K/mo and $96K/yr as general market figures. Opened and read in a browser during the full-coverage pass of 2026-08-21; no first-party price on the page.
Your CTO,CTO,retainer,2500,,EUR,per_month,4 strategy calls/month,https://yourcto.ie/,2026-08-20,browser_verified,stage2-2026-08-20,"Bronze package, published as ""Bronze EUR 2,500/month Essential strategic guidance"". Browser-verified."
Your CTO,CTO,retainer,4900,,EUR,per_month,,https://yourcto.ie/,2026-08-20,browser_verified,stage2-2026-08-20,"Silver package, published as ""Silver EUR 4,900/month Strategic + tactical execution"". Browser-verified."
Your CTO,CTO,retainer,7500,,EUR,per_month,,https://yourcto.ie/,2026-08-20,browser_verified,stage2-2026-08-20,"Gold package (POPULAR), published as ""Gold EUR 7,500/month Full hands-on CTO leadership"". Browser-verified."
Yuva Digital,CMO,retainer,,,,,,https://yuva.digital/,2026-08-21,blocked,fractional-cohort,No published price found in stage-one screening of the homepage and its pricing-linked pages. Opened in a browser during the full-coverage pass of 2026-08-21; the page could not be read (status: blocked). Recorded as blocked rather than as a published absence of price: this provider is counted in the denominator and carries no observation in either direction.
ZooHouse Media Group (ZHMG),multi,retainer,,,,,,https://zhmg.co/,2026-08-20,browser_verified,fractional-cohort,No published price found in stage-one screening of the homepage and its pricing-linked pages. Opened and read in a browser during the full-coverage pass of 2026-08-21; no first-party price on the page.
zp/dtc,CMO,retainer,,,,,,https://zp-dtc.com/,2026-08-20,browser_verified,fractional-cohort,No published price found in stage-one screening of the homepage and its pricing-linked pages. Opened and read in a browser during the full-coverage pass of 2026-08-21; no first-party price on the page.
Zuka Consulting LLC,COO,retainer,,,,,,https://www.zukaconsulting.com/,2026-08-20,browser_verified,stage2-2026-08-20,"An automated screening pass flagged a figure. The only currency figures in the browser-rendered page describe the founder career history (""sales growth from $40M to $215M in 3 years""). No published price found at capture. Opened and read in a browser during the full-coverage pass of 2026-08-21; no first-party price on the page."
átomos,CMO,retainer,,,,,,https://www.atomos.us/,2026-08-20,browser_verified,fractional-cohort,No published price found in stage-one screening of the homepage and its pricing-linked pages. Opened and read in a browser during the full-coverage pass of 2026-08-21; no first-party price on the page.
