host,provider,role,region,model,currency,unit,price_low,price_high,value_basis,value_published,rate_hourly_usd,normalization_basis,hours_per_month_used,hours_source,confidence_tier,strict_pass,dual_agreement,verify_verdict,verify_reasons,scope_verdict,country,country_source,evidence_quote,evidence_page,source_url,capture_date
getcto.fi,Fractional CTO Services - Senior Technology Leadership | GetCTO Finland,(none),EU,Day,EUR,per_day,1500,3000,midpoint,2250,326.67,"midpoint(1500,3000)=2250 EUR | per_day / 8h (declared 8-hour day) | FX EUR 1.1615 USD @2026-09-03 | = 326.67 USD/h",,,low,false,disagree:3offers,REJECT,not_own_price,include,FI,cctld,"€1,500-€3,000 per day",https://getcto.fi/,https://getcto.fi/,2026-09-03
f.institute,F.INSTITUTE - Fractional CFO Services for Tech Companies,(none),EU,Monthly,EUR,per_month,599,,published,599,21.41,published(599) EUR | per_month / 32.5h (default: no hours published) | FX EUR 1.1615 USD @2026-09-03 | = 21.41 USD/h,32.5,default,high,true,agree,PASS,,include,,,From €599 / month,https://f.institute/pricing,https://f.institute/,2026-09-02
f.institute,F.INSTITUTE - Fractional CFO Services for Tech Companies,(none),EU,Monthly,EUR,per_month,1999,,published,1999,71.44,published(1999) EUR | per_month / 32.5h (default: no hours published) | FX EUR 1.1615 USD @2026-09-03 | = 71.44 USD/h,32.5,default,high,true,agree,PASS,,include,,,"From €1,999 / month",https://f.institute/pricing,https://f.institute/,2026-09-02
f.institute,F.INSTITUTE - Fractional CFO Services for Tech Companies,(none),EU,Monthly,EUR,per_month,2250,,published,2250,80.41,published(2250) EUR | per_month / 32.5h (default: no hours published) | FX EUR 1.1615 USD @2026-09-03 | = 80.41 USD/h,32.5,default,high,true,agree,PASS,,include,,,"From €2,250 / month",https://f.institute/pricing,https://f.institute/,2026-09-02
f.institute,F.INSTITUTE - Fractional CFO Services for Tech Companies,(none),EU,Monthly,EUR,per_month,4500,,published,4500,160.82,published(4500) EUR | per_month / 32.5h (default: no hours published) | FX EUR 1.1615 USD @2026-09-03 | = 160.82 USD/h,32.5,default,high,true,agree,PASS,,include,,,"From €4,500 / month",https://f.institute/pricing,https://f.institute/,2026-09-02
f.institute,F.INSTITUTE - Fractional CFO Services for Tech Companies,(none),EU,Monthly,EUR,per_month,6750,,published,6750,241.23,published(6750) EUR | per_month / 32.5h (default: no hours published) | FX EUR 1.1615 USD @2026-09-03 | = 241.23 USD/h,32.5,default,high,true,agree,PASS,,include,,,"From €6,750 / month",https://f.institute/pricing,https://f.institute/,2026-09-02
generateleads.ie,We grow brands that build | Generate Leads,(none),EU,Monthly,EUR,per_month,2500,,published,2500,89.35,published(2500) EUR | per_month / 32.5h (default: no hours published) | FX EUR 1.1615 USD @2026-09-03 | = 89.35 USD/h,32.5,default,low,false,disagree:4offers,REJECT,not_own_price,include,IE,cctld,"Silver €2,500 + VAT /mo",https://generateleads.ie/services,https://generateleads.ie/,2026-09-02
generateleads.ie,We grow brands that build | Generate Leads,(none),EU,Monthly,EUR,per_month,3500,,published,3500,125.08,published(3500) EUR | per_month / 32.5h (default: no hours published) | FX EUR 1.1615 USD @2026-09-03 | = 125.08 USD/h,32.5,default,low,false,disagree:4offers,REJECT,not_own_price,include,IE,cctld,"Gold €3,500 + VAT /mo",https://generateleads.ie/services,https://generateleads.ie/,2026-09-02
generateleads.ie,We grow brands that build | Generate Leads,(none),EU,Monthly,EUR,per_month,5000,,published,5000,178.69,published(5000) EUR | per_month / 32.5h (default: no hours published) | FX EUR 1.1615 USD @2026-09-03 | = 178.69 USD/h,32.5,default,low,false,disagree:4offers,REJECT,not_own_price,include,IE,cctld,"Platinum €5,000 + VAT /mo",https://generateleads.ie/services,https://generateleads.ie/,2026-09-02
letsrocc.com,Marketing Consultant for CEOs and CFOs | letsrocc,(none),EU,Monthly,EUR,per_month,15000,20000,midpoint,17500,625.42,"midpoint(15000,20000)=17500 EUR | per_month / 32.5h (default: no hours published) | FX EUR 1.1615 USD @2026-09-03 | = 625.42 USD/h",32.5,default,low,false,disagree:1offers,REJECT,not_own_price,include,,,"Germany, Austria, Switzerland and Ireland: €15k to €20k monthly.",https://letsrocc.com/,https://letsrocc.com/,2026-09-03
paqanyway.com,Fractional CMO & Executive Coach Copenhagen | PAQ Anyway,(none),EU,Monthly,EUR,per_month,3350,,published,3350,119.72,published(3350) EUR | per_month / 32.5h (default: no hours published) | FX EUR 1.1615 USD @2026-09-03 | = 119.72 USD/h,32.5,default,high,true,agree,PASS,,include,,,"EUR 3,350 per month",https://paqanyway.com/,https://paqanyway.com/,2026-09-02
upvise.co,CRM & Marketing Operations Specialist for SaaS & tech | Upvise,(none),EU,Monthly,EUR,per_month,4950,,published,4950,176.91,published(4950) EUR | per_month / 32.5h (default: no hours published) | FX EUR 1.1615 USD @2026-09-03 | = 176.91 USD/h,32.5,default,low,false,disagree:1offers,REJECT,not_own_price,include,,,"From €4,950 /mo",https://www.upvise.co/pricing,https://upvise.co/,2026-09-03
upvise.co,CRM & Marketing Operations Specialist for SaaS & tech | Upvise,(none),EU,Monthly,EUR,per_month,8900,,published,8900,318.07,published(8900) EUR | per_month / 32.5h (default: no hours published) | FX EUR 1.1615 USD @2026-09-03 | = 318.07 USD/h,32.5,default,low,false,disagree:1offers,REJECT,not_own_price,include,,,"From €8,900 /mo",https://www.upvise.co/pricing,https://upvise.co/,2026-09-03
upvise.co,CRM & Marketing Operations Specialist for SaaS & tech | Upvise,(none),EU,Monthly,EUR,per_month,14500,,published,14500,518.21,published(14500) EUR | per_month / 32.5h (default: no hours published) | FX EUR 1.1615 USD @2026-09-03 | = 518.21 USD/h,32.5,default,low,false,disagree:1offers,REJECT,not_own_price,include,,,"From €14,500 /mo",https://www.upvise.co/pricing,https://upvise.co/,2026-09-03
chiefofstaff.quest,Chief of Staff Recruitment Agency UK | Specialist CoS Search - London,(none),UK,Day,GBP,per_day,600,1200,midpoint,900,151.84,"midpoint(600,1200)=900 GBP | per_day / 8h (declared 8-hour day) | FX GBP 1.349718203474522107954215327 USD @2026-09-03 | = 151.84 USD/h",,,low,false,disagree:4offers,REJECT,not_own_price,include,,,"£600 - £1,200/day",https://chiefofstaff.quest/,https://chiefofstaff.quest/,2026-09-02
gomvp.co.uk,MVP Strategy & Tech Consulting for UK Founders | GoMVP,(none),UK,Day,GBP,per_day,450,,published,450,75.92,published(450) GBP | per_day / 8h (declared 8-hour day) | FX GBP 1.349718203474522107954215327 USD @2026-09-03 | = 75.92 USD/h,,,high,true,agree,PASS,,include,GB,cctld,From £450/day,https://gomvp.co.uk/,https://gomvp.co.uk/,2026-09-03
interim.quest,"Interim Quest - a proven interim leader, in the building in days",(none),UK,Day,GBP,per_day,900,1800,midpoint,1350,227.76,"midpoint(900,1800)=1350 GBP | per_day / 8h (declared 8-hour day) | FX GBP 1.349718203474522107954215327 USD @2026-09-03 | = 227.76 USD/h",,,high,true,agree,PASS,,include,,,"£900-£1,800 /DAY",https://interim.quest/,https://interim.quest/,2026-09-01
interim.quest,"Interim Quest - a proven interim leader, in the building in days",(none),UK,Day,GBP,per_day,850,1600,midpoint,1225,206.68,"midpoint(850,1600)=1225 GBP | per_day / 8h (declared 8-hour day) | FX GBP 1.349718203474522107954215327 USD @2026-09-03 | = 206.68 USD/h",,,high,true,agree,PASS,,include,,,"£850-£1,600 /DAY",https://interim.quest/,https://interim.quest/,2026-09-01
interim.quest,"Interim Quest - a proven interim leader, in the building in days",(none),UK,Day,GBP,per_day,1000,1800,midpoint,1400,236.20,"midpoint(1000,1800)=1400 GBP | per_day / 8h (declared 8-hour day) | FX GBP 1.349718203474522107954215327 USD @2026-09-03 | = 236.20 USD/h",,,high,true,agree,PASS,,include,,,"£1,000-£1,800 /DAY",https://interim.quest/,https://interim.quest/,2026-09-01
interim.quest,"Interim Quest - a proven interim leader, in the building in days",(none),UK,Day,GBP,per_day,900,1700,midpoint,1300,219.33,"midpoint(900,1700)=1300 GBP | per_day / 8h (declared 8-hour day) | FX GBP 1.349718203474522107954215327 USD @2026-09-03 | = 219.33 USD/h",,,high,true,agree,PASS,,include,,,"£900-£1,700 /DAY",https://interim.quest/,https://interim.quest/,2026-09-01
interim.quest,"Interim Quest - a proven interim leader, in the building in days",(none),UK,Day,GBP,per_day,750,1300,midpoint,1025,172.93,"midpoint(750,1300)=1025 GBP | per_day / 8h (declared 8-hour day) | FX GBP 1.349718203474522107954215327 USD @2026-09-03 | = 172.93 USD/h",,,high,true,agree,PASS,,include,,,"£750-£1,300 /DAY",https://interim.quest/,https://interim.quest/,2026-09-01
interim.quest,"Interim Quest - a proven interim leader, in the building in days",(none),UK,Day,GBP,per_day,700,1300,midpoint,1000,168.71,"midpoint(700,1300)=1000 GBP | per_day / 8h (declared 8-hour day) | FX GBP 1.349718203474522107954215327 USD @2026-09-03 | = 168.71 USD/h",,,high,true,agree,PASS,,include,,,"£700-£1,300 /DAY",https://interim.quest/,https://interim.quest/,2026-09-01
unlockgrowth.co.uk,Unlock Growth | Strategic Growth Marketing Partner | Edinburgh,(none),UK,Hourly,GBP,per_hour,145,,published,145,195.71,published(145) GBP | per_hour as captured | FX GBP 1.349718203474522107954215327 USD @2026-09-03 | = 195.71 USD/h,,,high,true,agree,PASS,,include,GB,cctld,My flexible packages start at £145 per hour,https://unlockgrowth.co.uk/,https://unlockgrowth.co.uk/,2026-09-02
flairrepublic.co.uk,Fractional CMO Agency for Proven Results | Marketing Strategy,(none),UK,Monthly,GBP,per_month,4000,8000,midpoint,6000,249.18,"midpoint(4000,8000)=6000 GBP | per_month / 32.5h (default: no hours published) | FX GBP 1.349718203474522107954215327 USD @2026-09-03 | = 249.18 USD/h",32.5,default,low,false,disagree:2offers,REJECT,not_own_price,include,GB,cctld,"£4,000 to £8,000 per month",https://flairrepublic.co.uk/,https://flairrepublic.co.uk/,2026-09-02
natterjack-consulting.co.uk,Fractional Chief Growth Officer North West | Natterjack | Simon Mogford,(none),UK,Monthly,GBP,per_month,1500,,published,1500,62.29,published(1500) GBP | per_month / 32.5h (default: no hours published) | FX GBP 1.349718203474522107954215327 USD @2026-09-03 | = 62.29 USD/h,32.5,default,high,true,agree,PASS,,include,GB,cctld,"From £1,500/month, scaled to what you need.",https://natterjack-consulting.co.uk/,https://natterjack-consulting.co.uk/,2026-09-03
rjk.info,Fractional & Interim CIO | CISO | CTO | Richard Keenlyside,(none),UK,Monthly,GBP,per_month,750,,published,750,31.15,published(750) GBP | per_month / 32.5h (default: no hours published) | FX GBP 1.349718203474522107954215327 USD @2026-09-03 | = 31.15 USD/h,32.5,default,medium,false,agree,REJECT,not_own_price,include,,,£750 / month retainer,https://rjk.info/,https://rjk.info/,2026-09-02
scaled.co.uk,Scaled | We Make B2B Businesses More Valuable,(none),UK,Monthly,GBP,per_month,2000,,published,2000,83.06,published(2000) GBP | per_month / 32.5h (default: no hours published) | FX GBP 1.349718203474522107954215327 USD @2026-09-03 | = 83.06 USD/h,32.5,default,high,true,agree,PASS,,include,GB,cctld,"Our consulting work starts at jus £2,000 per month",https://scaled.co.uk/,https://scaled.co.uk/,2026-09-02
scalewithcfo.com,"Fractional CFO for SaaS, AI & Tech Founders",(none),UK,Monthly,GBP,per_month,2000,5000,midpoint,3500,145.35,"midpoint(2000,5000)=3500 GBP | per_month / 32.5h (default: no hours published) | FX GBP 1.349718203474522107954215327 USD @2026-09-03 | = 145.35 USD/h",32.5,default,high,true,agree,PASS,,include,,,"£2,000 to £5,000 per month at every stage",https://scalewithcfo.com/,https://scalewithcfo.com/,2026-09-02
cast-usa.com,Atlanta Recruitment Agency | Hire Supply Chain Talent & Find a Job - Cast USA,(none),US,Day,USD,per_day,1200,1200,published,1200,150.00,published(1200) USD | per_day / 8h (declared 8-hour day) | FX USD 1 USD @2026-09-03 | = 150.00 USD/h,,,high,true,agree,PASS,,include,,,"$1,200 per day",https://cast-usa.com/,https://cast-usa.com/,2026-09-02
doubleuadvisors.com,How to Scale a Business | Fractional Leadership Support,(none),US,Day,USD,per_day,2000,,published,2000,250.00,published(2000) USD | per_day / 8h (declared 8-hour day) | FX USD 1 USD @2026-09-03 | = 250.00 USD/h,,,medium,false,agree,REJECT,not_own_price,include,,,"Investment Starting At: $ 2,000 per day",https://doubleuadvisors.com/services/,https://doubleuadvisors.com/,2026-09-03
theartisans.com.au,Fractional COO Services | Business Growth Solutions in Australi,(none),US,Day,USD,per_day,2497,,published,2497,312.13,published(2497) USD | per_day / 8h (declared 8-hour day) | FX USD 1 USD @2026-09-03 | = 312.13 USD/h,,,low,false,disagree:3offers,REJECT,not_own_price,include,AU,cctld,Half Day Workshops or Team Trainings | $2497 + GST,https://theartisans.com.au/services/design-your-own-support-package/,https://theartisans.com.au/,2026-09-02
findfractionaljobs.com,Home - Fractional Jobs Board,(none),US,Hourly,USD,per_hour,40,50,midpoint,45,45.00,"midpoint(40,50)=45 USD | per_hour as captured | FX USD 1 USD @2026-09-03 | = 45.00 USD/h",,,medium,false,agree,REJECT,not_own_price,include,,,$40-$50/Hour,https://findfractionaljobs.com/,https://findfractionaljobs.com/,2026-09-01
fractionalcoo.net,Fractional COO,(none),US,Hourly,USD,per_hour,250,250,published,250,250.00,published(250) USD | per_hour as captured | FX USD 1 USD @2026-09-03 | = 250.00 USD/h,,,low,false,disagree:5offers,REJECT,not_own_price,include,,,$250 / per hour,https://www.fractionalcoo.net/services,https://fractionalcoo.net/,2026-09-03
fractionalctonow.com,Fractional CTO Now,(none),US,Hourly,USD,per_hour,150,500,midpoint,325,325.00,"midpoint(150,500)=325 USD | per_hour as captured | FX USD 1 USD @2026-09-03 | = 325.00 USD/h",,,low,false,disagree:1offers,REJECT,not_own_price,include,,,$150 to $500 per hour,https://fractionalctonow.com/services,https://fractionalctonow.com/,2026-09-02
kledigital.com,"Marketing Consultant Melbourne | Google Ads, SEO & Meta Ads",(none),US,Hourly,USD,per_hour,150,,published,150,150.00,published(150) USD | per_hour as captured | FX USD 1 USD @2026-09-03 | = 150.00 USD/h,,,low,false,disagree:3offers,REJECT,not_own_price,include,,,From $150/hr,https://kledigital.com/,https://kledigital.com/,2026-09-02
luminspiregroup.com,Luminspire Group | Achieve Leadership Clarity,(none),US,Hourly,USD,per_hour,200,,published,200,200.00,published(200) USD | per_hour as captured | FX USD 1 USD @2026-09-03 | = 200.00 USD/h,,,low,false,disagree:5offers,REJECT,not_own_price,include,,,$200 per hour,https://luminspiregroup.com/services,https://luminspiregroup.com/,2026-09-02
nikhilgarg510.com,"Nikhil Garg: SaaS Builder, Zero to Launch in 8 Weeks",(none),US,Hourly,USD,per_hour,40,,published,40,40.00,published(40) USD | per_hour as captured | FX USD 1 USD @2026-09-03 | = 40.00 USD/h,,,low,false,disagree:4offers,REJECT,not_own_price,include,,,$40 /hour · starting rate,https://nikhilgarg510.com/,https://nikhilgarg510.com/,2026-09-02
theartisans.com.au,Fractional COO Services | Business Growth Solutions in Australi,(none),US,Hourly,USD,per_hour,477,,published,477,477.00,published(477) USD | per_hour as captured | FX USD 1 USD @2026-09-03 | = 477.00 USD/h,,,low,false,disagree:3offers,REJECT,not_own_price,include,AU,cctld,1 Hour Sessions | $477 + GST,https://theartisans.com.au/services/design-your-own-support-package/,https://theartisans.com.au/,2026-09-02
unluckyumbrella.com,Unlucky Umbrella Studio,(none),US,Hourly,USD,per_hour,75,,published,75,75.00,published(75) USD | per_hour as captured | FX USD 1 USD @2026-09-03 | = 75.00 USD/h,,,low,false,disagree:2offers,REJECT,not_own_price,include,,,$75 per hour,https://unluckyumbrella.com/services/graphic-design,https://unluckyumbrella.com/,2026-09-03
360integralmarketing.com,360 Integral Marketing Agency,(none),US,Monthly,USD,per_month,3000,15000,midpoint,9000,276.92,"midpoint(3000,15000)=9000 USD | per_month / 32.5h (default: no hours published) | FX USD 1 USD @2026-09-03 | = 276.92 USD/h",32.5,default,medium,false,agree,REJECT,not_own_price,include,,,$3K - $15K per month,https://360integralmarketing.com/fractional-cmo-costs-roi-mid-sized-business-2025/,https://360integralmarketing.com/,2026-09-01
512financial.com,"512Financial | Fractional CFOs, Accounting & HR Leadership",(none),US,Monthly,USD,per_month,9000,21000,midpoint,15000,461.54,"midpoint(9000,21000)=15000 USD | per_month / 32.5h (default: no hours published) | FX USD 1 USD @2026-09-03 | = 461.54 USD/h",32.5,default,high,true,agree,PASS,,include,,,"$9,000 to $21,000 a month",https://512financial.com/,https://512financial.com/,2026-09-03
baronbelalov.com,Baron Belalov | Fractional CMO in Toronto,(none),US,Monthly,USD,per_month,7500,20000,midpoint,13750,423.08,"midpoint(7500,20000)=13750 USD | per_month / 32.5h (default: no hours published) | FX USD 1 USD @2026-09-03 | = 423.08 USD/h",32.5,default,high,true,agree,PASS,,include,,,"hands-on fractional CMO work $7,500-$20,000+ per month",https://baronbelalov.com/services,https://baronbelalov.com/,2026-09-02
baronbelalov.com,Baron Belalov | Fractional CMO in Toronto,(none),US,Monthly,USD,per_month,3000,4500,midpoint,3750,115.38,"midpoint(3000,4500)=3750 USD | per_month / 32.5h (default: no hours published) | FX USD 1 USD @2026-09-03 | = 115.38 USD/h",32.5,default,medium,false,agree,REJECT,not_own_price,include,,,"$3,000-$4,500 per month",https://baronbelalov.com/services,https://baronbelalov.com/,2026-09-02
beyondcto.com,"Amazon Brand Management Agency, Flat-Rate | BeyondCTO",(none),US,Monthly,USD,per_month,1495,,published,1495,46.00,published(1495) USD | per_month / 32.5h (default: no hours published) | FX USD 1 USD @2026-09-03 | = 46.00 USD/h,32.5,default,low,false,disagree:1offers,REJECT,not_own_price,include,,,"Growth $1,495 /mo flat",https://beyondcto.com/,https://beyondcto.com/,2026-09-03
bjmgroup.co.uk,BJM Group | Group of Accounting Firms in UK,(none),US,Monthly,USD,per_month,3000,15000,midpoint,9000,276.92,"midpoint(3000,15000)=9000 USD | per_month / 32.5h (default: no hours published) | FX USD 1 USD @2026-09-03 | = 276.92 USD/h",32.5,default,medium,false,agree,REJECT,not_own_price,include,GB,cctld,"rates range from $3,000 to $15,000 per month.",https://bjmgroup.co.uk/fractional-cfo-services/,https://bjmgroup.co.uk/,2026-09-02
bumerang.ca,Bumerang Digital Marketing Agency in Vancouver | 2026,(none),US,Monthly,USD,per_month,3000,15000,midpoint,9000,276.92,"midpoint(3000,15000)=9000 USD | per_month / 32.5h (default: no hours published) | FX USD 1 USD @2026-09-03 | = 276.92 USD/h",32.5,default,medium,false,agree,REJECT,not_own_price,include,CA,cctld,"Most businesses invest between $3,000 and $15,000 per month for Fractional CMO services",https://bumerang.ca/digital-marketing-services/fractional-cmo/,https://bumerang.ca/,2026-09-02
c4solutionsllc.com,MSP and Tech Growth Partner | C4 Solutions,(none),US,Monthly,USD,per_month,599,,published,599,18.43,published(599) USD | per_month / 32.5h (default: no hours published) | FX USD 1 USD @2026-09-03 | = 18.43 USD/h,32.5,default,low,false,disagree:1offers,REJECT,not_own_price,include,,,$599 /month starting,https://c4solutionsllc.com/,https://c4solutionsllc.com/,2026-09-02
cayk.ca,Calgary Marketing Agency | Digital Marketing Agency CAYK,(none),US,Monthly,USD,per_month,2000,,published,2000,61.54,published(2000) USD | per_month / 32.5h (default: no hours published) | FX USD 1 USD @2026-09-03 | = 61.54 USD/h,32.5,default,low,false,disagree:2offers,REJECT,not_own_price,include,CA,cctld,"minimum client engagement size of $2,000 per month",https://cayk.ca/,https://cayk.ca/,2026-09-02
cfo.ventures,"Fractional CFO in Dubai, UAE, Saudi Arabia & MENA | المدير المالي الجزئي",(none),US,Monthly,USD,per_month,1900,,published,1900,58.46,published(1900) USD | per_month / 32.5h (default: no hours published) | FX USD 1 USD @2026-09-03 | = 58.46 USD/h,32.5,default,medium,false,agree,REJECT,not_own_price,include,,,$ 1900 /mo,https://www.cfo.ventures/pricing,https://cfo.ventures/,2026-09-02
cfo.ventures,"Fractional CFO in Dubai, UAE, Saudi Arabia & MENA | المدير المالي الجزئي",(none),US,Monthly,USD,per_month,2500,,published,2500,76.92,published(2500) USD | per_month / 32.5h (default: no hours published) | FX USD 1 USD @2026-09-03 | = 76.92 USD/h,32.5,default,medium,false,agree,REJECT,not_own_price,include,,,$ 2500 /mo,https://www.cfo.ventures/pricing,https://cfo.ventures/,2026-09-02
chaddperry.com,Explosive SaaS Growth with Expert CMO Chad Perry,(none),US,Monthly,USD,per_month,5000,,published,5000,153.85,published(5000) USD | per_month / 32.5h (default: no hours published) | FX USD 1 USD @2026-09-03 | = 153.85 USD/h,32.5,default,high,true,agree,PASS,,include,,,"Starting : $5,000 per month",https://chaddperry.com/,https://chaddperry.com/,2026-09-02
chaddperry.com,Explosive SaaS Growth with Expert CMO Chad Perry,(none),US,Monthly,USD,per_month,1750,,published,1750,53.85,published(1750) USD | per_month / 32.5h (default: no hours published) | FX USD 1 USD @2026-09-03 | = 53.85 USD/h,32.5,default,high,true,agree,PASS,,include,,,"Starting : $1,750 per month",https://chaddperry.com/,https://chaddperry.com/,2026-09-02
chaddperry.com,Explosive SaaS Growth with Expert CMO Chad Perry,(none),US,Monthly,USD,per_month,2500,,published,2500,76.92,published(2500) USD | per_month / 32.5h (default: no hours published) | FX USD 1 USD @2026-09-03 | = 76.92 USD/h,32.5,default,high,true,agree,PASS,,include,,,"Starting : $2,500 per month",https://chaddperry.com/,https://chaddperry.com/,2026-09-02
cojoyrevgen.com,Fractional CRO and Revenue Architect for Series B+ B2B Companies,(none),US,Monthly,USD,per_month,25000,,published,25000,769.23,published(25000) USD | per_month / 32.5h (default: no hours published) | FX USD 1 USD @2026-09-03 | = 769.23 USD/h,32.5,default,low,false,disagree:2offers,REJECT,not_own_price,include,,,$25k / MONTH,https://cojoyrevgen.com/services,https://cojoyrevgen.com/,2026-09-03
cojoyrevgen.com,Fractional CRO and Revenue Architect for Series B+ B2B Companies,(none),US,Monthly,USD,per_month,35000,,published,35000,1076.92,published(35000) USD | per_month / 32.5h (default: no hours published) | FX USD 1 USD @2026-09-03 | = 1076.92 USD/h,32.5,default,low,false,disagree:2offers,REJECT,not_own_price,include,,,$35k / MONTH,https://cojoyrevgen.com/services,https://cojoyrevgen.com/,2026-09-03
eclipticideas.com,Ecliptic Ideas | We Become Your Technical Department,(none),US,Monthly,USD,per_month,50000,,published,50000,1538.46,published(50000) USD | per_month / 32.5h (default: no hours published) | FX USD 1 USD @2026-09-03 | = 1538.46 USD/h,32.5,default,high,true,agree,PASS,,include,,,$50k+ / month,https://eclipticideas.com/,https://eclipticideas.com/,2026-09-02
fletcherconsulting.com,"Fractional CMO for Manufacturers | Marketing Strategies & Rebranding Services - Terra L. Fletcher, Fractional CMO takes marketing off your to-do list. Part-time, senior-level marketing strategy partne",(none),US,Monthly,USD,per_month,5000,,published,5000,153.85,published(5000) USD | per_month / 32.5h (default: no hours published) | FX USD 1 USD @2026-09-03 | = 153.85 USD/h,32.5,default,medium,false,agree,REJECT,not_own_price,include,,,"Starting at $5,000/month",https://www.fletcherconsulting.com/services/,https://fletcherconsulting.com/,2026-09-02
fletcherconsulting.com,"Fractional CMO for Manufacturers | Marketing Strategies & Rebranding Services - Terra L. Fletcher, Fractional CMO takes marketing off your to-do list. Part-time, senior-level marketing strategy partne",(none),US,Monthly,USD,per_month,6500,,published,6500,200.00,published(6500) USD | per_month / 32.5h (default: no hours published) | FX USD 1 USD @2026-09-03 | = 200.00 USD/h,32.5,default,medium,false,agree,REJECT,not_own_price,include,,,"Starting at $6,500/month",https://www.fletcherconsulting.com/services/,https://fletcherconsulting.com/,2026-09-02
fractionalchiefs.com,FractionalChiefs - Find & Hire Fractional Executives,(none),US,Monthly,USD,per_month,6000,15000,midpoint,10500,323.08,"midpoint(6000,15000)=10500 USD | per_month / 32.5h (default: no hours published) | FX USD 1 USD @2026-09-03 | = 323.08 USD/h",32.5,default,medium,false,agree,REJECT,not_own_price,include,,,"A fractional CHRO costs $6,000-$15,000/month",https://fractionalchiefs.com/,https://fractionalchiefs.com/,2026-09-03
fractionalcoo.net,Fractional COO,(none),US,Monthly,USD,per_month,15000,40000,midpoint,27500,846.15,"midpoint(15000,40000)=27500 USD | per_month / 32.5h (default: no hours published) | FX USD 1 USD @2026-09-03 | = 846.15 USD/h",32.5,default,low,false,disagree:5offers,REJECT,not_own_price,include,,,"$15K-$40K/month Pricing based on company stage, team size, and scope.",https://fractionalcoo.net/,https://fractionalcoo.net/,2026-09-03
fractionalctonow.com,Fractional CTO Now,(none),US,Monthly,USD,per_month,5000,20000,midpoint,12500,384.62,"midpoint(5000,20000)=12500 USD | per_month / 32.5h (default: no hours published) | FX USD 1 USD @2026-09-03 | = 384.62 USD/h",32.5,default,low,false,disagree:1offers,REJECT,not_own_price,include,,,"anywhere from $5,000 to $20,000 per month",https://fractionalctonow.com/services,https://fractionalctonow.com/,2026-09-02
fractionalexec.com,FractionalExec,(none),US,Monthly,USD,per_month,8000,20000,midpoint,14000,430.77,"midpoint(8000,20000)=14000 USD | per_month / 32.5h (default: no hours published) | FX USD 1 USD @2026-09-03 | = 430.77 USD/h",32.5,default,low,false,disagree:1offers,REJECT,not_own_price,include,,,$8K-$20K /mo,https://fractionalexec.com/,https://fractionalexec.com/,2026-09-02
fractionalmarketing.ca,ROBYN PINEAULT | Fractional CMO Services,(none),US,Monthly,USD,per_month,5000,12000,midpoint,8500,261.54,"midpoint(5000,12000)=8500 USD | per_month / 32.5h (default: no hours published) | FX USD 1 USD @2026-09-03 | = 261.54 USD/h",32.5,default,medium,false,agree,REJECT,not_own_price,include,CA,cctld,"$5,000 - $12,000 / month.",https://fractionalmarketing.ca/,https://fractionalmarketing.ca/,2026-09-02
fractionalpros.com,Home - Fractional Pros,(none),US,Monthly,USD,per_month,500,,published,500,15.38,published(500) USD | per_month / 32.5h (default: no hours published) | FX USD 1 USD @2026-09-03 | = 15.38 USD/h,32.5,default,medium,false,agree,REJECT,not_own_price,include,,,$ 500 / Month,https://fractionalpros.com/plans/membership/,https://fractionalpros.com/,2026-09-02
golosnichenko.com,Fractional CTO - Anton Golosnichenko,(none),US,Monthly,USD,per_month,4400,,published,4400,135.38,published(4400) USD | per_month / 32.5h (default: no hours published) | FX USD 1 USD @2026-09-03 | = 135.38 USD/h,32.5,default,medium,false,agree,REJECT,not_own_price,include,,,"$4,400/month",https://golosnichenko.com/,https://golosnichenko.com/,2026-09-02
hirefractional.io,"HireFractional - Find Fractional Executives (CFO, CTO, CMO, COO)",(none),US,Monthly,USD,per_month,599,599,published,599,18.43,published(599) USD | per_month / 32.5h (default: no hours published) | FX USD 1 USD @2026-09-03 | = 18.43 USD/h,32.5,default,high,true,agree,PASS,,include,,,Elite $ 599 /mo,https://hirefractional.io/pricing,https://hirefractional.io/,2026-09-02
houstonitdevelopers.com,Mobile App & Software Development Company | Houston IT Developers,(none),US,Monthly,USD,per_month,1500,,published,1500,46.15,published(1500) USD | per_month / 32.5h (default: no hours published) | FX USD 1 USD @2026-09-03 | = 46.15 USD/h,32.5,default,low,false,disagree:3offers,REJECT,not_own_price,include,,,"$1,500/mo for dedicated developers",https://houstonitdevelopers.com/pricing,https://houstonitdevelopers.com/,2026-09-02
kledigital.com,"Marketing Consultant Melbourne | Google Ads, SEO & Meta Ads",(none),US,Monthly,USD,per_month,500,3000,midpoint,1750,53.85,"midpoint(500,3000)=1750 USD | per_month / 32.5h (default: no hours published) | FX USD 1 USD @2026-09-03 | = 53.85 USD/h",32.5,default,low,false,disagree:3offers,REJECT,not_own_price,include,,,"Marketing Retainer $500-$3,000/mo flexible retainer",https://kledigital.com/pricing,https://kledigital.com/,2026-09-02
kledigital.com,"Marketing Consultant Melbourne | Google Ads, SEO & Meta Ads",(none),US,Monthly,USD,per_month,1800,,published,1800,55.38,published(1800) USD | per_month / 32.5h (default: no hours published) | FX USD 1 USD @2026-09-03 | = 55.38 USD/h,32.5,default,low,false,disagree:3offers,REJECT,not_own_price,include,,,"From $1,800/mo",https://kledigital.com/,https://kledigital.com/,2026-09-02
kleinmarketing.ca,Ottawa Marketing & Advertising Companies | Brand Strategy - Klein Marketing,(none),US,Monthly,USD,per_month,5000,,published,5000,153.85,published(5000) USD | per_month / 32.5h (default: no hours published) | FX USD 1 USD @2026-09-03 | = 153.85 USD/h,32.5,default,low,false,disagree:1offers,REJECT,not_own_price,include,CA,cctld,"For a part-time arrangement, they start at $5,000/month + HST with a 3-month commitment period.",https://kleinmarketing.ca/services/interim-fractional-cmo-services/,https://kleinmarketing.ca/,2026-09-02
lemniscategrowth.com,Lemniscate Growth â B2B Pipeline Generation Agency,(none),US,Monthly,USD,per_month,1750,,published,1750,53.85,published(1750) USD | per_month / 32.5h (default: no hours published) | FX USD 1 USD @2026-09-03 | = 53.85 USD/h,32.5,default,high,true,agree,PASS,,include,,,$1750 /month · 3-month minimum,https://lemniscategrowth.com/,https://lemniscategrowth.com/,2026-09-02
lemniscategrowth.com,Lemniscate Growth â B2B Pipeline Generation Agency,(none),US,Monthly,USD,per_month,4000,,published,4000,123.08,published(4000) USD | per_month / 32.5h (default: no hours published) | FX USD 1 USD @2026-09-03 | = 123.08 USD/h,32.5,default,high,true,agree,PASS,,include,,,$4000 /month · 6-month engagement,https://lemniscategrowth.com/,https://lemniscategrowth.com/,2026-09-02
localfractional.com,Dallas Fractional CFO & CMO Services | Local Fractional,(none),US,Monthly,USD,per_month,5000,,published,5000,153.85,published(5000) USD | per_month / 32.5h (default: no hours published) | FX USD 1 USD @2026-09-03 | = 153.85 USD/h,32.5,default,high,true,agree,PASS,,include,,,"The Fractional CFO Partnership starts at $5,000/month",https://localfractional.com/,https://localfractional.com/,2026-09-02
longdrivepartners.com,Long Drive Partners | Operations Consulting for Businesses & Nonprofits,(none),US,Monthly,USD,per_month,5000,,published,5000,153.85,published(5000) USD | per_month / 32.5h (default: no hours published) | FX USD 1 USD @2026-09-03 | = 153.85 USD/h,32.5,default,low,false,disagree:1offers,REJECT,not_own_price,include,,,$5K || $5K-$15K/month,https://longdrivepartners.com/services,https://longdrivepartners.com/,2026-09-03
longdrivepartners.com,Long Drive Partners | Operations Consulting for Businesses & Nonprofits,(none),US,Monthly,USD,per_month,15000,,published,15000,461.54,published(15000) USD | per_month / 32.5h (default: no hours published) | FX USD 1 USD @2026-09-03 | = 461.54 USD/h,32.5,default,low,false,disagree:1offers,REJECT,not_own_price,include,,,$15K+/MO,https://longdrivepartners.com/services,https://longdrivepartners.com/,2026-09-03
luminspiregroup.com,Luminspire Group | Achieve Leadership Clarity,(none),US,Monthly,USD,per_month,3000,6000,midpoint,4500,200.00,"midpoint(3000,6000)=4500 USD | per_month / 22.5h (declared: declared:hours_per_month 15-30 midpoint 22.5) | FX USD 1 USD @2026-09-03 | = 200.00 USD/h",22.5,declared,low,false,disagree:5offers,REJECT,not_own_price,include,,,"$3,000-$6,000/month",https://luminspiregroup.com/services,https://luminspiregroup.com/,2026-09-02
luminspiregroup.com,Luminspire Group | Achieve Leadership Clarity,(none),US,Monthly,USD,per_month,3000,4000,midpoint,3500,200.00,"midpoint(3000,4000)=3500 USD | per_month / 17.5h (declared: declared:hours_per_month 15-20 midpoint 17.5) | FX USD 1 USD @2026-09-03 | = 200.00 USD/h",17.5,declared,low,false,disagree:5offers,REJECT,not_own_price,include,,,"$3,000-$4,000/month",https://luminspiregroup.com/services,https://luminspiregroup.com/,2026-09-02
mambadigital.au,Mamba Digital | Strategic Marketing Consultancy Perth,(none),US,Monthly,USD,per_month,5000,,published,5000,153.85,published(5000) USD | per_month / 32.5h (default: no hours published) | FX USD 1 USD @2026-09-03 | = 153.85 USD/h,32.5,default,low,false,disagree:1offers,REJECT,not_own_price,include,AU,cctld,"$5,000 a month",https://mambadigital.au/pricing/,https://mambadigital.au/,2026-09-02
marketingeyedallas.com,"Dallas Marketing Agency | Strategy, Lead Generation & Growth",(none),US,Monthly,USD,per_month,3500,,published,3500,107.69,"published(3500) USD | per_month / 32.5h (default_after_rejected_reading: declared hours rejected: the 3 hours belong to a free graphic-design intern bundled with the plan, not to the fractional CMO) | FX USD 1 USD @2026-09-03 | = 107.69 USD/h",32.5,default_after_rejected_reading,high,true,agree,PASS,,include,,,"$3,500 Standard Access A Team Of Experts Dedicated Marketing Manager Free Ad In Our Magazine Free 3 Hours Per Month Intern Graphic Design & Web Marketing, PR & Social Start Now",https://marketingeyedallas.com/,https://marketingeyedallas.com/,2026-09-02
oshricohen.me,Oshri Cohen · Fractional & Interim Chief AI Officer (CAIO),(none),US,Monthly,USD,per_month,10000,,published,10000,307.69,published(10000) USD | per_month / 32.5h (default: no hours published) | FX USD 1 USD @2026-09-03 | = 307.69 USD/h,32.5,default,low,false,disagree:2offers,REJECT,not_own_price,include,,,"Advisory ($10K/mo, ~1 day a week)",https://oshricohen.me/services/,https://oshricohen.me/,2026-09-02
oshricohen.me,Oshri Cohen · Fractional & Interim Chief AI Officer (CAIO),(none),US,Monthly,USD,per_month,18000,,published,18000,553.85,published(18000) USD | per_month / 32.5h (default: no hours published) | FX USD 1 USD @2026-09-03 | = 553.85 USD/h,32.5,default,low,false,disagree:2offers,REJECT,not_own_price,include,,,"Fractional ($18K/mo, ~2 days)",https://oshricohen.me/services/,https://oshricohen.me/,2026-09-02
oshricohen.me,Oshri Cohen · Fractional & Interim Chief AI Officer (CAIO),(none),US,Monthly,USD,per_month,30000,,published,30000,923.08,published(30000) USD | per_month / 32.5h (default: no hours published) | FX USD 1 USD @2026-09-03 | = 923.08 USD/h,32.5,default,low,false,disagree:2offers,REJECT,not_own_price,include,,,"Embedded/Interim ($30K/mo, 3+ days)",https://oshricohen.me/services/,https://oshricohen.me/,2026-09-02
polarispixels.com,"Websites, Custom Software, AI & Fractional CTO | Columbus Ohio | Polaris Pixels",(none),US,Monthly,USD,per_month,3000,,published,3000,92.31,published(3000) USD | per_month / 32.5h (default: no hours published) | FX USD 1 USD @2026-09-03 | = 92.31 USD/h,32.5,default,high,true,agree,PASS,,include,,,"Starting at $3,000/month",https://polarispixels.com/,https://polarispixels.com/,2026-09-03
punchfinancial.com,Punch Financial - Business Founders' Most Trusted CFO Services,(none),US,Monthly,USD,per_month,1500,,published,1500,46.15,published(1500) USD | per_month / 32.5h (default: no hours published) | FX USD 1 USD @2026-09-03 | = 46.15 USD/h,32.5,default,high,true,agree,PASS,,include,,,"$1,500 /Month",https://punchfinancial.com/pricing/,https://punchfinancial.com/,2026-09-02
punchfinancial.com,Punch Financial - Business Founders' Most Trusted CFO Services,(none),US,Monthly,USD,per_month,2500,,published,2500,76.92,published(2500) USD | per_month / 32.5h (default: no hours published) | FX USD 1 USD @2026-09-03 | = 76.92 USD/h,32.5,default,high,true,agree,PASS,,include,,,"$2,500 /Month",https://punchfinancial.com/pricing/,https://punchfinancial.com/,2026-09-02
punchfinancial.com,Punch Financial - Business Founders' Most Trusted CFO Services,(none),US,Monthly,USD,per_month,3500,,published,3500,107.69,published(3500) USD | per_month / 32.5h (default: no hours published) | FX USD 1 USD @2026-09-03 | = 107.69 USD/h,32.5,default,high,true,agree,PASS,,include,,,"$3,500 /Month",https://punchfinancial.com/pricing/,https://punchfinancial.com/,2026-09-02
punchfinancial.com,Punch Financial - Business Founders' Most Trusted CFO Services,(none),US,Monthly,USD,per_month,4500,,published,4500,138.46,published(4500) USD | per_month / 32.5h (default: no hours published) | FX USD 1 USD @2026-09-03 | = 138.46 USD/h,32.5,default,high,true,agree,PASS,,include,,,"$4,500 /Month",https://punchfinancial.com/pricing/,https://punchfinancial.com/,2026-09-02
purposeandprofitcmo.com,Michelle Mayther,(none),US,Monthly,USD,per_month,6000,,published,6000,184.62,published(6000) USD | per_month / 32.5h (default: no hours published) | FX USD 1 USD @2026-09-03 | = 184.62 USD/h,32.5,default,medium,false,agree,REJECT,not_own_price,include,,,"$6,000 /month",https://purposeandprofitcmo.com/,https://purposeandprofitcmo.com/,2026-09-02
purposeandprofitcmo.com,Michelle Mayther,(none),US,Monthly,USD,per_month,10000,,published,10000,307.69,published(10000) USD | per_month / 32.5h (default: no hours published) | FX USD 1 USD @2026-09-03 | = 307.69 USD/h,32.5,default,medium,false,agree,REJECT,not_own_price,include,,,"$10,000 /month",https://purposeandprofitcmo.com/,https://purposeandprofitcmo.com/,2026-09-02
pwawco.com,"Fractional Accounting & CFO Services - PW Associates, CPA",(none),US,Monthly,USD,per_month,3500,,published,3500,107.69,published(3500) USD | per_month / 32.5h (default: no hours published) | FX USD 1 USD @2026-09-03 | = 107.69 USD/h,32.5,default,low,false,disagree:4offers,REJECT,not_own_price,include,,,"$3,500 / MONTH",https://pwawco.com/pricing/,https://pwawco.com/,2026-09-02
pwawco.com,"Fractional Accounting & CFO Services - PW Associates, CPA",(none),US,Monthly,USD,per_month,1000,,published,1000,30.77,published(1000) USD | per_month / 32.5h (default: no hours published) | FX USD 1 USD @2026-09-03 | = 30.77 USD/h,32.5,default,low,false,disagree:4offers,REJECT,not_own_price,include,,,"Prices start as low as $1,000 per month",https://pwawco.com/pricing/,https://pwawco.com/,2026-09-02
pwawco.com,"Fractional Accounting & CFO Services - PW Associates, CPA",(none),US,Monthly,USD,per_month,1250,,published,1250,38.46,published(1250) USD | per_month / 32.5h (default: no hours published) | FX USD 1 USD @2026-09-03 | = 38.46 USD/h,32.5,default,low,false,disagree:4offers,REJECT,not_own_price,include,,,"$1,250 / MONTH",https://pwawco.com/pricing/,https://pwawco.com/,2026-09-02
shawnlivermore.com,Shawn Livermore - Fractional CTO & CAIO,(none),US,Monthly,USD,per_month,6000,,published,6000,184.62,published(6000) USD | per_month / 32.5h (default: no hours published) | FX USD 1 USD @2026-09-03 | = 184.62 USD/h,32.5,default,high,true,agree,PASS,,include,,,"$6,000 / month",https://shawnlivermore.com/services/fractional-cto-pricing,https://shawnlivermore.com/,2026-09-03
shawnlivermore.com,Shawn Livermore - Fractional CTO & CAIO,(none),US,Monthly,USD,per_month,9000,,published,9000,276.92,published(9000) USD | per_month / 32.5h (default: no hours published) | FX USD 1 USD @2026-09-03 | = 276.92 USD/h,32.5,default,high,true,agree,PASS,,include,,,"$9,000 / month",https://shawnlivermore.com/services/fractional-cto-pricing,https://shawnlivermore.com/,2026-09-03
shawnlivermore.com,Shawn Livermore - Fractional CTO & CAIO,(none),US,Monthly,USD,per_month,12000,,published,12000,369.23,published(12000) USD | per_month / 32.5h (default: no hours published) | FX USD 1 USD @2026-09-03 | = 369.23 USD/h,32.5,default,high,true,agree,PASS,,include,,,"$12,000 / month",https://shawnlivermore.com/services/fractional-cto-pricing,https://shawnlivermore.com/,2026-09-03
smecfo.asia,Fractional & Interim CFO in Thailand and Asia | SmeCFO,(none),US,Monthly,USD,per_month,3000,,published,3000,92.31,published(3000) USD | per_month / 32.5h (default: no hours published) | FX USD 1 USD @2026-09-03 | = 92.31 USD/h,32.5,default,low,false,disagree:1offers,REJECT,not_own_price,include,,,"Advisory retainer from USD 3,000",https://smecfo.asia/pricing/,https://smecfo.asia/,2026-09-03
sproutbox.co,Portland Digital Marketing Agency | 99 5-Star Reviews,(none),US,Monthly,USD,per_month,2000,,published,2000,61.54,published(2000) USD | per_month / 32.5h (default: no hours published) | FX USD 1 USD @2026-09-03 | = 61.54 USD/h,32.5,default,low,false,disagree:4offers,REJECT,not_own_price,include,,,Our monthly services start around $2k/month,https://sproutbox.co/,https://sproutbox.co/,2026-09-02
sproutbox.co,Portland Digital Marketing Agency | 99 5-Star Reviews,(none),US,Monthly,USD,per_month,3000,,published,3000,92.31,published(3000) USD | per_month / 32.5h (default: no hours published) | FX USD 1 USD @2026-09-03 | = 92.31 USD/h,32.5,default,low,false,disagree:4offers,REJECT,not_own_price,include,,,Outsourced marketing starting price Basic $3k+ per mo,https://sproutbox.co/pricing,https://sproutbox.co/,2026-09-02
t2d3.pro,T2D3 OS - your clients hired your judgment. Let the OS handle the rest.,(none),US,Monthly,USD,per_month,999,,published,999,30.74,published(999) USD | per_month / 32.5h (default: no hours published) | FX USD 1 USD @2026-09-03 | = 30.74 USD/h,32.5,default,low,false,disagree:1offers,REJECT,not_own_price,include,,,"$999 /mo · 6 editable workspace s (you + 5 clients) · 35,000 AI credits/mo · +$ 149 /mo per extra client org",https://www.t2d3.pro/pricing,https://t2d3.pro/,2026-09-02
t2d3.pro,T2D3 OS - your clients hired your judgment. Let the OS handle the rest.,(none),US,Monthly,USD,per_month,1999,,published,1999,61.51,published(1999) USD | per_month / 32.5h (default: no hours published) | FX USD 1 USD @2026-09-03 | = 61.51 USD/h,32.5,default,low,false,disagree:1offers,REJECT,not_own_price,include,,,"$1,999 /mo · 26 editable workspace s (you + 25 clients) · 75,000 AI credits/mo · +$ 149 /mo per extra client org · Team & Talent (Level Up) included",https://www.t2d3.pro/pricing,https://t2d3.pro/,2026-09-02
talpaperin.com,Fractional CRO & B2B Sales Leadership | Tal Paperin,(none),US,Monthly,USD,per_month,2000,,published,2000,153.85,published(2000) USD | per_month / 13h (declared: declared:hours_per_week 3) | FX USD 1 USD @2026-09-03 | = 153.85 USD/h,13,declared,low,false,disagree:2offers,REJECT,not_own_price,include,,,"$2,000 /mo",https://talpaperin.com/,https://talpaperin.com/,2026-09-03
talpaperin.com,Fractional CRO & B2B Sales Leadership | Tal Paperin,(none),US,Monthly,USD,per_month,6000,,published,6000,184.62,published(6000) USD | per_month / 32.5h (default_after_rejected_reading: declared hours rejected: intensity per working day. Converting needs a days-per-month assumption the page does not give) | FX USD 1 USD @2026-09-03 | = 184.62 USD/h,32.5,default_after_rejected_reading,low,false,disagree:2offers,REJECT,not_own_price,include,,,"$6,000 /mo",https://talpaperin.com/,https://talpaperin.com/,2026-09-03
talpaperin.com,Fractional CRO & B2B Sales Leadership | Tal Paperin,(none),US,Monthly,USD,per_month,12000,,published,12000,369.23,"published(12000) USD | per_month / 32.5h (default_after_rejected_reading: declared hours rejected: intensity per working day, as offer 1) | FX USD 1 USD @2026-09-03 | = 369.23 USD/h",32.5,default_after_rejected_reading,low,false,disagree:2offers,REJECT,not_own_price,include,,,"$12,000 /mo",https://talpaperin.com/,https://talpaperin.com/,2026-09-03
talpaperin.com,Fractional CRO & B2B Sales Leadership | Tal Paperin,(none),US,Monthly,USD,per_month,22000,,published,22000,676.92,published(22000) USD | per_month / 32.5h (default: no hours published) | FX USD 1 USD @2026-09-03 | = 676.92 USD/h,32.5,default,low,false,disagree:2offers,REJECT,not_own_price,include,,,"$22,000 /mo",https://talpaperin.com/pricing,https://talpaperin.com/,2026-09-03
talpaperin.com,Fractional CRO & B2B Sales Leadership | Tal Paperin,(none),US,Monthly,USD,per_month,4000,,published,4000,123.08,published(4000) USD | per_month / 32.5h (default: no hours published) | FX USD 1 USD @2026-09-03 | = 123.08 USD/h,32.5,default,low,false,disagree:2offers,REJECT,not_own_price,include,,,"$4,000 /mo",https://talpaperin.com/pricing,https://talpaperin.com/,2026-09-03
talpaperin.com,Fractional CRO & B2B Sales Leadership | Tal Paperin,(none),US,Monthly,USD,per_month,8000,,published,8000,246.15,published(8000) USD | per_month / 32.5h (default: no hours published) | FX USD 1 USD @2026-09-03 | = 246.15 USD/h,32.5,default,low,false,disagree:2offers,REJECT,not_own_price,include,,,"$8,000 /mo",https://talpaperin.com/pricing,https://talpaperin.com/,2026-09-03
usfractionalcfo.com,Hire Fractional CFO | Outsourced CFO Consulting Services & Advisors,(none),US,Monthly,USD,per_month,2500,,published,2500,76.92,published(2500) USD | per_month / 32.5h (default: no hours published) | FX USD 1 USD @2026-09-03 | = 76.92 USD/h,32.5,default,low,false,disagree:4offers,REJECT,not_own_price,include,,,"$2,500+ /Month Ongoing Support",https://usfractionalcfo.com/,https://usfractionalcfo.com/,2026-09-02
usfractionalcfo.com,Hire Fractional CFO | Outsourced CFO Consulting Services & Advisors,(none),US,Monthly,USD,per_month,7000,,published,7000,215.38,published(7000) USD | per_month / 32.5h (default: no hours published) | FX USD 1 USD @2026-09-03 | = 215.38 USD/h,32.5,default,low,false,disagree:4offers,REJECT,not_own_price,include,,,"$7,000+ /Month Intensive Support",https://usfractionalcfo.com/,https://usfractionalcfo.com/,2026-09-02
vertamarketing.com,Best Marketing Agency in Toronto - Verta Marketing,(none),US,Monthly,USD,per_month,2500,,published,2500,76.92,published(2500) USD | per_month / 32.5h (default: no hours published) | FX USD 1 USD @2026-09-03 | = 76.92 USD/h,32.5,default,medium,false,agree,REJECT,not_own_price,include,,,starting at just $2500 per month,https://vertamarketing.com/,https://vertamarketing.com/,2026-09-02
flowpartners.io,Flow Partners,CFO,UK,Monthly,GBP,per_month,4000,,published,4000,166.12,published(4000) GBP | per_month / 32.5h (default: no hours published) | FX GBP 1.349718203474522107954215327 USD @2026-09-03 | = 166.12 USD/h,32.5,default,high,true,agree,PASS,,include,,,"Core £4,000 Per month",https://www.flowpartners.io/fractional-cfo/united-arab-emirates,https://www.flowpartners.io/fractional-cfo/united-arab-emirates,2026-09-01
flowpartners.io,Flow Partners,CFO,UK,Monthly,GBP,per_month,8000,,published,8000,332.24,published(8000) GBP | per_month / 32.5h (default: no hours published) | FX GBP 1.349718203474522107954215327 USD @2026-09-03 | = 332.24 USD/h,32.5,default,high,true,agree,PASS,,include,,,"Grow £8,000 Per month",https://www.flowpartners.io/fractional-cfo/united-arab-emirates,https://www.flowpartners.io/fractional-cfo/united-arab-emirates,2026-09-01
flowpartners.io,Flow Partners,CFO,UK,Monthly,GBP,per_month,12000,,published,12000,498.36,published(12000) GBP | per_month / 32.5h (default: no hours published) | FX GBP 1.349718203474522107954215327 USD @2026-09-03 | = 498.36 USD/h,32.5,default,high,true,agree,PASS,,include,,,"Pro £12,000 Per month",https://www.flowpartners.io/fractional-cfo/united-arab-emirates,https://www.flowpartners.io/fractional-cfo/united-arab-emirates,2026-09-01
launchindustries.biz,Launch Industries,CFO,US,Hourly,USD,per_hour,85,,published,85,85.00,published(85) USD | per_hour as captured | FX USD 1 USD @2026-09-03 | = 85.00 USD/h,,,low,false,disagree:2offers,REJECT,not_own_price,include,,,$85 / hr,https://www.launchindustries.biz/Pricing,https://www.launchindustries.biz/Pricing,2026-09-01
launchindustries.biz,Launch Industries,CFO,US,Hourly,USD,per_hour,90,,published,90,90.00,published(90) USD | per_hour as captured | FX USD 1 USD @2026-09-03 | = 90.00 USD/h,,,low,false,disagree:2offers,REJECT,not_own_price,include,,,$90/hr effective rate || $100/hr effective rate,https://www.launchindustries.biz/Pricing,https://www.launchindustries.biz/Pricing,2026-09-01
launchindustries.biz,Launch Industries,CFO,US,Hourly,USD,per_hour,125,,published,125,125.00,published(125) USD | per_hour as captured | FX USD 1 USD @2026-09-03 | = 125.00 USD/h,,,medium,true,single,REJECT,not_own_price,include,,,"1 - 10 hours $125 / hr Up to $1,250",https://www.launchindustries.biz/Pricing,https://www.launchindustries.biz/Pricing,2026-09-01
launchindustries.biz,Launch Industries,CFO,US,Hourly,USD,per_hour,110,,published,110,110.00,published(110) USD | per_hour as captured | FX USD 1 USD @2026-09-03 | = 110.00 USD/h,,,medium,true,single,REJECT,not_own_price,include,,,"10 - 20 hours $110 / hr Up to $2,200",https://www.launchindustries.biz/Pricing,https://www.launchindustries.biz/Pricing,2026-09-01
launchindustries.biz,Launch Industries,CFO,US,Hourly,USD,per_hour,100,,published,100,100.00,published(100) USD | per_hour as captured | FX USD 1 USD @2026-09-03 | = 100.00 USD/h,,,medium,true,single,REJECT,not_own_price,include,,,"20 - 40 hours $100 / hr Up to $4,000",https://www.launchindustries.biz/Pricing,https://www.launchindustries.biz/Pricing,2026-09-01
launchindustries.biz,Launch Industries,CFO,US,Hourly,USD,per_hour,95,,published,95,95.00,published(95) USD | per_hour as captured | FX USD 1 USD @2026-09-03 | = 95.00 USD/h,,,medium,true,single,REJECT,not_own_price,include,,,"40 - 60 hours $95 / hr Up to $5,700",https://www.launchindustries.biz/Pricing,https://www.launchindustries.biz/Pricing,2026-09-01
sackermanconsulting.com,Scott Ackerman Consulting,CFO,US,Hourly,USD,per_hour,200,,published,200,200.00,published(200) USD | per_hour as captured | FX USD 1 USD @2026-09-03 | = 200.00 USD/h,,,medium,true,single,REJECT,not_own_price,include,,,$200.00/hour Contact  Strategy I can be a sounding board to discus,https://sackermanconsulting.com/services/,https://sackermanconsulting.com/women-founders/,2026-08-31
venturegrowthpartners.com,VGP - Venture Growth Partners,CFO,US,Hourly,USD,per_hour,270,330,midpoint,300,300.00,"midpoint(270,330)=300 USD | per_hour as captured | FX USD 1 USD @2026-09-03 | = 300.00 USD/h",,,high,true,agree,PASS,,include,,,Hourly rates usually range from $270 to $330 depending on expertise and scope.,https://venturegrowthpartners.com/,https://venturegrowthpartners.com/,2026-09-01
c-suitesupport.com,C-Suite Support,CFO,US,Monthly,USD,per_month,2500,,published,2500,76.92,published(2500) USD | per_month / 32.5h (default: no hours published) | FX USD 1 USD @2026-09-03 | = 76.92 USD/h,32.5,default,low,false,disagree:3offers,REJECT,not_own_price,include,,,"$2,500/month",https://www.c-suitesupport.com/pricing/,https://www.c-suitesupport.com/,2026-08-31
fbstrategy.net,"Fechter Business Services, LLC",CFO,US,Monthly,USD,per_month,750,6000,midpoint,3375,103.85,"midpoint(750,6000)=3375 USD | per_month / 32.5h (default: no hours published) | FX USD 1 USD @2026-09-03 | = 103.85 USD/h",32.5,default,medium,false,agree,REJECT,not_own_price,include,,,"$750 to $6,000/month",https://fbstrategy.net,https://fbstrategy.net,2026-08-31
jrfconsulting.com,JRF Consulting LLC,CFO,US,Monthly,USD,per_month,1000,,published,1000,30.77,published(1000) USD | per_month / 32.5h (default: no hours published) | FX USD 1 USD @2026-09-03 | = 30.77 USD/h,32.5,default,medium,false,agree,REJECT,not_own_price,include,,,"From $1,000 a month",https://jrfconsulting.com/,https://jrfconsulting.com/,2026-09-01
ledgeronecfo.com,Ledger One CFO,CFO,US,Monthly,USD,per_month,2500,,published,2500,76.92,published(2500) USD | per_month / 32.5h (default: no hours published) | FX USD 1 USD @2026-09-03 | = 76.92 USD/h,32.5,default,low,false,disagree:4offers,REJECT,not_own_price,include,,,"$2,500 per month || $6,000 per month",https://ledgeronecfo.com/pricing/,https://ledgeronecfo.com/pricing/,2026-09-01
medconsultingsolution.com,Med Consulting Solutions,CFO,US,Monthly,USD,per_month,8000,,published,8000,246.15,published(8000) USD | per_month / 32.5h (default: no hours published) | FX USD 1 USD @2026-09-03 | = 246.15 USD/h,32.5,default,medium,false,agree,REJECT,not_own_price,include,,,"$8,000 || Fractional CFO engagements typically run from $8,000 to $25,000 per month depending on the practice size, complexity, and time commitment required.",https://medconsultingsolution.com/,https://medconsultingsolution.com/,2026-09-01
sackermanconsulting.com,Scott Ackerman Consulting,CFO,US,Monthly,USD,per_month,2500,,published,2500,312.50,published(2500) USD | per_month / 8h (declared: declared:hours_per_month 8) | FX USD 1 USD @2026-09-03 | = 312.50 USD/h,8,declared,high,true,agree,PASS,,include,,,"Starting at $ 2,500 / Month",https://sackermanconsulting.com/women-founders/,https://sackermanconsulting.com/women-founders/,2026-08-31
sackermanconsulting.com,Scott Ackerman Consulting,CFO,US,Monthly,USD,per_month,4000,,published,4000,333.33,published(4000) USD | per_month / 12h (declared: declared:hours_per_month 12) | FX USD 1 USD @2026-09-03 | = 333.33 USD/h,12,declared,high,true,agree,PASS,,include,,,"Starting at $ 4,000 / Month",https://sackermanconsulting.com/women-founders/,https://sackermanconsulting.com/women-founders/,2026-08-31
sackermanconsulting.com,Scott Ackerman Consulting,CFO,US,Monthly,USD,per_month,800,,published,800,24.62,published(800) USD | per_month / 32.5h (default: no hours published) | FX USD 1 USD @2026-09-03 | = 24.62 USD/h,32.5,default,medium,true,single,REJECT,not_own_price,include,,,$ 800 / Month Prepare monthly financial budget for the year Quart,https://sackermanconsulting.com/services/,https://sackermanconsulting.com/women-founders/,2026-08-31
sackermanconsulting.com,Scott Ackerman Consulting,CFO,US,Monthly,USD,per_month,1500,,published,1500,46.15,published(1500) USD | per_month / 32.5h (default: no hours published) | FX USD 1 USD @2026-09-03 | = 46.15 USD/h,32.5,default,medium,true,single,REJECT,not_own_price,include,,,"$ 1,500 / Month Prepare monthly financial budget for the year Month",https://sackermanconsulting.com/services/,https://sackermanconsulting.com/women-founders/,2026-08-31
sackermanconsulting.com,Scott Ackerman Consulting,CFO,US,Monthly,USD,per_month,2100,,published,2100,64.62,published(2100) USD | per_month / 32.5h (default: no hours published) | FX USD 1 USD @2026-09-03 | = 64.62 USD/h,32.5,default,medium,true,single,REJECT,not_own_price,include,,,"$ 2,100 / Month Prepare monthly financial budget for the year Month",https://sackermanconsulting.com/services/,https://sackermanconsulting.com/women-founders/,2026-08-31
consultingvision.com,Consulting Vision,CMO,EU,Monthly,EUR,per_month,8000,,published,8000,285.91,published(8000) EUR | per_month / 32.5h (default: no hours published) | FX EUR 1.1615 USD @2026-09-03 | = 285.91 USD/h,32.5,default,low,false,disagree:2offers,REJECT,not_own_price,include,,,"CMO Sparring & Steering starts at €8,000/month (3-month minimum)",https://consultingvision.com/pricing,https://consultingvision.com/pricing,2026-08-31
consultingvision.com,Consulting Vision,CMO,EU,Monthly,EUR,per_month,15000,,published,15000,536.08,published(15000) EUR | per_month / 32.5h (default: no hours published) | FX EUR 1.1615 USD @2026-09-03 | = 536.08 USD/h,32.5,default,low,false,disagree:2offers,REJECT,not_own_price,include,,,"Embedded CMO at €15,000/month (6-month minimum)",https://consultingvision.com/pricing,https://consultingvision.com/pricing,2026-08-31
consultingvision.com,Consulting Vision,CMO,EU,Monthly,EUR,per_month,2250,,published,2250,80.41,published(2250) EUR | per_month / 32.5h (default: no hours published) | FX EUR 1.1615 USD @2026-09-03 | = 80.41 USD/h,32.5,default,medium,true,single,REJECT,not_own_price,include,,,"€2,250 - is credited toward your first monthly rate. The Deep Dive then wasn't an extra cost, but a credited part of your mandate.",https://consultingvision.com/pricing,https://consultingvision.com/pricing,2026-08-31
digitalapplied.com,Digital Applied,CMO,EU,Monthly,EUR,per_month,2000,,published,2000,71.48,published(2000) EUR | per_month / 32.5h (default_after_rejected_reading: declared hours rejected: 'units' is never defined on the page; not hours) | FX EUR 1.1615 USD @2026-09-03 | = 71.48 USD/h,32.5,default_after_rejected_reading,low,false,disagree:1offers,REJECT,not_own_price,include,,,"€2,000 / month",https://www.digitalapplied.com/services,https://www.digitalapplied.com/,2026-08-31
digitalapplied.com,Digital Applied,CMO,EU,Monthly,EUR,per_month,3000,,published,3000,107.22,published(3000) EUR | per_month / 32.5h (default_after_rejected_reading: declared hours rejected: 'units' is never defined on the page; not hours) | FX EUR 1.1615 USD @2026-09-03 | = 107.22 USD/h,32.5,default_after_rejected_reading,low,false,disagree:1offers,REJECT,not_own_price,include,,,"€3,000 / month",https://www.digitalapplied.com/services,https://www.digitalapplied.com/,2026-08-31
digitalapplied.com,Digital Applied,CMO,EU,Monthly,EUR,per_month,4000,,published,4000,142.95,published(4000) EUR | per_month / 32.5h (default_after_rejected_reading: declared hours rejected: 'units' is never defined on the page; not hours) | FX EUR 1.1615 USD @2026-09-03 | = 142.95 USD/h,32.5,default_after_rejected_reading,low,false,disagree:1offers,REJECT,not_own_price,include,,,"€4,000 / month",https://www.digitalapplied.com/services,https://www.digitalapplied.com/,2026-08-31
growthahoy.com,Growth Ahoy,CMO,EU,Monthly,EUR,per_month,2700,,published,2700,96.49,published(2700) EUR | per_month / 32.5h (default: no hours published) | FX EUR 1.1615 USD @2026-09-03 | = 96.49 USD/h,32.5,default,low,false,disagree:4offers,REJECT,not_own_price,include,,,"From €2,700 /month (+VAT)",https://www.growthahoy.com/pricing,https://www.growthahoy.com/pricing,2026-09-01
growthahoy.com,Growth Ahoy,CMO,EU,Monthly,EUR,per_month,1400,,published,1400,50.03,published(1400) EUR | per_month / 32.5h (default: no hours published) | FX EUR 1.1615 USD @2026-09-03 | = 50.03 USD/h,32.5,default,low,false,disagree:4offers,REJECT,not_own_price,include,,,"From €1,400 /month (+VAT)",https://www.growthahoy.com/pricing,https://www.growthahoy.com/pricing,2026-09-01
growthahoy.com,Growth Ahoy,CMO,EU,Monthly,EUR,per_month,2300,,published,2300,82.20,published(2300) EUR | per_month / 32.5h (default: no hours published) | FX EUR 1.1615 USD @2026-09-03 | = 82.20 USD/h,32.5,default,low,false,disagree:4offers,REJECT,not_own_price,include,,,"From €2,300 /month (+VAT)",https://www.growthahoy.com/pricing,https://www.growthahoy.com/pricing,2026-09-01
o-cmo.com,O-CMO,CMO,EU,Monthly,EUR,per_month,3000,,published,3000,107.22,published(3000) EUR | per_month / 32.5h (default: no hours published) | FX EUR 1.1615 USD @2026-09-03 | = 107.22 USD/h,32.5,default,low,false,disagree:3offers,REJECT,not_own_price,include,,,"Essential €3,000 per month",https://o-cmo.com/pricing/,https://o-cmo.com/pricing/,2026-09-01
o-cmo.com,O-CMO,CMO,EU,Monthly,EUR,per_month,4000,,published,4000,142.95,published(4000) EUR | per_month / 32.5h (default: no hours published) | FX EUR 1.1615 USD @2026-09-03 | = 142.95 USD/h,32.5,default,low,false,disagree:3offers,REJECT,not_own_price,include,,,"Professional €4,000 per month",https://o-cmo.com/pricing/,https://o-cmo.com/pricing/,2026-09-01
o-cmo.com,O-CMO,CMO,EU,Monthly,EUR,per_month,5000,,published,5000,178.69,published(5000) EUR | per_month / 32.5h (default: no hours published) | FX EUR 1.1615 USD @2026-09-03 | = 178.69 USD/h,32.5,default,low,false,disagree:3offers,REJECT,not_own_price,include,,,"Executive €5,000 per month",https://o-cmo.com/pricing/,https://o-cmo.com/pricing/,2026-09-01
o-cmo.com,O-CMO,CMO,EU,Monthly,EUR,per_month,7000,,published,7000,250.17,published(7000) EUR | per_month / 32.5h (default: no hours published) | FX EUR 1.1615 USD @2026-09-03 | = 250.17 USD/h,32.5,default,low,false,disagree:3offers,REJECT,not_own_price,include,,,"Enterprise €7,000+ per month",https://o-cmo.com/pricing/,https://o-cmo.com/pricing/,2026-09-01
mccrackenmarketing.co.uk,McCracken Marketing,CMO,UK,Day,GBP,per_day,500,,published,500,84.36,published(500) GBP | per_day / 8h (declared 8-hour day) | FX GBP 1.349718203474522107954215327 USD @2026-09-03 | = 84.36 USD/h,,,low,false,disagree:1offers,REJECT,not_own_price,include,GB,cctld,Project and day rate work also available from £500 per day,https://mccrackenmarketing.co.uk/,https://mccrackenmarketing.co.uk/,2026-09-01
mccrackenmarketing.co.uk,McCracken Marketing,CMO,UK,Monthly,GBP,per_month,1500,,published,1500,62.29,published(1500) GBP | per_month / 32.5h (default: no hours published) | FX GBP 1.349718203474522107954215327 USD @2026-09-03 | = 62.29 USD/h,32.5,default,low,false,disagree:1offers,REJECT,not_own_price,include,GB,cctld,"from £1,500 per month for strategic advisory input || to £3,000 - £6,000 per month for embedded fractional leadership",https://mccrackenmarketing.co.uk/,https://mccrackenmarketing.co.uk/,2026-09-01
shanjay.com,Shanjay,CMO,UK,Monthly,GBP,per_month,1000,,published,1000,41.53,published(1000) GBP | per_month / 32.5h (default: no hours published) | FX GBP 1.349718203474522107954215327 USD @2026-09-03 | = 41.53 USD/h,32.5,default,high,true,agree,PASS,,include,,,Retainers start at £1k per month || to a maximum of £15k a month on the upper end,https://www.shanjay.com/rates,https://www.shanjay.com/rates,2026-09-01
shanjay.com,Shanjay,CMO,UK,Monthly,GBP,per_month,,15000,published,15000,622.95,published(15000) GBP | per_month / 32.5h (default: no hours published) | FX GBP 1.349718203474522107954215327 USD @2026-09-03 | = 622.95 USD/h,32.5,default,medium,true,single,REJECT,not_own_price,include,,,Usually to a maximum of £15k a month on the upper end,https://www.shanjay.com/rates,https://www.shanjay.com/rates,2026-09-01
flexexec.io,FlexExec,CMO,US,Hourly,USD,per_hour,275,500,midpoint,387.5,387.50,"midpoint(275,500)=387.5 USD | per_hour as captured | FX USD 1 USD @2026-09-03 | = 387.50 USD/h",,,high,true,agree,PASS,,include,,,$275 - $500/hr,https://flexexec.io/fractional-cmo/,https://flexexec.io/fractional-cmo/,2026-09-01
haloeffectmarketing.com,Halo Effect Marketing,CMO,US,Hourly,USD,per_hour,200,,published,200,200.00,published(200) USD | per_hour as captured | FX USD 1 USD @2026-09-03 | = 200.00 USD/h,,,low,false,disagree:6offers,REJECT,not_own_price,include,,,$200/hr,https://www.haloeffectmarketing.com/pricing,https://www.haloeffectmarketing.com/pricing,2026-09-01
whtnxt.io,Whtnxt,CMO,US,Hourly,USD,per_hour,275,,published,275,275.00,published(275) USD | per_hour as captured | FX USD 1 USD @2026-09-03 | = 275.00 USD/h,,,medium,true,single,REJECT,not_own_price,include,,,$275 /hour On-demand expertise for specific challenges. Perfect for teams who need guidance without a long-term commitment. Book hours as needed Strategy and troubleshooting Campaign reviews Team training sessions,https://whtnxt.io/pricing,https://whtnxt.io/pricing/,2026-09-01
yanivgoldenberg.com,Yaniv Goldenberg,CMO,US,Hourly,USD,per_hour,300,300,published,300,300.00,published(300) USD | per_hour as captured | FX USD 1 USD @2026-09-03 | = 300.00 USD/h,,,high,true,agree,PASS,,include,,,Hourly work is available at $300/hr for scoped one-off sessions.,https://yanivgoldenberg.com/pricing/,https://yanivgoldenberg.com/fractional-cmo-cost/,2026-09-01
aaronzakowski.com,Aaron Zakowski,CMO,US,Monthly,USD,per_month,2500,,published,2500,76.92,published(2500) USD | per_month / 32.5h (default: no hours published) | FX USD 1 USD @2026-09-03 | = 76.92 USD/h,32.5,default,medium,true,single,REJECT,not_own_price,include,,,$2500/month Weekly Strategy Calls Unlimited Slack or Email correspondence (within reason),https://aaronzakowski.com/pricing/,https://aaronzakowski.com/pricing/,2026-08-31
aaronzakowski.com,Aaron Zakowski,CMO,US,Monthly,USD,per_month,7000,,published,7000,280.00,published(7000) USD | per_month / 25h (declared: declared:hours_per_month 25) | FX USD 1 USD @2026-09-03 | = 280.00 USD/h,25,declared,medium,true,single,REJECT,not_own_price,include,,,$7000/month About 25 hours per month inside your business to accomplish the following,https://aaronzakowski.com/pricing/,https://aaronzakowski.com/pricing/,2026-08-31
accretive.marketing,Accretive Marketing,CMO,US,Monthly,USD,per_month,5000,,published,5000,153.85,published(5000) USD | per_month / 32.5h (default: no hours published) | FX USD 1 USD @2026-09-03 | = 153.85 USD/h,32.5,default,high,true,agree,PASS,,include,,,"$5,000+ / month",https://accretive.marketing/,https://accretive.marketing/,2026-08-31
accretive.marketing,Accretive Marketing,CMO,US,Monthly,USD,per_month,500,,published,500,15.38,published(500) USD | per_month / 32.5h (default: no hours published) | FX USD 1 USD @2026-09-03 | = 15.38 USD/h,32.5,default,high,true,agree,PASS,,include,,,$500 / month,https://accretive.marketing/,https://accretive.marketing/,2026-08-31
bubblegummarketing.com,Bubblegum Marketing,CMO,US,Monthly,USD,per_month,5500,,published,5500,169.23,published(5500) USD | per_month / 32.5h (default: no hours published) | FX USD 1 USD @2026-09-03 | = 169.23 USD/h,32.5,default,low,false,disagree:3offers,REJECT,not_own_price,include,,,"$5,500 /mo billed monthly",https://bubblegummarketing.com/pricing/,https://bubblegummarketing.com/,2026-08-31
bubblegummarketing.com,Bubblegum Marketing,CMO,US,Monthly,USD,per_month,8500,,published,8500,261.54,published(8500) USD | per_month / 32.5h (default: no hours published) | FX USD 1 USD @2026-09-03 | = 261.54 USD/h,32.5,default,low,false,disagree:3offers,REJECT,not_own_price,include,,,"$8,500 /mo billed monthly",https://bubblegummarketing.com/pricing/,https://bubblegummarketing.com/,2026-08-31
bubblegummarketing.com,Bubblegum Marketing,CMO,US,Monthly,USD,per_month,14500,,published,14500,446.15,published(14500) USD | per_month / 32.5h (default: no hours published) | FX USD 1 USD @2026-09-03 | = 446.15 USD/h,32.5,default,low,false,disagree:3offers,REJECT,not_own_price,include,,,"$14,500 /mo billed monthly",https://bubblegummarketing.com/pricing/,https://bubblegummarketing.com/,2026-08-31
bubblegummarketing.com,Bubblegum Marketing,CMO,US,Monthly,USD,per_month,725,,published,725,22.31,published(725) USD | per_month / 32.5h (default: no hours published) | FX USD 1 USD @2026-09-03 | = 22.31 USD/h,32.5,default,low,false,disagree:3offers,REJECT,not_own_price,include,,,ASK ME ABOUT $725/MO fractional cmo boardroom,https://bubblegummarketing.com/pricing/,https://bubblegummarketing.com/,2026-08-31
contineofy.com,Contineofy,CMO,US,Monthly,USD,per_month,3500,,published,3500,175.00,published(3500) USD | per_month / 20h (declared: declared:hours_per_month 20) | FX USD 1 USD @2026-09-03 | = 175.00 USD/h,20,declared,high,true,agree,PASS,,include,,,"$3,500/mo",https://contineofy.com/pricing,https://contineofy.com/pricing,2026-08-31
contineofy.com,Contineofy,CMO,US,Monthly,USD,per_month,6000,,published,6000,150.00,published(6000) USD | per_month / 40h (declared: declared:hours_per_month 40) | FX USD 1 USD @2026-09-03 | = 150.00 USD/h,40,declared,high,true,agree,PASS,,include,,,"$6,000/mo",https://contineofy.com/pricing,https://contineofy.com/pricing,2026-08-31
contineofy.com,Contineofy,CMO,US,Monthly,USD,per_month,10800,,published,10800,135.00,published(10800) USD | per_month / 80h (declared: declared:hours_per_month 80) | FX USD 1 USD @2026-09-03 | = 135.00 USD/h,80,declared,high,true,agree,PASS,,include,,,"$10,800/mo",https://contineofy.com/pricing,https://contineofy.com/pricing,2026-08-31
contineofy.com,Contineofy,CMO,US,Monthly,USD,per_month,15000,,published,15000,125.00,published(15000) USD | per_month / 120h (declared: declared:hours_per_month 120) | FX USD 1 USD @2026-09-03 | = 125.00 USD/h,120,declared,high,true,agree,PASS,,include,,,"$15,000/mo",https://contineofy.com/pricing,https://contineofy.com/pricing,2026-08-31
contineofy.com,Contineofy,CMO,US,Monthly,USD,per_month,12000,,published,12000,369.23,published(12000) USD | per_month / 32.5h (default: no hours published) | FX USD 1 USD @2026-09-03 | = 369.23 USD/h,32.5,default,high,true,agree,PASS,,include,,,"Starting At $12,000/mo",https://contineofy.com/pricing,https://contineofy.com/pricing,2026-08-31
dnaleads.com,DNA Leads,CMO,US,Monthly,USD,per_month,3500,,published,3500,107.69,published(3500) USD | per_month / 32.5h (default: no hours published) | FX USD 1 USD @2026-09-03 | = 107.69 USD/h,32.5,default,high,true,agree,PASS,,include,,,"$3,500* per month*",https://dnaleads.com/pricing-plans/,https://dnaleads.com/pricing-plans/,2026-08-31
dnaleads.com,DNA Leads,CMO,US,Monthly,USD,per_month,5500,,published,5500,169.23,published(5500) USD | per_month / 32.5h (default: no hours published) | FX USD 1 USD @2026-09-03 | = 169.23 USD/h,32.5,default,high,true,agree,PASS,,include,,,"$5,500* per month*",https://dnaleads.com/pricing-plans/,https://dnaleads.com/pricing-plans/,2026-08-31
dnaleads.com,DNA Leads,CMO,US,Monthly,USD,per_month,8500,,published,8500,261.54,published(8500) USD | per_month / 32.5h (default: no hours published) | FX USD 1 USD @2026-09-03 | = 261.54 USD/h,32.5,default,high,true,agree,PASS,,include,,,"$8,500* per month*",https://dnaleads.com/pricing-plans/,https://dnaleads.com/pricing-plans/,2026-08-31
erikalpurcell.com,Erika L Purcell,CMO,US,Monthly,USD,per_month,10000,,published,10000,230.77,published(10000) USD | per_month / 43.33h (declared: declared:hours_per_week 10) | FX USD 1 USD @2026-09-03 | = 230.77 USD/h,43.33,declared,high,true,agree,PASS,,include,,,"Starting at $10,000/month",https://www.erikalpurcell.com/pricing,https://www.erikalpurcell.com/pricing,2026-08-31
erikalpurcell.com,Erika L Purcell,CMO,US,Monthly,USD,per_month,3000,,published,3000,92.31,published(3000) USD | per_month / 32.5h (default: no hours published) | FX USD 1 USD @2026-09-03 | = 92.31 USD/h,32.5,default,high,true,agree,PASS,,include,,,"Starting at $3,000/month",https://www.erikalpurcell.com/pricing,https://www.erikalpurcell.com/pricing,2026-08-31
fractionalcmopartners.com,Fractional CMO Partners,CMO,US,Monthly,USD,per_month,2500,,published,2500,312.50,published(2500) USD | per_month / 8h (declared: declared:hours_per_month 8) | FX USD 1 USD @2026-09-03 | = 312.50 USD/h,8,declared,low,false,disagree:1offers,REJECT,not_own_price,include,,,$2.5k /month,https://www.fractionalcmopartners.com/,https://www.fractionalcmopartners.com/,2026-09-01
geisheker.com,The Geisheker Group,CMO,US,Monthly,USD,per_month,1000,,published,1000,30.77,published(1000) USD | per_month / 32.5h (default: no hours published) | FX USD 1 USD @2026-09-03 | = 30.77 USD/h,32.5,default,high,true,agree,PASS,,include,,,"Starting at $1,000/month",https://www.geisheker.com/fractional-cmo-pricing/,https://www.geisheker.com/fractional-cmo-pricing/,2026-09-01
geisheker.com,The Geisheker Group,CMO,US,Monthly,USD,per_month,10000,,published,10000,307.69,published(10000) USD | per_month / 32.5h (default: no hours published) | FX USD 1 USD @2026-09-03 | = 307.69 USD/h,32.5,default,high,true,agree,PASS,,include,,,"Starting at $10,000/month",https://www.geisheker.com/fractional-cmo-pricing/,https://www.geisheker.com/fractional-cmo-pricing/,2026-09-01
graystoneconsulting.co,Graystone Consulting,CMO,US,Monthly,USD,per_month,10000,,published,10000,307.69,published(10000) USD | per_month / 32.5h (default: no hours published) | FX USD 1 USD @2026-09-03 | = 307.69 USD/h,32.5,default,high,true,agree,PASS,,include,,,"$10,000/mo || $20,000/mo",https://graystoneconsulting.co/services,https://graystoneconsulting.co/,2026-09-01
graystoneconsulting.co,Graystone Consulting,CMO,US,Monthly,USD,per_month,3000,8000,midpoint,5500,169.23,"midpoint(3000,8000)=5500 USD | per_month / 32.5h (default: no hours published) | FX USD 1 USD @2026-09-03 | = 169.23 USD/h",32.5,default,high,true,agree,PASS,,include,,,$3K / $6K / $8K monthly,https://graystoneconsulting.co/services,https://graystoneconsulting.co/,2026-09-01
graystoneconsulting.co,Graystone Consulting,CMO,US,Monthly,USD,per_month,3500,8000,midpoint,5750,176.92,"midpoint(3500,8000)=5750 USD | per_month / 32.5h (default: no hours published) | FX USD 1 USD @2026-09-03 | = 176.92 USD/h",32.5,default,high,true,agree,PASS,,include,,,"$3,500 / $5,500 / $8,000 monthly",https://graystoneconsulting.co/services,https://graystoneconsulting.co/,2026-09-01
growthpathconsulting.io,Growth Path,CMO,US,Monthly,USD,per_month,6000,,published,6000,184.62,published(6000) USD | per_month / 32.5h (default: no hours published) | FX USD 1 USD @2026-09-03 | = 184.62 USD/h,32.5,default,medium,false,agree,REJECT,not_own_price,include,,,"$6,000 per month",https://www.growthpathconsulting.io/pricing,https://www.growthpathconsulting.io/,2026-09-01
growthpathconsulting.io,Growth Path,CMO,US,Monthly,USD,per_month,15000,,published,15000,461.54,published(15000) USD | per_month / 32.5h (default: no hours published) | FX USD 1 USD @2026-09-03 | = 461.54 USD/h,32.5,default,medium,false,agree,REJECT,not_own_price,include,,,"$15,000 per month",https://www.growthpathconsulting.io/pricing,https://www.growthpathconsulting.io/,2026-09-01
internalprofits.com,Internal Profits,CMO,US,Monthly,USD,per_month,12000,,published,12000,369.23,published(12000) USD | per_month / 32.5h (default: no hours published) | FX USD 1 USD @2026-09-03 | = 369.23 USD/h,32.5,default,medium,false,agree,REJECT,not_own_price,include,,,"$12,000 +/mo + Custom setup fee",https://internalprofits.com/,https://internalprofits.com/,2026-09-01
madelynvictoriaco.com,Madelyn Victoria Co,CMO,US,Monthly,USD,per_month,3000,,published,3000,92.31,published(3000) USD | per_month / 32.5h (default: no hours published) | FX USD 1 USD @2026-09-03 | = 92.31 USD/h,32.5,default,high,true,agree,PASS,,include,,,"$3,000/month",https://madelynvictoriaco.com/fractional-cmo,https://madelynvictoriaco.com/fractional-cmo,2026-09-01
madelynvictoriaco.com,Madelyn Victoria Co,CMO,US,Monthly,USD,per_month,4500,,published,4500,138.46,published(4500) USD | per_month / 32.5h (default: no hours published) | FX USD 1 USD @2026-09-03 | = 138.46 USD/h,32.5,default,high,true,agree,PASS,,include,,,"$4,500/month",https://madelynvictoriaco.com/fractional-cmo,https://madelynvictoriaco.com/fractional-cmo,2026-09-01
markcmo.com,MarkCMO,CMO,US,Monthly,USD,per_month,8000,,published,8000,246.15,published(8000) USD | per_month / 32.5h (default: no hours published) | FX USD 1 USD @2026-09-03 | = 246.15 USD/h,32.5,default,low,false,disagree:4offers,REJECT,not_own_price,include,,,"$8K || $8,000 to $20,000 per month",https://markcmo.com/,https://markcmo.com/,2026-09-01
mayple.com,Mayple,CMO,US,Monthly,USD,per_month,5350,,published,5350,164.62,published(5350) USD | per_month / 32.5h (default: no hours published) | FX USD 1 USD @2026-09-03 | = 164.62 USD/h,32.5,default,low,false,disagree:8offers,REJECT,not_own_price,include,,,"$5,350/mo",https://www.mayple.com/pricing/cmo-as-a-service,https://www.mayple.com/pricing/cmo-as-a-service,2026-09-01
mayple.com,Mayple,CMO,US,Monthly,USD,per_month,2850,,published,2850,87.69,published(2850) USD | per_month / 32.5h (default: no hours published) | FX USD 1 USD @2026-09-03 | = 87.69 USD/h,32.5,default,low,false,disagree:8offers,REJECT,not_own_price,include,,,"$2,850/mo",https://www.mayple.com/pricing/cmo-as-a-service,https://www.mayple.com/pricing/cmo-as-a-service,2026-09-01
misnomer.co,Misnomer,CMO,US,Monthly,USD,per_month,10000,,published,10000,184.62,published(10000) USD | per_month / 54.17h (declared: declared:hours_per_week 10-15 midpoint 12.5) | FX USD 1 USD @2026-09-03 | = 184.62 USD/h,54.17,declared,high,true,agree,PASS,,include,,,"From $10,000 / month",https://misnomer.co/pricing/,https://misnomer.co/pricing/,2026-09-01
misnomer.co,Misnomer,CMO,US,Monthly,USD,per_month,16000,,published,16000,180.11,published(16000) USD | per_month / 88.83h (declared: declared:hours_per_week 16-25 midpoint 20.5) | FX USD 1 USD @2026-09-03 | = 180.11 USD/h,88.83,declared,high,true,agree,PASS,,include,,,"From $16,000 / month",https://misnomer.co/pricing/,https://misnomer.co/pricing/,2026-09-01
misnomer.co,Misnomer,CMO,US,Monthly,USD,per_month,26000,,published,26000,240.00,published(26000) USD | per_month / 108.33h (declared: declared:hours_per_week 25+ (read at floor)) | FX USD 1 USD @2026-09-03 | = 240.00 USD/h,108.33,declared,high,true,agree,PASS,,include,,,"From $26,000 / month",https://misnomer.co/pricing/,https://misnomer.co/pricing/,2026-09-01
misnomer.co,Misnomer,CMO,US,Monthly,USD,per_month,6000,,published,6000,184.62,published(6000) USD | per_month / 32.5h (default: no hours published) | FX USD 1 USD @2026-09-03 | = 184.62 USD/h,32.5,default,high,true,agree,PASS,,include,,,"From $6,000 / month, by tier",https://misnomer.co/services/,https://misnomer.co/pricing/,2026-09-01
nogood.io,NoGood,CMO,US,Monthly,USD,per_month,20000,,published,20000,615.38,published(20000) USD | per_month / 32.5h (default: no hours published) | FX USD 1 USD @2026-09-03 | = 615.38 USD/h,32.5,default,high,true,agree,PASS,,include,,,"Our average retainer is above $20,000/month",https://nogood.io/,https://nogood.io/,2026-09-01
orr-consulting.com,Orr Consulting,CMO,US,Monthly,USD,per_month,15000,,published,15000,461.54,published(15000) USD | per_month / 32.5h (default: no hours published) | FX USD 1 USD @2026-09-03 | = 461.54 USD/h,32.5,default,high,true,agree,PASS,,include,,,"Starting at $15,000/month",https://www.orr-consulting.com/,https://www.orr-consulting.com/,2026-09-01
rankedcmo.com,RankedCMO,CMO,US,Monthly,USD,per_month,5000,15000,midpoint,10000,153.85,"midpoint(5000,15000)=10000 USD | per_month / 65h (declared: declared:hours_per_week 10-20 midpoint 15) | FX USD 1 USD @2026-09-03 | = 153.85 USD/h",65,declared,high,true,agree,PASS,,include,,,"$5,000-$15,000 per month",https://rankedcmo.com/,https://rankedcmo.com/,2026-09-01
refinelabs.com,Refine Labs,CMO,US,Monthly,USD,per_month,14000,,published,14000,430.77,published(14000) USD | per_month / 32.5h (default: no hours published) | FX USD 1 USD @2026-09-03 | = 430.77 USD/h,32.5,default,low,false,disagree:6offers,REJECT,not_own_price,include,,,"Starting at $14,000 /mo",https://www.refinelabs.com/pricing,https://www.refinelabs.com/,2026-09-01
refinelabs.com,Refine Labs,CMO,US,Monthly,USD,per_month,5000,,published,5000,153.85,published(5000) USD | per_month / 32.5h (default: no hours published) | FX USD 1 USD @2026-09-03 | = 153.85 USD/h,32.5,default,low,false,disagree:6offers,REJECT,not_own_price,include,,,"Starting at $5,000 /mo",https://www.refinelabs.com/pricing,https://www.refinelabs.com/,2026-09-01
revealcmo.com,Reveal Consulting,CMO,US,Monthly,USD,per_month,7500,12000,midpoint,9750,300.00,"midpoint(7500,12000)=9750 USD | per_month / 32.5h (default: no hours published) | FX USD 1 USD @2026-09-03 | = 300.00 USD/h",32.5,default,high,true,agree,PASS,,include,,,"$7,500â$12,000/mo",https://revealcmo.com/,https://revealcmo.com/,2026-09-01
shashankshalabh.com,Shashank Shalabh,CMO,US,Monthly,USD,per_month,10000,,published,10000,555.56,published(10000) USD | per_month / 18h (declared: declared:hours_per_month 16-20 midpoint 18) | FX USD 1 USD @2026-09-03 | = 555.56 USD/h,18,declared,high,true,agree,PASS,,include,,,"$10K || Fractional CMO engagements typically range from $10,000-$15,000 per month",https://shashankshalabh.com/,https://shashankshalabh.com/,2026-09-01
simonfractional.com,Simon Fractional,CMO,US,Monthly,USD,per_month,5000,,published,5000,153.85,published(5000) USD | per_month / 32.5h (default: no hours published) | FX USD 1 USD @2026-09-03 | = 153.85 USD/h,32.5,default,high,true,agree,PASS,,include,,,"$5,000/ month",https://simonfractional.com/pricing/,https://simonfractional.com/pricing/,2026-09-02
simonfractional.com,Simon Fractional,CMO,US,Monthly,USD,per_month,7500,,published,7500,230.77,published(7500) USD | per_month / 32.5h (default: no hours published) | FX USD 1 USD @2026-09-03 | = 230.77 USD/h,32.5,default,high,true,agree,PASS,,include,,,"$7,500/ month",https://simonfractional.com/pricing/,https://simonfractional.com/pricing/,2026-09-02
stranded.me,Stranded,CMO,US,Monthly,USD,per_month,2500,,published,2500,76.92,published(2500) USD | per_month / 32.5h (default: no hours published) | FX USD 1 USD @2026-09-03 | = 76.92 USD/h,32.5,default,low,false,disagree:15offers,REJECT,not_own_price,include,,,"$2,500 /mo",https://www.stranded.me/pricing,https://www.stranded.me/,2026-09-01
stranded.me,Stranded,CMO,US,Monthly,USD,per_month,3500,,published,3500,107.69,published(3500) USD | per_month / 32.5h (default: no hours published) | FX USD 1 USD @2026-09-03 | = 107.69 USD/h,32.5,default,low,false,disagree:15offers,REJECT,not_own_price,include,,,"$3,500 /mo",https://www.stranded.me/pricing,https://www.stranded.me/,2026-09-01
stranded.me,Stranded,CMO,US,Monthly,USD,per_month,695,,published,695,21.38,published(695) USD | per_month / 32.5h (default: no hours published) | FX USD 1 USD @2026-09-03 | = 21.38 USD/h,32.5,default,low,false,disagree:15offers,REJECT,not_own_price,include,,,$695 /mo,https://www.stranded.me/pricing,https://www.stranded.me/,2026-09-01
stranded.me,Stranded,CMO,US,Monthly,USD,per_month,1250,,published,1250,38.46,published(1250) USD | per_month / 32.5h (default: no hours published) | FX USD 1 USD @2026-09-03 | = 38.46 USD/h,32.5,default,low,false,disagree:15offers,REJECT,not_own_price,include,,,"$1,250 /mo",https://www.stranded.me/pricing,https://www.stranded.me/,2026-09-01
stranded.me,Stranded,CMO,US,Monthly,USD,per_month,1750,,published,1750,53.85,published(1750) USD | per_month / 32.5h (default: no hours published) | FX USD 1 USD @2026-09-03 | = 53.85 USD/h,32.5,default,low,false,disagree:15offers,REJECT,not_own_price,include,,,"$1,750 /mo",https://www.stranded.me/pricing,https://www.stranded.me/,2026-09-01
stranded.me,Stranded,CMO,US,Monthly,USD,per_month,2300,,published,2300,70.77,published(2300) USD | per_month / 32.5h (default: no hours published) | FX USD 1 USD @2026-09-03 | = 70.77 USD/h,32.5,default,low,false,disagree:15offers,REJECT,not_own_price,include,,,"$2,300 /mo",https://www.stranded.me/pricing,https://www.stranded.me/,2026-09-01
stranded.me,Stranded,CMO,US,Monthly,USD,per_month,4600,,published,4600,141.54,published(4600) USD | per_month / 32.5h (default: no hours published) | FX USD 1 USD @2026-09-03 | = 141.54 USD/h,32.5,default,low,false,disagree:15offers,REJECT,not_own_price,include,,,"$4,600 /mo",https://www.stranded.me/pricing,https://www.stranded.me/,2026-09-01
whtnxt.io,Whtnxt,CMO,US,Monthly,USD,per_month,1500,2750,midpoint,2125,65.38,"midpoint(1500,2750)=2125 USD | per_month / 32.5h (default: no hours published) | FX USD 1 USD @2026-09-03 | = 65.38 USD/h",32.5,default,low,false,disagree:10offers,REJECT,not_own_price,include,,,"$1,500 -2,750/mo",https://whtnxt.io/pricing/,https://whtnxt.io/pricing/,2026-09-01
whtnxt.io,Whtnxt,CMO,US,Monthly,USD,per_month,6500,6500,published,6500,200.00,published(6500) USD | per_month / 32.5h (default: no hours published) | FX USD 1 USD @2026-09-03 | = 200.00 USD/h,32.5,default,low,false,disagree:10offers,REJECT,not_own_price,include,,,"$6,500 /month",https://whtnxt.io/pricing/,https://whtnxt.io/pricing/,2026-09-01
whtnxt.io,Whtnxt,CMO,US,Monthly,USD,per_month,5500,6500,midpoint,6000,184.62,"midpoint(5500,6500)=6000 USD | per_month / 32.5h (default: no hours published) | FX USD 1 USD @2026-09-03 | = 184.62 USD/h",32.5,default,low,false,disagree:10offers,REJECT,not_own_price,include,,,"$5,500 -6,500/mo",https://whtnxt.io/pricing/,https://whtnxt.io/pricing/,2026-09-01
whtnxt.io,Whtnxt,CMO,US,Monthly,USD,per_month,3500,3500,published,3500,107.69,published(3500) USD | per_month / 32.5h (default: no hours published) | FX USD 1 USD @2026-09-03 | = 107.69 USD/h,32.5,default,low,false,disagree:10offers,REJECT,not_own_price,include,,,"$3,500 /month",https://whtnxt.io/pricing/,https://whtnxt.io/pricing/,2026-09-01
wildfigcmo.com,Wild Fig CMO,CMO,US,Monthly,USD,per_month,10000,,published,10000,307.69,published(10000) USD | per_month / 32.5h (default: no hours published) | FX USD 1 USD @2026-09-03 | = 307.69 USD/h,32.5,default,high,true,agree,PASS,,include,,,"Investment: Starting at $10,000/month",https://www.wildfigcmo.com/services,https://www.wildfigcmo.com/,2026-09-01
yanivgoldenberg.com,Yaniv Goldenberg,CMO,US,Monthly,USD,per_month,12000,,published,12000,369.23,published(12000) USD | per_month / 32.5h (default: no hours published) | FX USD 1 USD @2026-09-03 | = 369.23 USD/h,32.5,default,high,true,agree,PASS,,include,,,"AI Premium $12,000 per month",https://yanivgoldenberg.com/pricing/,https://yanivgoldenberg.com/fractional-cmo-cost/,2026-09-01
yanivgoldenberg.com,Yaniv Goldenberg,CMO,US,Monthly,USD,per_month,20000,20000,published,20000,615.38,published(20000) USD | per_month / 32.5h (default: no hours published) | FX USD 1 USD @2026-09-03 | = 615.38 USD/h,32.5,default,medium,true,single,REJECT,not_own_price,include,,,Good fit ✓ B2B SaaS post-PMF spending $20K+ per month on paid with no clean attribution,https://yanivgoldenberg.com/pricing/,https://yanivgoldenberg.com/fractional-cmo-cost/,2026-09-01
coofractional.com,COO Fractional (Niklas Lindahl),COO,EU,Day,EUR,per_day,1800,,published,1800,261.34,published(1800) EUR | per_day / 8h (declared 8-hour day) | FX EUR 1.1615 USD @2026-09-03 | = 261.34 USD/h,,,low,false,disagree:2offers,REJECT,not_own_price,include,,,"€1,800 / day",https://coofractional.com/cost,https://coofractional.com/cost,2026-08-31
theedwardspractice.com,The Edwards Practice,COO,UK,Monthly,GBP,per_month,4000,,published,4000,166.12,published(4000) GBP | per_month / 32.5h (default: no hours published) | FX GBP 1.349718203474522107954215327 USD @2026-09-03 | = 166.12 USD/h,32.5,default,high,true,agree,PASS,,include,,,"From £4,000/month || Most engagements settle at £4,000-£8,000/month",https://www.theedwardspractice.com/services/fractional-coo,https://www.theedwardspractice.com/resources/fractional-coo-cost-uk,2026-09-01
theedwardspractice.com,The Edwards Practice,COO,UK,Monthly,GBP,per_month,1500,,published,1500,62.29,published(1500) GBP | per_month / 32.5h (default: no hours published) | FX GBP 1.349718203474522107954215327 USD @2026-09-03 | = 62.29 USD/h,32.5,default,high,true,agree,PASS,,include,,,"From £1,500/month || Most settle at £1,500-£2,500/month",https://www.theedwardspractice.com/services/strategic-adviser,https://www.theedwardspractice.com/resources/fractional-coo-cost-uk,2026-09-01
cjoyconsulting.com,"CJoy Consulting, LLC",COO,US,Hourly,USD,per_hour,150,,published,150,150.00,published(150) USD | per_hour as captured | FX USD 1 USD @2026-09-03 | = 150.00 USD/h,,,medium,false,agree,REJECT,not_own_price,include,,,$150/hour,https://cjoyconsulting.com/services,https://cjoyconsulting.com/,2026-08-31
mapadvisors.biz,MAP Advisors,COO,US,Hourly,USD,per_hour,499,,published,499,499.00,published(499) USD | per_hour as captured | FX USD 1 USD @2026-09-03 | = 499.00 USD/h,,,medium,false,agree,REJECT,not_own_price,include,,,1 hr 499 US dollars,https://www.mapadvisors.biz/services,https://mapadvisors.biz/outsourcedcoo,2026-09-01
oakceo.com,Oak CEO,COO,US,Hourly,USD,per_hour,200,500,midpoint,350,350.00,"midpoint(200,500)=350 USD | per_hour as captured | FX USD 1 USD @2026-09-03 | = 350.00 USD/h",,,high,true,agree,PASS,,include,,,Most fractional CEOs charge hourly rates in the range of $200 to $500 per hour,https://oakceo.com/,https://oakceo.com/,2026-09-01
theboutiquecoo.com,The Boutique COO,COO,US,Hourly,USD,per_hour,100,,published,100,100.00,published(100) USD | per_hour as captured | FX USD 1 USD @2026-09-03 | = 100.00 USD/h,,,high,true,agree,PASS,,include,,,$100/hour,https://www.theboutiquecoo.com/fractional-coo,https://www.theboutiquecoo.com/fractional-coo,2026-09-01
theboutiquecoo.com,The Boutique COO,COO,US,Hourly,USD,per_hour,250,,published,250,250.00,published(250) USD | per_hour as captured | FX USD 1 USD @2026-09-03 | = 250.00 USD/h,,,high,true,agree,PASS,,include,,,$250/hour,https://www.theboutiquecoo.com/services,https://www.theboutiquecoo.com/fractional-coo,2026-09-01
theboutiquecoo.com,The Boutique COO,COO,US,Hourly,USD,per_hour,150,,published,150,150.00,published(150) USD | per_hour as captured | FX USD 1 USD @2026-09-03 | = 150.00 USD/h,,,high,true,agree,PASS,,include,,,$150/hour,https://www.theboutiquecoo.com/services,https://www.theboutiquecoo.com/fractional-coo,2026-09-01
theboutiquecoo.com,The Boutique COO,COO,US,Hourly,USD,per_hour,35,,published,35,35.00,published(35) USD | per_hour as captured | FX USD 1 USD @2026-09-03 | = 35.00 USD/h,,,high,true,agree,PASS,,include,,,$35/hour,https://www.theboutiquecoo.com/services,https://www.theboutiquecoo.com/fractional-coo,2026-09-01
theboutiquecoo.com,The Boutique COO,COO,US,Hourly,USD,per_hour,50,,published,50,50.00,published(50) USD | per_hour as captured | FX USD 1 USD @2026-09-03 | = 50.00 USD/h,,,high,true,agree,PASS,,include,,,$50/hour,https://www.theboutiquecoo.com/services,https://www.theboutiquecoo.com/fractional-coo,2026-09-01
bravocpg.com,Bravo CPG,COO,US,Monthly,USD,per_month,1650,,published,1650,50.77,published(1650) USD | per_month / 32.5h (default: no hours published) | FX USD 1 USD @2026-09-03 | = 50.77 USD/h,32.5,default,high,true,agree,PASS,,include,,,"Pricing We offer simple monthly pricing starting at $1,650/mo",https://www.bravocpg.com/pricing,https://www.bravocpg.com/pricing,2026-08-31
fractionalops.com,Fractional Ops Global,COO,US,Monthly,USD,per_month,4000,,published,4000,123.08,published(4000) USD | per_month / 32.5h (default: no hours published) | FX USD 1 USD @2026-09-03 | = 123.08 USD/h,32.5,default,low,false,disagree:6offers,REJECT,not_own_price,include,,,"$4,000 /mo",https://fractionalops.com/monthly,https://fractionalops.com/monthly,2026-09-01
fractionalops.com,Fractional Ops Global,COO,US,Monthly,USD,per_month,9600,,published,9600,295.38,published(9600) USD | per_month / 32.5h (default: no hours published) | FX USD 1 USD @2026-09-03 | = 295.38 USD/h,32.5,default,low,false,disagree:6offers,REJECT,not_own_price,include,,,"$9,600 /mo",https://fractionalops.com/monthly,https://fractionalops.com/monthly,2026-09-01
fractionalops.com,Fractional Ops Global,COO,US,Monthly,USD,per_month,20000,,published,20000,615.38,published(20000) USD | per_month / 32.5h (default: no hours published) | FX USD 1 USD @2026-09-03 | = 615.38 USD/h,32.5,default,low,false,disagree:6offers,REJECT,not_own_price,include,,,"$20,000 /mo",https://fractionalops.com/monthly,https://fractionalops.com/monthly,2026-09-01
kore1.com,KORE1,COO,US,Monthly,USD,per_month,7000,15000,midpoint,11000,338.46,"midpoint(7000,15000)=11000 USD | per_month / 32.5h (default: no hours published) | FX USD 1 USD @2026-09-03 | = 338.46 USD/h",32.5,default,medium,false,agree,REJECT,not_own_price,include,,,$7K-$15K/mo,https://www.kore1.com/fractional-coo-services-2026/,https://www.kore1.com/fractional-coo-services-2026/,2026-09-01
kore1.com,KORE1,COO,US,Monthly,USD,per_month,18000,25000,midpoint,21500,248.08,"midpoint(18000,25000)=21500 USD | per_month / 86.67h (declared: declared:hours_per_week 15-25 midpoint 20) | FX USD 1 USD @2026-09-03 | = 248.08 USD/h",86.67,declared,high,true,agree,PASS,,include,,,$18K to $25K monthly,https://www.kore1.com/fractional-coo-services-2026/,https://www.kore1.com/fractional-coo-services-2026/,2026-09-01
like-sunday.com,Like Sunday,COO,US,Monthly,USD,per_month,500,,published,500,15.38,published(500) USD | per_month / 32.5h (default: no hours published) | FX USD 1 USD @2026-09-03 | = 15.38 USD/h,32.5,default,medium,false,agree,REJECT,not_own_price,include,,,Founder's Program $500/month,https://www.like-sunday.com/services,https://www.like-sunday.com/services,2026-09-01
ljbops.com,LJBOps,COO,US,Monthly,USD,per_month,500,1000,midpoint,750,23.08,"midpoint(500,1000)=750 USD | per_month / 32.5h (default: no hours published) | FX USD 1 USD @2026-09-03 | = 23.08 USD/h",32.5,default,high,true,agree,PASS,,include,,,"$500-$1,000/month",https://www.ljbops.com/services,https://www.ljbops.com/,2026-09-02
ljbops.com,LJBOps,COO,US,Monthly,USD,per_month,1000,3000,midpoint,2000,61.54,"midpoint(1000,3000)=2000 USD | per_month / 32.5h (default: no hours published) | FX USD 1 USD @2026-09-03 | = 61.54 USD/h",32.5,default,high,true,agree,PASS,,include,,,"$1,000-$3,000/month",https://www.ljbops.com/services,https://www.ljbops.com/,2026-09-02
raebusinessmanagement.com,Rae Business Management,COO,US,Monthly,USD,per_month,2000,,published,2000,61.54,published(2000) USD | per_month / 32.5h (default: no hours published) | FX USD 1 USD @2026-09-03 | = 61.54 USD/h,32.5,default,high,true,agree,PASS,,include,,,"$2,000 a month",https://www.raebusinessmanagement.com/services,https://www.raebusinessmanagement.com/blog/fractional-coo-rates,2026-09-01
raebusinessmanagement.com,Rae Business Management,COO,US,Monthly,USD,per_month,2750,,published,2750,84.62,published(2750) USD | per_month / 32.5h (default: no hours published) | FX USD 1 USD @2026-09-03 | = 84.62 USD/h,32.5,default,high,true,agree,PASS,,include,,,"$2,750 /month",https://www.raebusinessmanagement.com/services,https://www.raebusinessmanagement.com/blog/fractional-coo-rates,2026-09-01
raebusinessmanagement.com,Rae Business Management,COO,US,Monthly,USD,per_month,3000,,published,3000,92.31,published(3000) USD | per_month / 32.5h (default: no hours published) | FX USD 1 USD @2026-09-03 | = 92.31 USD/h,32.5,default,high,true,agree,PASS,,include,,,"$3,000 /month",https://www.raebusinessmanagement.com/services,https://www.raebusinessmanagement.com/blog/fractional-coo-rates,2026-09-01
raebusinessmanagement.com,Rae Business Management,COO,US,Monthly,USD,per_month,4500,,published,4500,138.46,published(4500) USD | per_month / 32.5h (default: no hours published) | FX USD 1 USD @2026-09-03 | = 138.46 USD/h,32.5,default,high,true,agree,PASS,,include,,,"$4,500 /month",https://www.raebusinessmanagement.com/services,https://www.raebusinessmanagement.com/blog/fractional-coo-rates,2026-09-01
rockmanconsulting.net,Rockman Consulting,COO,US,Monthly,USD,per_month,10000,,published,10000,307.69,published(10000) USD | per_month / 32.5h (default: no hours published) | FX USD 1 USD @2026-09-03 | = 307.69 USD/h,32.5,default,high,true,agree,PASS,,include,,,"$10,000 monthly",https://rockmanconsulting.net/,https://rockmanconsulting.net/,2026-09-01
rockmanconsulting.net,Rockman Consulting,COO,US,Monthly,USD,per_month,17000,,published,17000,523.08,published(17000) USD | per_month / 32.5h (default: no hours published) | FX USD 1 USD @2026-09-03 | = 523.08 USD/h,32.5,default,high,true,agree,PASS,,include,,,"$17,000 monthly",https://rockmanconsulting.net/,https://rockmanconsulting.net/,2026-09-01
rockmanconsulting.net,Rockman Consulting,COO,US,Monthly,USD,per_month,4000,,published,4000,123.08,published(4000) USD | per_month / 32.5h (default: no hours published) | FX USD 1 USD @2026-09-03 | = 123.08 USD/h,32.5,default,high,true,agree,PASS,,include,,,"$4,000 monthly",https://rockmanconsulting.net/,https://rockmanconsulting.net/,2026-09-01
rockmanconsulting.net,Rockman Consulting,COO,US,Monthly,USD,per_month,11000,,published,11000,338.46,published(11000) USD | per_month / 32.5h (default: no hours published) | FX USD 1 USD @2026-09-03 | = 338.46 USD/h,32.5,default,high,true,agree,PASS,,include,,,"$11,000 monthly",https://rockmanconsulting.net/,https://rockmanconsulting.net/,2026-09-01
rockmanconsulting.net,Rockman Consulting,COO,US,Monthly,USD,per_month,12000,,published,12000,369.23,published(12000) USD | per_month / 32.5h (default: no hours published) | FX USD 1 USD @2026-09-03 | = 369.23 USD/h,32.5,default,high,true,agree,PASS,,include,,,"$12,000 monthly",https://rockmanconsulting.net/,https://rockmanconsulting.net/,2026-09-01
solunapartners.com,Soluna Partners,COO,US,Monthly,USD,per_month,2000,,published,2000,160.00,published(2000) USD | per_month / 12.5h (declared: declared:hours_per_month 10-15 midpoint 12.5) | FX USD 1 USD @2026-09-03 | = 160.00 USD/h,12.5,declared,high,true,agree,PASS,,include,,,$ 2k /month,https://solunapartners.com/pricing,https://solunapartners.com/pricing,2026-09-01
solunapartners.com,Soluna Partners,COO,US,Monthly,USD,per_month,5000,,published,5000,153.85,published(5000) USD | per_month / 32.5h (declared: declared:hours_per_month 25-40 midpoint 32.5) | FX USD 1 USD @2026-09-03 | = 153.85 USD/h,32.5,declared,high,true,agree,PASS,,include,,,$ 5k /month,https://solunapartners.com/pricing,https://solunapartners.com/pricing,2026-09-01
solunapartners.com,Soluna Partners,COO,US,Monthly,USD,per_month,10000,,published,10000,166.67,published(10000) USD | per_month / 60h (declared: declared:hours_per_month 50-70 midpoint 60) | FX USD 1 USD @2026-09-03 | = 166.67 USD/h,60,declared,high,true,agree,PASS,,include,,,$ 10k /month,https://solunapartners.com/pricing,https://solunapartners.com/pricing,2026-09-01
remotecpo.com,RemoteCPO,CPO,EU,Monthly,EUR,per_month,1200,,published,1200,42.89,published(1200) EUR | per_month / 32.5h (default: no hours published) | FX EUR 1.1615 USD @2026-09-03 | = 42.89 USD/h,32.5,default,medium,false,agree,REJECT,not_own_price,include,,,"€1,200/month",https://www.remotecpo.com/,https://www.remotecpo.com/,2026-09-01
fractional.quest,Fractional Quest,CPO,UK,Day,GBP,per_day,1350,,published,1350,227.76,published(1350) GBP | per_day / 8h (declared 8-hour day) | FX GBP 1.349718203474522107954215327 USD @2026-09-03 | = 227.76 USD/h,,,high,true,agree,PASS,,include,,,"£1,350 median day rate",https://fractional.quest/fractional-cpo-jobs-uk,https://fractional.quest/fractional-cpo-jobs-uk,2026-09-01
rossboardman.com,Ross Boardman,CPO,UK,Day,GBP,per_day,2000,,published,2000,337.43,published(2000) GBP | per_day / 8h (declared 8-hour day) | FX GBP 1.349718203474522107954215327 USD @2026-09-03 | = 337.43 USD/h,,,high,true,agree,PASS,,include,,,"£2,000/day",https://www.rossboardman.com/pricing,https://www.rossboardman.com/pricing,2026-09-01
rossboardman.com,Ross Boardman,CPO,UK,Monthly,GBP,per_month,6000,,published,6000,249.18,published(6000) GBP | per_month / 32.5h (default: no hours published) | FX GBP 1.349718203474522107954215327 USD @2026-09-03 | = 249.18 USD/h,32.5,default,high,true,agree,PASS,,include,,,"£6,000/month",https://www.rossboardman.com/pricing,https://www.rossboardman.com/pricing,2026-09-01
rossboardman.com,Ross Boardman,CPO,UK,Monthly,GBP,per_month,12000,,published,12000,498.36,published(12000) GBP | per_month / 32.5h (default: no hours published) | FX GBP 1.349718203474522107954215327 USD @2026-09-03 | = 498.36 USD/h,32.5,default,high,true,agree,PASS,,include,,,"£12,000/month",https://www.rossboardman.com/pricing,https://www.rossboardman.com/pricing,2026-09-01
rossboardman.com,Ross Boardman,CPO,UK,Monthly,GBP,per_month,18000,,published,18000,747.54,published(18000) GBP | per_month / 32.5h (default: no hours published) | FX GBP 1.349718203474522107954215327 USD @2026-09-03 | = 747.54 USD/h,32.5,default,high,true,agree,PASS,,include,,,"£18,000/month",https://www.rossboardman.com/pricing,https://www.rossboardman.com/pricing,2026-09-01
heyshepherd.com,HeyShepherd,CPO,US,Day,USD,per_day,1500,2500,midpoint,2000,250.00,"midpoint(1500,2500)=2000 USD | per_day / 8h (declared 8-hour day) | FX USD 1 USD @2026-09-03 | = 250.00 USD/h",,,high,true,agree,PASS,,include,,,"$1,500-$2,500/day",https://www.heyshepherd.com/explore/fractional-roles/fractional-chief-product-officer-cpo,https://www.heyshepherd.com/explore/fractional-roles/fractional-chief-product-officer-cpo,2026-09-01
digitalauthority.me,Digital Authority Partners,CPO,US,Hourly,USD,per_hour,300,500,midpoint,400,400.00,"midpoint(300,500)=400 USD | per_hour as captured | FX USD 1 USD @2026-09-03 | = 400.00 USD/h",,,low,false,single,REJECT,not_own_price,include,,,$300 to $500 per hour,https://www.digitalauthority.me/fractional-executive-services/,https://www.digitalauthority.me/fractional-executive-services/,2026-08-31
acceleratingproduct.com,Accelerating Product,CPO,US,Monthly,USD,per_month,1600,,published,1600,49.23,published(1600) USD | per_month / 32.5h (default: no hours published) | FX USD 1 USD @2026-09-03 | = 49.23 USD/h,32.5,default,low,false,disagree:7offers,REJECT,not_own_price,include,,,$1600 / month,https://www.acceleratingproduct.com/services/coaching-2,https://www.acceleratingproduct.com/services/consultingfractional,2026-08-31
breakwaterdigital.co,Breakwater Digital,CPO,US,Monthly,USD,per_month,4000,,published,4000,123.08,published(4000) USD | per_month / 32.5h (default: no hours published) | FX USD 1 USD @2026-09-03 | = 123.08 USD/h,32.5,default,low,false,disagree:3offers,REJECT,not_own_price,include,,,$4K+/month retainer for ongoing AI ops,https://breakwaterdigital.co/services/ai-consultant-los-angeles,https://breakwaterdigital.co/services/fractional-cpo,2026-08-31
chameleoncollective.com,Chameleon Collective,CPO,US,Monthly,USD,per_month,25000,50000,midpoint,37500,1153.85,"midpoint(25000,50000)=37500 USD | per_month / 32.5h (default: no hours published) | FX USD 1 USD @2026-09-03 | = 1153.85 USD/h",32.5,default,high,true,agree,PASS,,include,,,$25K-$50K per month,https://chameleoncollective.com/skill/fractional-cpo-chief-product-officer/,https://chameleoncollective.com/skill/fractional-cpo-chief-product-officer/,2026-08-31
fractionalcxo.to,FractionalCXO.to,CPO,US,Monthly,USD,per_month,7000,16000,midpoint,11500,353.85,"midpoint(7000,16000)=11500 USD | per_month / 32.5h (default: no hours published) | FX USD 1 USD @2026-09-03 | = 353.85 USD/h",32.5,default,high,true,agree,PASS,,include,,,$7K-$16K monthly retainer range,https://fractionalcxo.to/fractional-cpo,https://fractionalcxo.to/fractional-cpo,2026-09-01
fractionalleader.io,FractionalLeader,CPO,US,Monthly,USD,per_month,8000,18000,midpoint,13000,200.00,"midpoint(8000,18000)=13000 USD | per_month / 65h (declared: declared:hours_per_week 10-20 midpoint 15) | FX USD 1 USD @2026-09-03 | = 200.00 USD/h",65,declared,medium,false,agree,REJECT,not_own_price,include,,,$8k-$18k/mo,https://fractionalleader.io/,https://fractionalleader.io/,2026-09-01
gofractional.com,Go Fractional,CPO,US,Monthly,USD,per_month,5000,,published,5000,153.85,published(5000) USD | per_month / 32.5h (declared: declared:hours_per_week 5-10 midpoint 7.5) | FX USD 1 USD @2026-09-03 | = 153.85 USD/h,32.5,declared,low,false,disagree:1offers,REJECT,not_own_price,include,,,"$5,000 /month",https://www.gofractional.com/hire/fractional-cpo,https://www.gofractional.com/hire/fractional-cpo,2026-09-01
gofractional.com,Go Fractional,CPO,US,Monthly,USD,per_month,24000,,published,24000,738.46,published(24000) USD | per_month / 32.5h (default: no hours published) | FX USD 1 USD @2026-09-03 | = 738.46 USD/h,32.5,default,low,false,disagree:1offers,REJECT,not_own_price,include,,,"$24,000 /month",https://www.gofractional.com/hire/fractional-cpo,https://www.gofractional.com/hire/fractional-cpo,2026-09-01
growthexpert.io,GrowthExpert,CPO,US,Monthly,USD,per_month,3000,,published,3000,92.31,published(3000) USD | per_month / 32.5h (default: no hours published) | FX USD 1 USD @2026-09-03 | = 92.31 USD/h,32.5,default,low,false,disagree:7offers,REJECT,not_own_price,include,,,$3000 /mo,https://growthexpert.io/fractional-chief-product-officers/,https://growthexpert.io/fractional-chief-product-officers/,2026-09-01
growthexpert.io,GrowthExpert,CPO,US,Monthly,USD,per_month,1200,,published,1200,36.92,published(1200) USD | per_month / 32.5h (default: no hours published) | FX USD 1 USD @2026-09-03 | = 36.92 USD/h,32.5,default,low,false,disagree:7offers,REJECT,not_own_price,include,,,$1200 /mo,https://growthexpert.io/fractional-chief-product-officers/,https://growthexpert.io/fractional-chief-product-officers/,2026-09-01
growthexpert.io,GrowthExpert,CPO,US,Monthly,USD,per_month,1000,,published,1000,30.77,published(1000) USD | per_month / 32.5h (default: no hours published) | FX USD 1 USD @2026-09-03 | = 30.77 USD/h,32.5,default,low,false,disagree:7offers,REJECT,not_own_price,include,,,$1000 /mo,https://growthexpert.io/fractional-chief-product-officers/,https://growthexpert.io/fractional-chief-product-officers/,2026-09-01
growthexpert.io,GrowthExpert,CPO,US,Monthly,USD,per_month,2950,,published,2950,90.77,published(2950) USD | per_month / 32.5h (default: no hours published) | FX USD 1 USD @2026-09-03 | = 90.77 USD/h,32.5,default,low,false,disagree:7offers,REJECT,not_own_price,include,,,$2950 /mo,https://growthexpert.io/fractional-chief-product-officers/,https://growthexpert.io/fractional-chief-product-officers/,2026-09-01
growthexpert.io,GrowthExpert,CPO,US,Monthly,USD,per_month,2000,,published,2000,61.54,published(2000) USD | per_month / 32.5h (default: no hours published) | FX USD 1 USD @2026-09-03 | = 61.54 USD/h,32.5,default,low,false,disagree:7offers,REJECT,not_own_price,include,,,$2000 /mo,https://growthexpert.io/fractional-chief-product-officers/,https://growthexpert.io/fractional-chief-product-officers/,2026-09-01
growthexpert.io,GrowthExpert,CPO,US,Monthly,USD,per_month,1250,,published,1250,38.46,published(1250) USD | per_month / 32.5h (default: no hours published) | FX USD 1 USD @2026-09-03 | = 38.46 USD/h,32.5,default,low,false,disagree:7offers,REJECT,not_own_price,include,,,$1250 /mo,https://growthexpert.io/fractional-chief-product-officers/,https://growthexpert.io/fractional-chief-product-officers/,2026-09-01
growthexpert.io,GrowthExpert,CPO,US,Monthly,USD,per_month,3200,,published,3200,98.46,published(3200) USD | per_month / 32.5h (default: no hours published) | FX USD 1 USD @2026-09-03 | = 98.46 USD/h,32.5,default,low,false,disagree:7offers,REJECT,not_own_price,include,,,$3200 /mo,https://growthexpert.io/fractional-chief-product-officers/,https://growthexpert.io/fractional-chief-product-officers/,2026-09-01
headforproduct.com,Head for Product,CPO,US,Monthly,USD,per_month,3000,,published,3000,92.31,published(3000) USD | per_month / 32.5h (default: no hours published) | FX USD 1 USD @2026-09-03 | = 92.31 USD/h,32.5,default,low,false,disagree:4offers,REJECT,not_own_price,include,,,On-going costs start at $3000 a month with a recommended minimum of 3 months.,https://www.headforproduct.com/services/fractional,https://www.headforproduct.com/services/fractional,2026-09-01
impekable.com,Impekable,CPO,US,Monthly,USD,per_month,4000,12000,midpoint,8000,246.15,"midpoint(4000,12000)=8000 USD | per_month / 32.5h (default: no hours published) | FX USD 1 USD @2026-09-03 | = 246.15 USD/h",32.5,default,low,false,disagree:2offers,REJECT,not_own_price,include,,,"Monthly retainers often range from $4,000 to $12,000+",https://www.impekable.com/services/fractional-cpo-services/,https://www.impekable.com/services/fractional-cpo-services/,2026-09-01
purplebrains.com,Purple Brains,CPO,US,Monthly,USD,per_month,2000,,published,2000,61.54,published(2000) USD | per_month / 32.5h (default: no hours published) | FX USD 1 USD @2026-09-03 | = 61.54 USD/h,32.5,default,medium,true,single,REJECT,not_own_price,include,,,"Strategic Guidance at $2,000/month, In-Depth Analysis at $3,500/month, or Full Hands-On",https://www.purplebrains.com/,https://www.purplebrains.com/,2026-09-01
purplebrains.com,Purple Brains,CPO,US,Monthly,USD,per_month,3500,,published,3500,107.69,published(3500) USD | per_month / 32.5h (default: no hours published) | FX USD 1 USD @2026-09-03 | = 107.69 USD/h,32.5,default,medium,true,single,REJECT,not_own_price,include,,,"In-Depth Analysis at $3,500/month, or Full Hands-On Product Management at $6,000/month",https://www.purplebrains.com/,https://www.purplebrains.com/,2026-09-01
purplebrains.com,Purple Brains,CPO,US,Monthly,USD,per_month,6000,,published,6000,184.62,published(6000) USD | per_month / 32.5h (default: no hours published) | FX USD 1 USD @2026-09-03 | = 184.62 USD/h,32.5,default,medium,true,single,REJECT,not_own_price,include,,,"Full Hands-On Product Management at $6,000/month. Contact Us Have questions or ready to start a projec",https://www.purplebrains.com/,https://www.purplebrains.com/,2026-09-01
saasfractionalcpo.com,SaaS Fractional CPO (Sivan Kadosh),CPO,US,Monthly,USD,per_month,8000,,published,8000,355.56,published(8000) USD | per_month / 22.5h (declared: declared:hours_per_month 20-25 midpoint 22.5) | FX USD 1 USD @2026-09-03 | = 355.56 USD/h,22.5,declared,high,true,agree,PASS,,include,,,"$8,000 /mo",https://saasfractionalcpo.com/,https://saasfractionalcpo.com/,2026-09-02
saasfractionalcpo.com,SaaS Fractional CPO (Sivan Kadosh),CPO,US,Monthly,USD,per_month,15000,,published,15000,461.54,published(15000) USD | per_month / 32.5h (default: no hours published) | FX USD 1 USD @2026-09-03 | = 461.54 USD/h,32.5,default,high,true,agree,PASS,,include,,,"$15,000 /mo",https://saasfractionalcpo.com/,https://saasfractionalcpo.com/,2026-09-02
summitproductpartners.com,Summit Product Partners,CPO,US,Monthly,USD,per_month,6000,,published,6000,184.62,published(6000) USD | per_month / 32.5h (default: no hours published) | FX USD 1 USD @2026-09-03 | = 184.62 USD/h,32.5,default,medium,false,agree,REJECT,not_own_price,include,,,$6K Per Month,https://www.summitproductpartners.com/,https://www.summitproductpartners.com/,2026-09-01
thefractionalproductmanager.com,The Fractional Product Manager,CPO,US,Monthly,USD,per_month,7999,,published,7999,184.59,published(7999) USD | per_month / 43.33h (declared: declared:hours_per_week 10) | FX USD 1 USD @2026-09-03 | = 184.59 USD/h,43.33,declared,low,false,disagree:1offers,REJECT,not_own_price,include,,,"$7,999 / month",https://thefractionalproductmanager.com/,https://thefractionalproductmanager.com/,2026-09-01
thefractionalproductmanager.com,The Fractional Product Manager,CPO,US,Monthly,USD,per_month,15999,,published,15999,184.60,published(15999) USD | per_month / 86.67h (declared: declared:hours_per_week 20) | FX USD 1 USD @2026-09-03 | = 184.60 USD/h,86.67,declared,low,false,disagree:1offers,REJECT,not_own_price,include,,,"$15,999 / month",https://thefractionalproductmanager.com/,https://thefractionalproductmanager.com/,2026-09-01
unfys.com,UNFYS,CRO,UK,Monthly,GBP,per_month,10000,,published,10000,415.30,published(10000) GBP | per_month / 32.5h (default: no hours published) | FX GBP 1.349718203474522107954215327 USD @2026-09-03 | = 415.30 USD/h,32.5,default,low,false,disagree:1offers,REJECT,not_own_price,include,,,"From £10,000/mo monthly retainer",https://unfys.com/pricing/,https://unfys.com/pricing/,2026-09-01
unfys.com,UNFYS,CRO,UK,Monthly,GBP,per_month,4000,,published,4000,166.12,published(4000) GBP | per_month / 32.5h (default: no hours published) | FX GBP 1.349718203474522107954215327 USD @2026-09-03 | = 166.12 USD/h,32.5,default,low,false,disagree:1offers,REJECT,not_own_price,include,,,"From £4,000/mo monthly retainer",https://unfys.com/pricing/,https://unfys.com/pricing/,2026-09-01
unfys.com,UNFYS,CRO,UK,Monthly,GBP,per_month,1000,,published,1000,41.53,published(1000) GBP | per_month / 32.5h (default: no hours published) | FX GBP 1.349718203474522107954215327 USD @2026-09-03 | = 41.53 USD/h,32.5,default,low,false,disagree:1offers,REJECT,not_own_price,include,,,"From £1,000/mo monthly retainer",https://unfys.com/pricing/,https://unfys.com/pricing/,2026-09-01
reptile.haus,REPTILE.HAUS,CTO,EU,Hourly,EUR,per_hour,150,,published,150,174.23,published(150) EUR | per_hour as captured | FX EUR 1.1615 USD @2026-09-03 | = 174.23 USD/h,,,high,true,agree,PASS,,include,,,€150 /hour,https://reptile.haus/services/tech-leadership-service/,https://reptile.haus/services/tech-leadership-service/,2026-09-01
exxan.nl,Exxan,CTO,EU,Monthly,EUR,per_month,8000,,published,8000,285.91,published(8000) EUR | per_month / 32.5h (default: no hours published) | FX EUR 1.1615 USD @2026-09-03 | = 285.91 USD/h,32.5,default,high,true,agree,PASS,,include,NL,cctld,"Fractional CTO engagements start at €8,000/month",https://exxan.nl/en/fractional-cto,https://exxan.nl/en/fractional-cto,2026-08-31
marian.coach,Marian Kamenistak,CTO,EU,Monthly,EUR,per_month,790,,published,790,28.23,published(790) EUR | per_month / 32.5h (default: no hours published) | FX EUR 1.1615 USD @2026-09-03 | = 28.23 USD/h,32.5,default,low,false,disagree:2offers,REJECT,not_own_price,include,,,790 EUR per month,https://www.marian.coach/pricing/,https://www.marian.coach/fractional-cto,2026-09-01
reptile.haus,REPTILE.HAUS,CTO,EU,Monthly,EUR,per_month,3000,5000,midpoint,4000,142.95,"midpoint(3000,5000)=4000 EUR | per_month / 32.5h (default: no hours published) | FX EUR 1.1615 USD @2026-09-03 | = 142.95 USD/h",32.5,default,high,true,agree,PASS,,include,,,"€3,000 - €5,000 /month",https://reptile.haus/services/tech-leadership-service/,https://reptile.haus/services/tech-leadership-service/,2026-09-01
wavect.io,Wavect,CTO,EU,Monthly,EUR,per_month,2500,,published,2500,89.35,published(2500) EUR | per_month / 32.5h (default: no hours published) | FX EUR 1.1615 USD @2026-09-03 | = 89.35 USD/h,32.5,default,high,true,agree,PASS,,include,,,"FROM €2,500 / month",https://wavect.io/pricing/,https://wavect.io/pricing/,2026-09-02
wavect.io,Wavect,CTO,EU,Monthly,EUR,per_month,12000,,published,12000,428.86,published(12000) EUR | per_month / 32.5h (default: no hours published) | FX EUR 1.1615 USD @2026-09-03 | = 428.86 USD/h,32.5,default,high,true,agree,PASS,,include,,,"FROM €12,000 / month",https://wavect.io/pricing/,https://wavect.io/pricing/,2026-09-02
wavect.io,Wavect,CTO,EU,Monthly,EUR,per_month,10000,,published,10000,357.38,published(10000) EUR | per_month / 32.5h (default: no hours published) | FX EUR 1.1615 USD @2026-09-03 | = 357.38 USD/h,32.5,default,high,true,agree,PASS,,include,,,"FROM €10,000 / month || €10-30k per month retainer",https://wavect.io/pricing/,https://wavect.io/pricing/,2026-09-02
yourcto.ie,Your CTO,CTO,EU,Monthly,EUR,per_month,2500,,published,2500,89.35,published(2500) EUR | per_month / 32.5h (default: no hours published) | FX EUR 1.1615 USD @2026-09-03 | = 89.35 USD/h,32.5,default,high,true,agree,PASS,,include,IE,cctld,"€2,500 /month",https://yourcto.ie/,https://yourcto.ie/,2026-09-01
yourcto.ie,Your CTO,CTO,EU,Monthly,EUR,per_month,4900,,published,4900,175.12,published(4900) EUR | per_month / 32.5h (default: no hours published) | FX EUR 1.1615 USD @2026-09-03 | = 175.12 USD/h,32.5,default,high,true,agree,PASS,,include,IE,cctld,"€4,900 /month",https://yourcto.ie/,https://yourcto.ie/,2026-09-01
yourcto.ie,Your CTO,CTO,EU,Monthly,EUR,per_month,7500,,published,7500,268.04,published(7500) EUR | per_month / 32.5h (default: no hours published) | FX EUR 1.1615 USD @2026-09-03 | = 268.04 USD/h,32.5,default,high,true,agree,PASS,,include,IE,cctld,"€7,500 /month",https://yourcto.ie/,https://yourcto.ie/,2026-09-01
941consulting.com,941 Consulting,CTO,UK,Day,GBP,per_day,1200,1200,published,1200,202.46,published(1200) GBP | per_day / 8h (declared 8-hour day) | FX GBP 1.349718203474522107954215327 USD @2026-09-03 | = 202.46 USD/h,,,low,false,disagree:4offers,REJECT,not_own_price,include,,,"My standard project day rate is £1,200 for work like technical due diligence, architecture reviews, and team assessments.",https://941consulting.com/en/fractional-cto-pricing/,https://941consulting.com/en/fractional-cto-pricing/,2026-08-31
941consulting.com,941 Consulting,CTO,UK,Day,GBP,per_day,800,1600,midpoint,1200,202.46,"midpoint(800,1600)=1200 GBP | per_day / 8h (declared 8-hour day) | FX GBP 1.349718203474522107954215327 USD @2026-09-03 | = 202.46 USD/h",,,low,false,disagree:4offers,REJECT,not_own_price,include,,,"Project day rates £800-£1,600/day for due diligence and audits",https://941consulting.com/en/fractional-cto-pricing/,https://941consulting.com/en/fractional-cto-pricing/,2026-08-31
boardman.com,Boardman,CTO,UK,Day,GBP,per_day,1500,,published,1500,253.07,published(1500) GBP | per_day / 8h (declared 8-hour day) | FX GBP 1.349718203474522107954215327 USD @2026-09-03 | = 253.07 USD/h,,,high,true,agree,PASS,,include,,,"£1,500 a day",https://www.boardman.com/pricing,https://www.boardman.com/fractional-cto-cost,2026-08-31
fcto.uk,FCTO UK (Mike Tempest),CTO,UK,Day,GBP,per_day,1000,,published,1000,168.71,published(1000) GBP | per_day / 8h (declared 8-hour day) | FX GBP 1.349718203474522107954215327 USD @2026-09-03 | = 168.71 USD/h,,,low,false,disagree:3offers,REJECT,not_own_price,include,GB,cctld,"£1,000 per day",https://fcto.uk/,https://fcto.uk/,2026-08-31
fractionaljobs.io,Fractional Jobs,CTO,UK,Hourly,GBP,per_hour,81.25,112.5,midpoint,96.875,130.75,"midpoint(81.25,112.5)=96.875 GBP | per_hour as captured | FX GBP 1.349718203474522107954215327 USD @2026-09-03 | = 130.75 USD/h",,,low,false,disagree:9offers,REJECT,not_own_price,include,,,£81.25 - £112.5 / hr,https://fractionaljobs.io/,https://fractionaljobs.io/,2026-09-01
941consulting.com,941 Consulting,CTO,UK,Monthly,GBP,per_month,2499,,published,2499,103.78,published(2499) GBP | per_month / 32.5h (default: no hours published) | FX GBP 1.349718203474522107954215327 USD @2026-09-03 | = 103.78 USD/h,32.5,default,low,false,disagree:4offers,REJECT,not_own_price,include,,,"Remote retainers from £2,499 /month (2 days/month)",https://941consulting.com/en/fractional-cto-pricing/,https://941consulting.com/en/fractional-cto-pricing/,2026-08-31
941consulting.com,941 Consulting,CTO,UK,Monthly,GBP,per_month,699,699,published,699,29.03,published(699) GBP | per_month / 32.5h (default: no hours published) | FX GBP 1.349718203474522107954215327 USD @2026-09-03 | = 29.03 USD/h,32.5,default,low,false,disagree:4offers,REJECT,not_own_price,include,,,"Async advisory from £699 /month (Slack-based, 14-day free trial)",https://941consulting.com/en/fractional-cto-pricing/,https://941consulting.com/en/fractional-cto-pricing/,2026-08-31
941consulting.com,941 Consulting,CTO,UK,Monthly,GBP,per_month,4799,,published,4799,199.30,published(4799) GBP | per_month / 32.5h (default: no hours published) | FX GBP 1.349718203474522107954215327 USD @2026-09-03 | = 199.30 USD/h,32.5,default,medium,true,single,REJECT,not_own_price,include,,,"Momentum £4,799 /month 1 Day/Week Everything in Foundation Active roadmap involvement Architecture decisions Hiring support & interviews Delivery leadership Weekly syncs Code & PR reviews Best for: Seed to Series A startups with active development",https://941consulting.com/en/fractional-cto-pricing/,https://941consulting.com/en/fractional-cto-pricing/,2026-08-31
941consulting.com,941 Consulting,CTO,UK,Monthly,GBP,per_month,9599,,published,9599,398.64,published(9599) GBP | per_month / 32.5h (default: no hours published) | FX GBP 1.349718203474522107954215327 USD @2026-09-03 | = 398.64 USD/h,32.5,default,medium,true,single,REJECT,not_own_price,include,,,"Breakthrough £9,599 /month 2 Days/Week Everything in Momentum Deep hands-on engagement Lead major initiatives Transformation projects M&A preparation Board presentations Investor readiness Best for: Scale-ups, PE-backed companies, major transitions",https://941consulting.com/en/fractional-cto-pricing/,https://941consulting.com/en/fractional-cto-pricing/,2026-08-31
boardman.com,Boardman,CTO,UK,Monthly,GBP,per_month,6000,,published,6000,249.18,published(6000) GBP | per_month / 32.5h (default: no hours published) | FX GBP 1.349718203474522107954215327 USD @2026-09-03 | = 249.18 USD/h,32.5,default,high,true,agree,PASS,,include,,,"£6,000/month",https://www.boardman.com/pricing,https://www.boardman.com/fractional-cto-cost,2026-08-31
boardman.com,Boardman,CTO,UK,Monthly,GBP,per_month,12000,,published,12000,498.36,published(12000) GBP | per_month / 32.5h (default: no hours published) | FX GBP 1.349718203474522107954215327 USD @2026-09-03 | = 498.36 USD/h,32.5,default,high,true,agree,PASS,,include,,,"£12,000/month",https://www.boardman.com/pricing,https://www.boardman.com/fractional-cto-cost,2026-08-31
boardman.com,Boardman,CTO,UK,Monthly,GBP,per_month,18000,,published,18000,747.54,published(18000) GBP | per_month / 32.5h (default: no hours published) | FX GBP 1.349718203474522107954215327 USD @2026-09-03 | = 747.54 USD/h,32.5,default,high,true,agree,PASS,,include,,,"£18,000/month",https://www.boardman.com/pricing,https://www.boardman.com/fractional-cto-cost,2026-08-31
ctoondemand.co.uk,CTO on Demand (UK),CTO,UK,Monthly,GBP,per_month,8000,16000,midpoint,12000,498.36,"midpoint(8000,16000)=12000 GBP | per_month / 32.5h (default: no hours published) | FX GBP 1.349718203474522107954215327 USD @2026-09-03 | = 498.36 USD/h",32.5,default,low,false,disagree:2offers,REJECT,not_own_price,include,GB,cctld,"experienced operators serving funded startups sit at £8,000 to £16,000 per month",https://www.ctoondemand.co.uk/tools/fractional-cto-cost-calculator,https://www.ctoondemand.co.uk/tools/fractional-cto-cost-calculator,2026-08-31
fullstackconsulting.co.uk,Full Stack Consulting,CTO,UK,Monthly,GBP,per_month,5000,,published,5000,207.65,published(5000) GBP | per_month / 32.5h (default: no hours published) | FX GBP 1.349718203474522107954215327 USD @2026-09-03 | = 207.65 USD/h,32.5,default,high,true,agree,PASS,,include,GB,cctld,"Monthly Management Fee: From £5,000",https://fullstackconsulting.co.uk/services/execution,https://fullstackconsulting.co.uk/services/fractional-cto,2026-09-01
prodevel.co.uk,Prodevel,CTO,UK,Monthly,GBP,per_month,1500,,published,1500,126.54,published(1500) GBP | per_month / 16h (declared: declared:days_per_month 2) | FX GBP 1.349718203474522107954215327 USD @2026-09-03 | = 126.54 USD/h,16,declared,low,false,disagree:1offers,REJECT,not_own_price,include,GB,cctld,"£1,500 /month || £5,000 /month",https://prodevel.co.uk/hire-fractional-cto-uk,https://prodevel.co.uk/hire-fractional-cto-uk,2026-09-01
prodevel.co.uk,Prodevel,CTO,UK,Monthly,GBP,per_month,3000,3000,published,3000,126.54,published(3000) GBP | per_month / 32h (declared: declared:days_per_month 4) | FX GBP 1.349718203474522107954215327 USD @2026-09-03 | = 126.54 USD/h,32,declared,low,false,disagree:1offers,REJECT,not_own_price,include,GB,cctld,"£3,000 /month",https://prodevel.co.uk/hire-fractional-cto-uk,https://prodevel.co.uk/hire-fractional-cto-uk,2026-09-01
prodevel.co.uk,Prodevel,CTO,UK,Monthly,GBP,per_month,5000,5000,published,5000,140.60,published(5000) GBP | per_month / 48h (declared: declared:days_per_month 6) | FX GBP 1.349718203474522107954215327 USD @2026-09-03 | = 140.60 USD/h,48,declared,low,false,disagree:1offers,REJECT,not_own_price,include,GB,cctld,"£5,000 /month",https://prodevel.co.uk/hire-fractional-cto-uk,https://prodevel.co.uk/hire-fractional-cto-uk,2026-09-01
redeagle.tech,Red Eagle Tech,CTO,UK,Monthly,GBP,per_month,750,,published,750,31.15,published(750) GBP | per_month / 32.5h (default: no hours published) | FX GBP 1.349718203474522107954215327 USD @2026-09-03 | = 31.15 USD/h,32.5,default,high,true,agree,PASS,,include,,,pick a monthly retainer from £750/mo,https://redeagle.tech/services/seo,https://redeagle.tech/,2026-09-01
redeagle.tech,Red Eagle Tech,CTO,UK,Monthly,GBP,per_month,500,,published,500,20.76,published(500) GBP | per_month / 32.5h (default: no hours published) | FX GBP 1.349718203474522107954215327 USD @2026-09-03 | = 20.76 USD/h,32.5,default,high,true,agree,PASS,,include,,,see our dedicated Local SEO plan from £500/mo for service-area businesses,https://redeagle.tech/services/seo,https://redeagle.tech/,2026-09-01
fractionalctos.com.au,FractionalCTOs Australia,CTO,US,Day,USD,per_day,2000,4000,midpoint,3000,375.00,"midpoint(2000,4000)=3000 USD | per_day / 8h (declared 8-hour day) | FX USD 1 USD @2026-09-03 | = 375.00 USD/h",,,low,false,disagree:6offers,REJECT,not_own_price,include,AU,cctld,"Day rate $2,000-$4,000+ /day",https://fractionalctos.com.au/fractional-cto-cost-australia/,https://fractionalctos.com.au/fractional-cto-cost-australia/,2026-09-01
kompella.io,Kompella Technologies,CTO,US,Day,USD,per_day,1500,4000,midpoint,2750,343.75,"midpoint(1500,4000)=2750 USD | per_day / 8h (declared 8-hour day) | FX USD 1 USD @2026-09-03 | = 343.75 USD/h",,,low,false,disagree:8offers,REJECT,not_own_price,include,,,"$1,500-$4,000/day",https://kompella.io/thinking/fractional-cto-pricing-2026,https://kompella.io/thinking/fractional-cto-pricing-2026,2026-09-01
arc.dev,Arc.dev,CTO,US,Hourly,USD,per_hour,60,100,midpoint,80,80.00,"midpoint(60,100)=80 USD | per_hour as captured | FX USD 1 USD @2026-09-03 | = 80.00 USD/h",,,low,false,disagree:2offers,REJECT,not_own_price,include,,,between $60-100+/hour (USD),https://arc.dev/hire-developers/coffeescript,https://arc.dev/pricing,2026-08-31
fractionalctos.com.au,FractionalCTOs Australia,CTO,US,Hourly,USD,per_hour,200,,published,200,200.00,published(200) USD | per_hour as captured | FX USD 1 USD @2026-09-03 | = 200.00 USD/h,,,low,false,disagree:6offers,REJECT,not_own_price,include,AU,cctld,$200 || Hourly advisory $200-$600 /hour,https://fractionalctos.com.au/fractional-cto-cost-australia/,https://fractionalctos.com.au/fractional-cto-cost-australia/,2026-09-01
fractionaljobs.io,Fractional Jobs,CTO,US,Hourly,USD,per_hour,100,150,midpoint,125,125.00,"midpoint(100,150)=125 USD | per_hour as captured | FX USD 1 USD @2026-09-03 | = 125.00 USD/h",,,low,false,disagree:9offers,REJECT,not_own_price,include,,,$100 - $150 / hr,https://fractionaljobs.io/,https://fractionaljobs.io/,2026-09-01
fractionaljobs.io,Fractional Jobs,CTO,US,Hourly,USD,per_hour,60,90,midpoint,75,75.00,"midpoint(60,90)=75 USD | per_hour as captured | FX USD 1 USD @2026-09-03 | = 75.00 USD/h",,,low,false,disagree:9offers,REJECT,not_own_price,include,,,$60 - $90 / hr,https://fractionaljobs.io/,https://fractionaljobs.io/,2026-09-01
fractionaljobs.io,Fractional Jobs,CTO,US,Hourly,USD,per_hour,275,400,midpoint,337.5,337.50,"midpoint(275,400)=337.5 USD | per_hour as captured | FX USD 1 USD @2026-09-03 | = 337.50 USD/h",,,low,false,disagree:9offers,REJECT,not_own_price,include,,,$275 - $400 / hr,https://fractionaljobs.io/,https://fractionaljobs.io/,2026-09-01
hypernestlabs.com,HyperNest Labs,CTO,US,Hourly,USD,per_hour,350,450,midpoint,400,400.00,"midpoint(350,450)=400 USD | per_hour as captured | FX USD 1 USD @2026-09-03 | = 400.00 USD/h",,,medium,true,single,REJECT,not_own_price,include,,,We bill additional hours at $350-$450/hr (depending on the type of work). We always flag when we're approaching the hours boundary so you can decide whether to extend.,https://hypernestlabs.com/pricing,https://hypernestlabs.com/insights/cost-of-fractional-cto,2026-09-01
nachotalent.com,Nacho,CTO,US,Hourly,USD,per_hour,125,,published,125,125.00,published(125) USD | per_hour as captured | FX USD 1 USD @2026-09-03 | = 125.00 USD/h,,,low,false,disagree:1offers,REJECT,not_own_price,include,,,$125/hr,https://www.nachotalent.com/fractional-cto/,https://www.nachotalent.com/fractional-cto/,2026-09-02
startupfractionalcto.com,Startup Fractional CTO PLLC,CTO,US,Hourly,USD,per_hour,250,,published,250,250.00,published(250) USD | per_hour as captured | FX USD 1 USD @2026-09-03 | = 250.00 USD/h,,,high,true,agree,PASS,,include,,,My hourly rate is $250 per hour,https://www.startupfractionalcto.com/pricing,https://www.startupfractionalcto.com/pricing,2026-09-01
tlvtech.io,TLVTech,CTO,US,Hourly,USD,per_hour,150,500,midpoint,325,325.00,"midpoint(150,500)=325 USD | per_hour as captured | FX USD 1 USD @2026-09-03 | = 325.00 USD/h",,,low,false,disagree:4offers,REJECT,not_own_price,include,,,$150 to $500 per hour,https://www.tlvtech.io/post/understanding-fractional-cto-rates-a-guide-for-entrepreneurs-and-business-leaders,https://www.tlvtech.io/post/understanding-fractional-cto-rates-a-guide-for-entrepreneurs-and-business-leaders,2026-09-01
tucksoftwaregroup.com,Tuck Software Group,CTO,US,Hourly,USD,per_hour,150,,published,150,150.00,published(150) USD | per_hour as captured | FX USD 1 USD @2026-09-03 | = 150.00 USD/h,,,high,true,agree,PASS,,include,,,$ 150 /hour,https://www.tucksoftwaregroup.com/tsg-pricing,https://www.tucksoftwaregroup.com/tsg-pricing,2026-09-01
tucksoftwaregroup.com,Tuck Software Group,CTO,US,Hourly,USD,per_hour,200,,published,200,200.00,published(200) USD | per_hour as captured | FX USD 1 USD @2026-09-03 | = 200.00 USD/h,,,high,true,agree,PASS,,include,,,$ 200 /hour,https://www.tucksoftwaregroup.com/tsg-pricing,https://www.tucksoftwaregroup.com/tsg-pricing,2026-09-01
tucksoftwaregroup.com,Tuck Software Group,CTO,US,Hourly,USD,per_hour,300,,published,300,300.00,published(300) USD | per_hour as captured | FX USD 1 USD @2026-09-03 | = 300.00 USD/h,,,high,true,agree,PASS,,include,,,$ 300 /hour,https://www.tucksoftwaregroup.com/tsg-pricing,https://www.tucksoftwaregroup.com/tsg-pricing,2026-09-01
adriano-junior.com,Adriano Junior,CTO,US,Monthly,USD,per_month,5499,,published,5499,169.20,published(5499) USD | per_month / 32.5h (default: no hours published) | FX USD 1 USD @2026-09-03 | = 169.20 USD/h,32.5,default,low,false,disagree:7offers,REJECT,not_own_price,include,,,"$5,499/mo.",https://www.adriano-junior.com/fractional-cto-cost-2026,https://www.adriano-junior.com/fractional-cto-cost-2026,2026-08-31
adriano-junior.com,Adriano Junior,CTO,US,Monthly,USD,per_month,9499,,published,9499,292.28,published(9499) USD | per_month / 32.5h (default: no hours published) | FX USD 1 USD @2026-09-03 | = 292.28 USD/h,32.5,default,low,false,disagree:7offers,REJECT,not_own_price,include,,,"$9,499/mo.",https://www.adriano-junior.com/fractional-cto-cost-2026,https://www.adriano-junior.com/fractional-cto-cost-2026,2026-08-31
adriano-junior.com,Adriano Junior,CTO,US,Monthly,USD,per_month,4999,,published,4999,153.82,published(4999) USD | per_month / 32.5h (default: no hours published) | FX USD 1 USD @2026-09-03 | = 153.82 USD/h,32.5,default,low,false,disagree:7offers,REJECT,not_own_price,include,,,"From $4,999/mo",https://www.adriano-junior.com/pricing,https://www.adriano-junior.com/fractional-cto-cost-2026,2026-08-31
adriano-junior.com,Adriano Junior,CTO,US,Monthly,USD,per_month,3999,,published,3999,123.05,published(3999) USD | per_month / 32.5h (default: no hours published) | FX USD 1 USD @2026-09-03 | = 123.05 USD/h,32.5,default,low,false,disagree:7offers,REJECT,not_own_price,include,,,"$3,999/mo",https://www.adriano-junior.com/pricing,https://www.adriano-junior.com/fractional-cto-cost-2026,2026-08-31
agicent.com,Agicent,CTO,US,Monthly,USD,per_month,1900,,published,1900,58.46,published(1900) USD | per_month / 32.5h (default: no hours published) | FX USD 1 USD @2026-09-03 | = 58.46 USD/h,32.5,default,low,false,disagree:1offers,REJECT,not_own_price,include,,,starting at just $1900 monthly,https://www.agicent.com/services,https://www.agicent.com/,2026-08-31
axveer.com,Axveer LLC,CTO,US,Monthly,USD,per_month,700,,published,700,21.54,published(700) USD | per_month / 32.5h (default: no hours published) | FX USD 1 USD @2026-09-03 | = 21.54 USD/h,32.5,default,high,true,agree,PASS,,include,,,$700 USD/mo,https://axveer.com/small-business-growth,https://axveer.com/small-business-growth,2026-08-31
fractionalctoexperts.com,Fractional CTO Experts,CTO,US,Monthly,USD,per_month,1499,1499,published,1499,46.12,published(1499) USD | per_month / 32.5h (default: no hours published) | FX USD 1 USD @2026-09-03 | = 46.12 USD/h,32.5,default,high,true,agree,PASS,,include,,,"$1,499 / month",https://fractionalctoexperts.com/pricing,https://fractionalctoexperts.com/pricing,2026-09-01
fractionalctos.com.au,FractionalCTOs Australia,CTO,US,Monthly,USD,per_month,5000,15000,midpoint,10000,307.69,"midpoint(5000,15000)=10000 USD | per_month / 32.5h (default: no hours published) | FX USD 1 USD @2026-09-03 | = 307.69 USD/h",32.5,default,low,false,disagree:6offers,REJECT,not_own_price,include,AU,cctld,"Monthly retainer $5,000-$15,000+ /month",https://fractionalctos.com.au/fractional-cto-cost-australia/,https://fractionalctos.com.au/fractional-cto-cost-australia/,2026-09-01
fractionalctos.com.au,FractionalCTOs Australia,CTO,US,Monthly,USD,per_month,9000,18000,midpoint,13500,415.38,"midpoint(9000,18000)=13500 USD | per_month / 32.5h (default: no hours published) | FX USD 1 USD @2026-09-03 | = 415.38 USD/h",32.5,default,low,false,disagree:6offers,REJECT,not_own_price,include,AU,cctld,"Monthly (day-rate basis) $9,000-$18,000 /month",https://fractionalctos.com.au/fractional-cto-cost-australia/,https://fractionalctos.com.au/fractional-cto-cost-australia/,2026-09-01
fractionalctosolutions.com,Fractional CTO Solutions (Jeff Wray),CTO,US,Monthly,USD,per_month,1800,,published,1800,55.38,published(1800) USD | per_month / 32.5h (default: no hours published) | FX USD 1 USD @2026-09-03 | = 55.38 USD/h,32.5,default,high,true,agree,PASS,,include,,,"Starting at $1,800/month",https://fractionalctosolutions.com/,https://fractionalctosolutions.com/,2026-09-01
fractionalctosolutions.com,Fractional CTO Solutions (Jeff Wray),CTO,US,Monthly,USD,per_month,2800,,published,2800,86.15,published(2800) USD | per_month / 32.5h (default: no hours published) | FX USD 1 USD @2026-09-03 | = 86.15 USD/h,32.5,default,high,true,agree,PASS,,include,,,"Starting at $2,800/month",https://fractionalctosolutions.com/,https://fractionalctosolutions.com/,2026-09-01
fractionalctosolutions.com,Fractional CTO Solutions (Jeff Wray),CTO,US,Monthly,USD,per_month,5000,,published,5000,153.85,published(5000) USD | per_month / 32.5h (default: no hours published) | FX USD 1 USD @2026-09-03 | = 153.85 USD/h,32.5,default,high,true,agree,PASS,,include,,,"Starting at $5,000/month",https://fractionalctosolutions.com/,https://fractionalctosolutions.com/,2026-09-01
fractionalctosolutions.com,Fractional CTO Solutions (Jeff Wray),CTO,US,Monthly,USD,per_month,9500,,published,9500,292.31,published(9500) USD | per_month / 32.5h (default: no hours published) | FX USD 1 USD @2026-09-03 | = 292.31 USD/h,32.5,default,high,true,agree,PASS,,include,,,"Starting at $9,500/month",https://fractionalctosolutions.com/,https://fractionalctosolutions.com/,2026-09-01
hypernestlabs.com,HyperNest Labs,CTO,US,Monthly,USD,per_month,3000,8000,midpoint,5500,169.23,"midpoint(3000,8000)=5500 USD | per_month / 32.5h (declared: declared:hours_per_week 5-10 midpoint 7.5) | FX USD 1 USD @2026-09-03 | = 169.23 USD/h",32.5,declared,medium,true,single,REJECT,not_own_price,include,,,Strategic Advisory $3K-$8K /month 5-10 hrs/week Best for: Pre-seed founders with technical co-founder,https://hypernestlabs.com/pricing,https://hypernestlabs.com/insights/cost-of-fractional-cto,2026-09-01
hypernestlabs.com,HyperNest Labs,CTO,US,Monthly,USD,per_month,8000,15000,midpoint,11500,151.65,"midpoint(8000,15000)=11500 USD | per_month / 75.83h (declared: declared:hours_per_week 15-20 midpoint 17.5) | FX USD 1 USD @2026-09-03 | = 151.65 USD/h",75.83,declared,medium,true,single,REJECT,not_own_price,include,,,Embedded CTO $8K-$15K /month 15-20 hrs/week Best for: Seed to pre-Series A startups,https://hypernestlabs.com/pricing,https://hypernestlabs.com/insights/cost-of-fractional-cto,2026-09-01
justinmckelvey.com,Justin McKelvey,CTO,US,Monthly,USD,per_month,5000,15000,midpoint,10000,307.69,"midpoint(5000,15000)=10000 USD | per_month / 32.5h (default: no hours published) | FX USD 1 USD @2026-09-03 | = 307.69 USD/h",32.5,default,medium,true,single,REJECT,not_own_price,include,,,"Fractional CTO work ($5K-$15K/mo) exists, but I only take it on with clients I've already",https://justinmckelvey.com/work-with-me,https://justinmckelvey.com/,2026-09-01
kompella.io,Kompella Technologies,CTO,US,Monthly,USD,per_month,15000,,published,15000,461.54,published(15000) USD | per_month / 32.5h (default: no hours published) | FX USD 1 USD @2026-09-03 | = 461.54 USD/h,32.5,default,low,false,disagree:8offers,REJECT,not_own_price,include,,,"$15,000 / month",https://kompella.io/services/fractional-cto,https://kompella.io/thinking/fractional-cto-pricing-2026,2026-09-01
kompella.io,Kompella Technologies,CTO,US,Monthly,USD,per_month,25000,,published,25000,769.23,published(25000) USD | per_month / 32.5h (default: no hours published) | FX USD 1 USD @2026-09-03 | = 769.23 USD/h,32.5,default,low,false,disagree:8offers,REJECT,not_own_price,include,,,"$25,000 / month",https://kompella.io/services/fractional-cto,https://kompella.io/thinking/fractional-cto-pricing-2026,2026-09-01
kompella.io,Kompella Technologies,CTO,US,Monthly,USD,per_month,8000,,published,8000,246.15,published(8000) USD | per_month / 32.5h (default: no hours published) | FX USD 1 USD @2026-09-03 | = 246.15 USD/h,32.5,default,low,false,disagree:8offers,REJECT,not_own_price,include,,,"$8K || $8,000-$25,000/month",https://kompella.io/thinking/fractional-cto-pricing-2026,https://kompella.io/thinking/fractional-cto-pricing-2026,2026-09-01
kompella.io,Kompella Technologies,CTO,US,Monthly,USD,per_month,14000,,published,14000,430.77,published(14000) USD | per_month / 32.5h (default: no hours published) | FX USD 1 USD @2026-09-03 | = 430.77 USD/h,32.5,default,medium,true,single,REJECT,not_own_price,include,,,"Fractional $14,000 / month 2 days/week",https://kompella.io/services/fractional-cpo,https://kompella.io/thinking/fractional-cto-pricing-2026,2026-09-01
kompella.io,Kompella Technologies,CTO,US,Monthly,USD,per_month,20000,,published,20000,615.38,published(20000) USD | per_month / 32.5h (default: no hours published) | FX USD 1 USD @2026-09-03 | = 615.38 USD/h,32.5,default,medium,true,single,REJECT,not_own_price,include,,,"Embedded $20,000 / month 3+ days/week",https://kompella.io/services/fractional-cpo,https://kompella.io/thinking/fractional-cto-pricing-2026,2026-09-01
pocketctopartners.com,Pocket CTO Partners,CTO,US,Monthly,USD,per_month,7500,,published,7500,230.77,published(7500) USD | per_month / 32.5h (default: no hours published) | FX USD 1 USD @2026-09-03 | = 230.77 USD/h,32.5,default,low,false,disagree:1offers,REJECT,not_own_price,include,,,"$7,500 / month",https://www.pocketctopartners.com/,https://www.pocketctopartners.com/,2026-09-01
rewired.co,Rewired Consulting,CTO,US,Monthly,USD,per_month,10000,,published,10000,307.69,published(10000) USD | per_month / 32.5h (default: no hours published) | FX USD 1 USD @2026-09-03 | = 307.69 USD/h,32.5,default,low,false,disagree:2offers,REJECT,not_own_price,include,,,from $10K/mo,https://www.rewired.co/pricing,https://www.rewired.co/pricing,2026-09-01
rewired.co,Rewired Consulting,CTO,US,Monthly,USD,per_month,15000,,published,15000,461.54,published(15000) USD | per_month / 32.5h (default: no hours published) | FX USD 1 USD @2026-09-03 | = 461.54 USD/h,32.5,default,medium,true,single,REJECT,not_own_price,include,,,CTO Partner (published ceiling ~$15K/mo on leadership SKUs).,https://www.rewired.co/pricing,https://www.rewired.co/pricing,2026-09-01
techalchemyconsulting.com,Tech Alchemy Consulting,CTO,US,Monthly,USD,per_month,5000,25000,midpoint,15000,461.54,"midpoint(5000,25000)=15000 USD | per_month / 32.5h (default: no hours published) | FX USD 1 USD @2026-09-03 | = 461.54 USD/h",32.5,default,high,true,agree,PASS,,include,,,"$5,000 to $25,000 per month",https://www.techalchemyconsulting.com/,https://www.techalchemyconsulting.com/,2026-09-01
thenotus.com,The Notus,CTO,US,Monthly,USD,per_month,1200,2900,midpoint,2050,63.08,"midpoint(1200,2900)=2050 USD | per_month / 32.5h (default: no hours published) | FX USD 1 USD @2026-09-03 | = 63.08 USD/h",32.5,default,low,false,disagree:8offers,REJECT,not_own_price,include,,,"From $1,200 / mo build from $2,900",https://thenotus.com/services/,https://thenotus.com/,2026-09-01
trailmarktech.com,TrailMark Technology Partners,CTO,US,Monthly,USD,per_month,2500,,published,2500,416.67,published(2500) USD | per_month / 6h (declared: declared:hours_per_month 4-8 midpoint 6) | FX USD 1 USD @2026-09-03 | = 416.67 USD/h,6,declared,low,false,disagree:1offers,REJECT,not_own_price,include,,,"Advisory Retainer Senior counsel, without the operating footprint. Starting at $2,500/month",https://trailmarktech.com/services,https://trailmarktech.com/fractional-cto-cost,2026-09-01
trailmarktech.com,TrailMark Technology Partners,CTO,US,Monthly,USD,per_month,6500,,published,6500,361.11,published(6500) USD | per_month / 18h (declared: declared:hours_per_month 12-24 midpoint 18) | FX USD 1 USD @2026-09-03 | = 361.11 USD/h,18,declared,low,false,disagree:1offers,REJECT,not_own_price,include,,,"Embedded Partner Close-in leadership to move an initiative forward. Starting at $6,500/month",https://trailmarktech.com/services,https://trailmarktech.com/fractional-cto-cost,2026-09-01
trailmarktech.com,TrailMark Technology Partners,CTO,US,Monthly,USD,per_month,9500,,published,9500,475.00,published(9500) USD | per_month / 20h (declared: declared:hours_per_month 20+ (read at floor)) | FX USD 1 USD @2026-09-03 | = 475.00 USD/h,20,declared,low,false,disagree:1offers,REJECT,not_own_price,include,,,"Executive-level ownership of technology and team. Starting at $9,500/month",https://trailmarktech.com/services,https://trailmarktech.com/fractional-cto-cost,2026-09-01
tucksoftwaregroup.com,Tuck Software Group,CTO,US,Monthly,USD,per_month,5000,,published,5000,142.86,published(5000) USD | per_month / 35h (declared: declared:hours_per_month 35) | FX USD 1 USD @2026-09-03 | = 142.86 USD/h,35,declared,high,true,agree,PASS,,include,,,$ 5K /month,https://www.tucksoftwaregroup.com/tsg-pricing,https://www.tucksoftwaregroup.com/tsg-pricing,2026-09-01
tucksoftwaregroup.com,Tuck Software Group,CTO,US,Monthly,USD,per_month,10000,,published,10000,181.82,published(10000) USD | per_month / 55h (declared: declared:hours_per_month 55) | FX USD 1 USD @2026-09-03 | = 181.82 USD/h,55,declared,high,true,agree,PASS,,include,,,$ 10K /month,https://www.tucksoftwaregroup.com/tsg-pricing,https://www.tucksoftwaregroup.com/tsg-pricing,2026-09-01
tucksoftwaregroup.com,Tuck Software Group,CTO,US,Monthly,USD,per_month,20000,,published,20000,333.33,published(20000) USD | per_month / 60h (declared: declared:hours_per_month 60+ (read at floor)) | FX USD 1 USD @2026-09-03 | = 333.33 USD/h,60,declared,high,true,agree,PASS,,include,,,$ 20K /month,https://www.tucksoftwaregroup.com/tsg-pricing,https://www.tucksoftwaregroup.com/tsg-pricing,2026-09-01
trinityhawk.com,Trinity Hawk,multi,UK,Monthly,GBP,per_month,2000,2000,published,2000,83.06,published(2000) GBP | per_month / 32.5h (default: no hours published) | FX GBP 1.349718203474522107954215327 USD @2026-09-03 | = 83.06 USD/h,32.5,default,high,true,agree,PASS,,include,,,"£2,000 per month, three month minimum",https://www.trinityhawk.com/pricing,https://www.trinityhawk.com/pricing,2026-09-01
trinityhawk.com,Trinity Hawk,multi,US,Day,USD,per_day,3000,3750,midpoint,3375,421.88,"midpoint(3000,3750)=3375 USD | per_day / 8h (declared 8-hour day) | FX USD 1 USD @2026-09-03 | = 421.88 USD/h",,,medium,true,single,REJECT,not_own_price,include,,,"Executive Deal Desk $3,000 to $3,750 per day Senior review and strategy on the deals that matter.",https://www.trinityhawk.com/pricing,https://www.trinityhawk.com/pricing,2026-09-01
azoraops.com,Azora Ops Consulting,multi,US,Monthly,USD,per_month,5000,,published,5000,153.85,published(5000) USD | per_month / 32.5h (default: no hours published) | FX USD 1 USD @2026-09-03 | = 153.85 USD/h,32.5,default,high,true,agree,PASS,,include,,,Starts at $5000/month,https://www.azoraops.com/services,https://www.azoraops.com/,2026-08-31
epfsllc.com,Egort & Partners,multi,US,Monthly,USD,per_month,2499,,published,2499,76.89,published(2499) USD | per_month / 32.5h (default: no hours published) | FX USD 1 USD @2026-09-03 | = 76.89 USD/h,32.5,default,high,true,agree,PASS,,include,,,"$2,499 USD /month",https://www.epfsllc.com/pricing,https://www.epfsllc.com/pricing,2026-08-31
epfsllc.com,Egort & Partners,multi,US,Monthly,USD,per_month,7499,,published,7499,230.74,published(7499) USD | per_month / 32.5h (default: no hours published) | FX USD 1 USD @2026-09-03 | = 230.74 USD/h,32.5,default,high,true,agree,PASS,,include,,,"$7,499 USD /month",https://www.epfsllc.com/pricing,https://www.epfsllc.com/pricing,2026-08-31
epfsllc.com,Egort & Partners,multi,US,Monthly,USD,per_month,14999,,published,14999,461.51,published(14999) USD | per_month / 32.5h (default: no hours published) | FX USD 1 USD @2026-09-03 | = 461.51 USD/h,32.5,default,high,true,agree,PASS,,include,,,"$14,999 USD /month",https://www.epfsllc.com/pricing,https://www.epfsllc.com/pricing,2026-08-31
lucrumconsulting.com,Lucrum Consulting,multi,US,Monthly,USD,per_month,899,,published,899,27.66,published(899) USD | per_month / 32.5h (default_after_rejected_reading: declared hours rejected: same SLA column as offer 3) | FX USD 1 USD @2026-09-03 | = 27.66 USD/h,32.5,default_after_rejected_reading,medium,true,single,REJECT,not_own_price,include,,,$ 899 / Month * Lead Confidently 2 Support Calls / Month Biannual Basic Basic 24 Hours 1,https://lucrumconsulting.com/fractional-cfo-pricing/,https://lucrumconsulting.com/fractional-cfo-pricing/,2026-09-01
lucrumconsulting.com,Lucrum Consulting,multi,US,Monthly,USD,per_month,1599,,published,1599,49.20,published(1599) USD | per_month / 32.5h (default_after_rejected_reading: declared hours rejected: same SLA column as offer 3) | FX USD 1 USD @2026-09-03 | = 49.20 USD/h,32.5,default_after_rejected_reading,medium,true,single,REJECT,not_own_price,include,,,"$ 1,599 / Month * Lead Proactively 10 Support Calls / Month Quarterly Advanced Basic Advanced 8 Hours 3",https://lucrumconsulting.com/fractional-cfo-pricing/,https://lucrumconsulting.com/fractional-cfo-pricing/,2026-09-01
lucrumconsulting.com,Lucrum Consulting,multi,US,Monthly,USD,per_month,3400,,published,3400,104.62,"published(3400) USD | per_month / 32.5h (default_after_rejected_reading: declared hours rejected: comparison-table cell. Price rises as the number falls across the three plans ($899/24h, $1,599/8h, $3,400/4h): this is a support response-time SLA) | FX USD 1 USD @2026-09-03 | = 104.62 USD/h",32.5,default_after_rejected_reading,medium,true,single,REJECT,not_own_price,include,,,"Starting at $ 3,400 / Month * Lead Strategically Unlimited Monthly Comprehensive Comprehensive Comprehensive 4 Hours Unlimited",https://lucrumconsulting.com/fractional-cfo-pricing/,https://lucrumconsulting.com/fractional-cfo-pricing/,2026-09-01
trinityhawk.com,Trinity Hawk,multi,US,Monthly,USD,per_month,3500,3500,published,3500,107.69,published(3500) USD | per_month / 32.5h (default: no hours published) | FX USD 1 USD @2026-09-03 | = 107.69 USD/h,32.5,default,medium,true,single,REJECT,not_own_price,include,,,"Sales Coaching, Advisory and Enablement $3,500 per month, three month minimum We are not trainers. This is advisory and coaching for the people already doing the selling, built around your live deals rather than an off-the-shelf curriculum.",https://www.trinityhawk.com/pricing,https://www.trinityhawk.com/pricing,2026-09-01
